-- MySQL dump 10.13  Distrib 5.6.24, for osx10.8 (x86_64)
--
-- Host: localhost    Database: deutsch
-- ------------------------------------------------------
-- Server version	5.6.24

/*!40101 SET @OLD_CHARACTER_SET_CLIENT=@@CHARACTER_SET_CLIENT */;
/*!40101 SET @OLD_CHARACTER_SET_RESULTS=@@CHARACTER_SET_RESULTS */;
/*!40101 SET @OLD_COLLATION_CONNECTION=@@COLLATION_CONNECTION */;
/*!40101 SET NAMES utf8 */;
/*!40103 SET @OLD_TIME_ZONE=@@TIME_ZONE */;
/*!40103 SET TIME_ZONE='+00:00' */;
/*!40014 SET @OLD_UNIQUE_CHECKS=@@UNIQUE_CHECKS, UNIQUE_CHECKS=0 */;
/*!40014 SET @OLD_FOREIGN_KEY_CHECKS=@@FOREIGN_KEY_CHECKS, FOREIGN_KEY_CHECKS=0 */;
/*!40101 SET @OLD_SQL_MODE=@@SQL_MODE, SQL_MODE='NO_AUTO_VALUE_ON_ZERO' */;
/*!40111 SET @OLD_SQL_NOTES=@@SQL_NOTES, SQL_NOTES=0 */;

--
-- Table structure for table `attribute`
--

DROP TABLE IF EXISTS `attribute`;
/*!40101 SET @saved_cs_client     = @@character_set_client */;
/*!40101 SET character_set_client = utf8 */;
CREATE TABLE `attribute` (
  `id` int(11) NOT NULL AUTO_INCREMENT,
  `attrkey` varchar(64) DEFAULT NULL,
  PRIMARY KEY (`id`),
  UNIQUE KEY `name` (`attrkey`)
) ENGINE=InnoDB AUTO_INCREMENT=18 DEFAULT CHARSET=utf8;
/*!40101 SET character_set_client = @saved_cs_client */;

--
-- Dumping data for table `attribute`
--

LOCK TABLES `attribute` WRITE;
/*!40000 ALTER TABLE `attribute` DISABLE KEYS */;
INSERT INTO `attribute` VALUES (15,'accusative'),(1,'article'),(12,'dative'),(5,'definition'),(9,'first_person_plural'),(6,'first_person_singular'),(13,'genitive'),(14,'nominative'),(17,'past_participle'),(3,'plural'),(10,'second_person_plural'),(7,'second_person_singular'),(16,'third_person_past'),(11,'third_person_plural'),(8,'third_person_singular');
/*!40000 ALTER TABLE `attribute` ENABLE KEYS */;
UNLOCK TABLES;

--
-- Table structure for table `pos`
--

DROP TABLE IF EXISTS `pos`;
/*!40101 SET @saved_cs_client     = @@character_set_client */;
/*!40101 SET character_set_client = utf8 */;
CREATE TABLE `pos` (
  `id` int(11) NOT NULL AUTO_INCREMENT,
  `name` varchar(255) NOT NULL,
  PRIMARY KEY (`id`),
  UNIQUE KEY `name` (`name`)
) ENGINE=InnoDB AUTO_INCREMENT=7 DEFAULT CHARSET=utf8;
/*!40101 SET character_set_client = @saved_cs_client */;

--
-- Dumping data for table `pos`
--

LOCK TABLES `pos` WRITE;
/*!40000 ALTER TABLE `pos` DISABLE KEYS */;
INSERT INTO `pos` VALUES (3,'Adjective'),(4,'Adverb'),(5,'Conjunction'),(1,'Noun'),(6,'other'),(2,'Verb');
/*!40000 ALTER TABLE `pos` ENABLE KEYS */;
UNLOCK TABLES;

--
-- Table structure for table `pos_form`
--

DROP TABLE IF EXISTS `pos_form`;
/*!40101 SET @saved_cs_client     = @@character_set_client */;
/*!40101 SET character_set_client = utf8 */;
CREATE TABLE `pos_form` (
  `pos_id` int(11) NOT NULL,
  `attribute_id` int(11) NOT NULL,
  KEY `attribute_id` (`attribute_id`),
  KEY `pos_id` (`pos_id`),
  CONSTRAINT `pos_form_ibfk_1` FOREIGN KEY (`attribute_id`) REFERENCES `attribute` (`id`) ON DELETE CASCADE,
  CONSTRAINT `pos_form_ibfk_2` FOREIGN KEY (`pos_id`) REFERENCES `pos` (`id`) ON DELETE CASCADE
) ENGINE=InnoDB DEFAULT CHARSET=utf8 COMMENT='Associates attributes with parts of speech';
/*!40101 SET character_set_client = @saved_cs_client */;

--
-- Dumping data for table `pos_form`
--

LOCK TABLES `pos_form` WRITE;
/*!40000 ALTER TABLE `pos_form` DISABLE KEYS */;
INSERT INTO `pos_form` VALUES (1,1),(1,5),(2,6),(2,7),(2,8),(2,9),(2,10),(2,11),(2,5),(1,3),(3,5),(4,5),(2,16),(2,17);
/*!40000 ALTER TABLE `pos_form` ENABLE KEYS */;
UNLOCK TABLES;

--
-- Table structure for table `quiz`
--

DROP TABLE IF EXISTS `quiz`;
/*!40101 SET @saved_cs_client     = @@character_set_client */;
/*!40101 SET character_set_client = utf8 */;
CREATE TABLE `quiz` (
  `id` int(11) NOT NULL AUTO_INCREMENT,
  `name` varchar(64) NOT NULL,
  `quizkey` varchar(64) NOT NULL,
  PRIMARY KEY (`id`),
  UNIQUE KEY `quizkey` (`quizkey`)
) ENGINE=InnoDB AUTO_INCREMENT=6 DEFAULT CHARSET=utf8;
/*!40101 SET character_set_client = @saved_cs_client */;

--
-- Dumping data for table `quiz`
--

LOCK TABLES `quiz` WRITE;
/*!40000 ALTER TABLE `quiz` DISABLE KEYS */;
INSERT INTO `quiz` VALUES (1,'Genders of Nouns','genders'),(2,'Definitions of Words','definitions'),(3,'Plurals of Nouns','plurals'),(4,'Verb Conjugations, present tense','present_indicative'),(5,'Past Tense, 3rd person singular','third_person_past');
/*!40000 ALTER TABLE `quiz` ENABLE KEYS */;
UNLOCK TABLES;

--
-- Table structure for table `quiz_score`
--

DROP TABLE IF EXISTS `quiz_score`;
/*!40101 SET @saved_cs_client     = @@character_set_client */;
/*!40101 SET character_set_client = utf8 */;
CREATE TABLE `quiz_score` (
  `quiz_id` int(11) NOT NULL,
  `word_id` int(11) NOT NULL,
  `attribute_id` int(11) NOT NULL,
  `presentation_count` int(11) NOT NULL DEFAULT '0',
  `correct_count` int(11) NOT NULL DEFAULT '0',
  `last_presentation` timestamp NOT NULL DEFAULT CURRENT_TIMESTAMP ON UPDATE CURRENT_TIMESTAMP,
  PRIMARY KEY (`quiz_id`,`word_id`,`attribute_id`),
  KEY `attribute_id` (`attribute_id`),
  KEY `word_id` (`word_id`),
  CONSTRAINT `quiz_score_ibfk_1` FOREIGN KEY (`quiz_id`) REFERENCES `quiz` (`id`) ON DELETE CASCADE,
  CONSTRAINT `quiz_score_ibfk_2` FOREIGN KEY (`attribute_id`) REFERENCES `attribute` (`id`) ON DELETE CASCADE,
  CONSTRAINT `quiz_score_ibfk_3` FOREIGN KEY (`word_id`) REFERENCES `word` (`id`) ON DELETE CASCADE
) ENGINE=InnoDB DEFAULT CHARSET=utf8;
/*!40101 SET character_set_client = @saved_cs_client */;

--
-- Dumping data for table `quiz_score`
--

LOCK TABLES `quiz_score` WRITE;
/*!40000 ALTER TABLE `quiz_score` DISABLE KEYS */;
INSERT INTO `quiz_score` VALUES (1,15,1,5,5,'2015-02-25 00:12:13'),(1,16,1,5,5,'2015-04-14 05:27:29'),(1,17,1,5,2,'2015-02-25 00:11:44'),(1,18,1,60,59,'2015-01-06 01:33:47'),(1,19,1,5,4,'2015-02-25 00:14:04'),(1,20,1,5,5,'2015-04-14 05:26:42'),(1,21,1,60,58,'2015-01-06 01:33:47'),(1,22,1,6,6,'2015-04-14 05:26:58'),(1,23,1,5,3,'2015-02-25 00:11:19'),(1,24,1,5,5,'2015-02-25 00:12:46'),(1,32,1,60,58,'2015-01-06 01:33:47'),(1,33,1,5,5,'2015-04-14 05:26:50'),(1,34,1,5,3,'2015-02-25 00:11:47'),(1,35,1,26,25,'2015-04-14 05:28:36'),(1,43,1,6,6,'2015-04-14 05:28:41'),(1,44,1,5,4,'2015-02-25 00:11:40'),(1,45,1,5,3,'2015-02-25 00:13:41'),(1,46,1,5,5,'2015-02-25 00:13:39'),(1,47,1,5,5,'2015-02-25 00:13:19'),(1,49,1,60,58,'2015-01-06 01:33:47'),(1,53,1,5,5,'2015-02-25 00:12:27'),(1,54,1,5,5,'2015-02-25 00:12:29'),(1,55,1,5,2,'2015-02-25 00:11:53'),(1,65,1,5,5,'2015-04-14 05:26:47'),(1,70,1,5,4,'2015-02-25 00:12:12'),(1,71,1,5,5,'2015-02-25 00:14:25'),(1,73,1,5,3,'2015-02-25 00:11:58'),(1,79,1,60,58,'2015-01-06 01:33:47'),(1,80,1,5,5,'2015-02-25 00:13:23'),(1,82,1,5,5,'2015-02-25 00:13:15'),(1,83,1,5,5,'2015-02-25 00:13:24'),(1,84,1,4,2,'2015-01-06 01:35:29'),(1,86,1,3,3,'2015-01-06 01:19:30'),(1,87,1,3,3,'2015-01-06 01:18:39'),(1,88,1,5,5,'2015-02-25 00:12:17'),(1,91,1,5,4,'2015-02-25 00:11:35'),(1,109,1,4,4,'2015-01-06 01:39:25'),(1,110,1,4,0,'2015-01-06 01:22:52'),(1,112,1,4,2,'2015-01-06 01:25:09'),(1,115,1,4,0,'2015-01-06 01:22:39'),(1,123,1,4,2,'2015-01-06 01:23:02'),(1,131,1,4,1,'2015-01-06 01:24:31'),(1,132,1,3,3,'2015-01-06 01:19:55'),(1,133,1,3,3,'2015-01-06 01:19:04'),(1,134,1,3,3,'2015-01-06 01:18:15'),(1,135,1,4,2,'2015-01-06 01:23:04'),(1,136,1,3,3,'2015-01-06 01:16:40'),(1,137,1,4,4,'2015-01-06 01:37:38'),(1,139,1,4,3,'2015-01-06 01:35:33'),(1,140,1,4,1,'2015-01-06 01:24:29'),(1,141,1,3,3,'2015-01-06 01:19:12'),(1,142,1,4,3,'2015-01-06 01:34:31'),(1,143,1,3,3,'2015-01-06 01:17:26'),(1,144,1,4,3,'2015-01-06 01:34:24'),(1,145,1,4,4,'2015-01-06 01:39:18'),(1,146,1,4,4,'2015-01-06 01:39:07'),(1,147,1,4,4,'2015-01-06 01:38:19'),(1,148,1,4,4,'2015-01-06 01:38:07'),(1,151,1,4,2,'2015-01-06 01:35:40'),(1,152,1,3,3,'2015-01-06 01:21:23'),(1,153,1,3,3,'2015-01-06 01:19:39'),(1,158,1,4,3,'2015-01-06 01:34:40'),(1,163,1,3,3,'2015-01-06 01:18:01'),(1,164,1,4,3,'2015-01-06 01:34:20'),(1,166,1,4,4,'2015-01-06 01:39:28'),(1,168,1,4,4,'2015-01-06 01:39:14'),(1,169,1,4,4,'2015-01-06 01:38:27'),(1,170,1,4,4,'2015-01-06 01:38:14'),(1,180,1,4,4,'2015-01-06 01:38:04'),(1,181,1,3,3,'2015-01-06 01:21:54'),(1,182,1,4,2,'2015-01-06 01:35:08'),(1,183,1,3,3,'2015-01-06 01:19:35'),(1,184,1,4,2,'2015-01-06 01:24:54'),(1,185,1,3,3,'2015-01-06 01:17:48'),(1,186,1,3,3,'2015-01-06 01:16:57'),(1,187,1,4,3,'2015-01-06 01:39:23'),(1,188,1,4,2,'2015-01-06 01:34:14'),(1,189,1,4,4,'2015-01-06 01:38:22'),(1,190,1,4,4,'2015-01-06 01:38:09'),(1,191,1,4,4,'2015-01-06 01:37:56'),(1,192,1,3,3,'2015-01-06 01:21:58'),(1,193,1,4,3,'2015-01-06 01:35:11'),(1,194,1,4,1,'2015-01-06 01:22:41'),(1,195,1,3,3,'2015-01-06 01:18:26'),(1,196,1,3,3,'2015-01-06 01:17:24'),(1,197,1,4,4,'2015-04-14 05:33:40'),(1,198,1,4,3,'2015-01-06 01:24:42'),(1,199,1,4,2,'2015-01-06 01:35:24'),(1,200,1,4,1,'2015-01-06 01:24:20'),(1,201,1,4,3,'2015-01-06 01:35:03'),(1,202,1,4,3,'2015-01-06 01:34:29'),(1,203,1,4,2,'2015-01-06 01:34:22'),(1,204,1,3,3,'2015-01-06 01:16:45'),(1,205,1,4,4,'2015-01-06 01:39:16'),(1,206,1,4,4,'2015-01-06 01:38:30'),(1,207,1,4,4,'2015-01-06 01:38:15'),(1,208,1,4,4,'2015-01-06 01:38:17'),(1,209,1,3,3,'2015-01-06 01:22:32'),(1,210,1,3,3,'2015-01-06 01:21:21'),(1,211,1,3,3,'2015-01-06 01:19:42'),(1,212,1,3,3,'2015-01-06 01:19:02'),(1,213,1,3,3,'2015-01-06 01:17:58'),(1,214,1,4,2,'2015-01-06 01:34:18'),(1,215,1,4,3,'2015-04-14 05:30:30'),(1,216,1,4,4,'2015-01-06 01:39:11'),(1,217,1,4,4,'2015-01-06 01:38:31'),(1,218,1,4,4,'2015-01-06 01:38:12'),(1,220,1,4,4,'2015-01-06 01:38:03'),(1,223,1,4,3,'2015-01-06 01:35:36'),(1,224,1,3,3,'2015-01-06 01:21:29'),(1,226,1,3,3,'2015-01-06 01:19:18'),(1,227,1,3,3,'2015-01-06 01:18:30'),(1,228,1,3,3,'2015-01-06 01:17:54'),(1,229,1,3,3,'2015-01-06 01:17:15'),(1,230,1,4,3,'2015-01-06 01:34:12'),(1,231,1,4,2,'2015-01-06 01:34:02'),(1,232,1,4,2,'2015-01-06 01:33:59'),(1,233,1,4,2,'2015-01-06 01:25:00'),(1,234,1,4,3,'2015-01-06 01:37:53'),(1,235,1,3,3,'2015-01-06 01:21:38'),(1,236,1,4,2,'2015-01-06 01:23:24'),(1,237,1,3,3,'2015-01-06 01:19:14'),(1,239,1,3,3,'2015-01-06 01:18:20'),(1,240,1,4,2,'2015-01-06 01:34:26'),(1,241,1,3,3,'2015-01-06 01:16:47'),(1,242,1,4,4,'2015-01-06 01:37:58'),(1,243,1,3,3,'2015-01-06 01:21:27'),(1,244,1,3,3,'2015-01-06 01:19:44'),(1,245,1,3,3,'2015-01-06 01:18:57'),(1,246,1,4,3,'2015-01-06 01:34:35'),(1,247,1,3,3,'2015-01-06 01:17:17'),(1,248,1,3,3,'2015-01-06 01:16:42'),(1,249,1,4,4,'2015-01-06 01:39:21'),(1,250,1,4,3,'2015-01-06 01:33:55'),(1,251,1,4,3,'2015-01-06 01:24:58'),(1,252,1,4,4,'2015-01-06 01:38:05'),(1,253,1,3,3,'2015-01-06 01:21:56'),(1,254,1,3,3,'2015-01-06 01:21:09'),(1,260,1,4,3,'2015-01-06 01:35:06'),(1,262,1,4,1,'2015-01-06 01:23:14'),(1,263,1,3,3,'2015-01-06 01:18:02'),(1,266,1,3,3,'2015-01-06 01:17:04'),(1,267,1,4,4,'2015-01-06 01:39:26'),(1,268,1,4,4,'2015-01-06 01:39:13'),(1,269,1,4,4,'2015-01-06 01:38:26'),(1,272,1,4,4,'2015-01-06 01:38:11'),(1,274,1,4,3,'2015-01-06 01:38:00'),(1,275,1,4,2,'2015-01-06 01:35:42'),(1,276,1,3,3,'2015-01-06 01:19:50'),(1,277,1,3,3,'2015-01-06 01:19:22'),(1,278,1,3,3,'2015-01-06 01:18:36'),(1,279,1,3,3,'2015-01-06 01:17:27'),(1,285,1,3,3,'2015-01-06 01:16:53'),(1,286,1,4,3,'2015-01-06 01:34:06'),(1,289,1,4,3,'2015-01-06 01:34:05'),(1,292,1,4,4,'2015-01-06 01:38:21'),(1,293,1,4,1,'2015-01-06 01:22:57'),(1,294,1,4,4,'2015-01-06 01:37:55'),(1,296,1,4,3,'2015-01-06 01:35:17'),(1,300,1,4,3,'2015-01-06 01:35:04'),(1,301,1,3,3,'2015-01-06 01:19:01'),(1,302,1,3,3,'2015-01-06 01:18:11'),(1,305,1,3,3,'2015-01-06 01:17:10'),(1,306,1,4,4,'2015-04-14 05:28:47'),(1,307,1,4,4,'2015-01-06 01:37:40'),(1,312,1,1,1,'2015-04-14 05:30:46'),(1,321,1,2,1,'2015-02-25 00:14:18'),(1,337,1,2,2,'2015-04-14 05:32:00'),(1,356,1,2,2,'2015-04-14 05:31:58'),(1,357,1,2,2,'2015-02-25 00:12:47'),(1,360,1,1,1,'2015-04-14 05:31:52'),(1,388,1,2,2,'2015-02-25 00:12:54'),(1,399,1,2,2,'2015-02-25 00:13:56'),(1,452,1,2,1,'2015-04-14 05:27:39'),(1,454,1,2,2,'2015-02-25 00:12:39'),(1,462,1,2,2,'2015-02-25 00:13:35'),(1,467,1,3,3,'2015-02-25 00:12:30'),(1,484,1,3,3,'2015-02-25 00:12:09'),(1,494,1,1,1,'2015-02-25 00:13:49'),(1,495,1,3,3,'2015-02-25 00:12:08'),(1,498,1,3,3,'2015-02-25 00:12:49'),(1,501,1,2,2,'2015-02-25 00:14:10'),(1,503,1,3,3,'2015-02-25 00:12:03'),(1,533,1,2,2,'2015-04-14 05:33:39'),(1,541,1,2,2,'2015-02-25 00:13:58'),(1,542,1,2,2,'2015-02-25 00:14:28'),(1,547,1,2,1,'2015-04-14 05:27:46'),(1,551,1,2,2,'2015-04-14 05:28:56'),(1,567,1,2,2,'2015-02-25 00:14:06'),(1,568,1,2,2,'2015-04-14 05:32:12'),(1,577,1,2,2,'2015-02-25 00:14:08'),(1,578,1,2,1,'2015-02-25 00:13:09'),(1,587,1,2,0,'2015-04-14 05:31:49'),(1,605,1,2,1,'2015-04-14 05:32:09'),(1,612,1,2,2,'2015-02-25 00:13:37'),(1,614,1,2,1,'2015-02-25 00:13:44'),(1,619,1,2,2,'2015-02-25 00:13:55'),(1,625,1,3,2,'2015-02-25 00:12:01'),(1,629,1,2,2,'2015-02-25 00:13:25'),(1,658,1,1,1,'2015-04-14 05:34:01'),(1,697,1,2,1,'2015-04-14 05:30:43'),(1,748,1,2,1,'2015-04-14 05:33:58'),(1,784,1,2,1,'2015-04-14 05:32:03'),(2,14,5,3,3,'2015-04-20 11:35:08'),(2,15,5,4,4,'2015-04-14 16:07:49'),(2,16,5,4,4,'2015-02-19 15:32:04'),(2,17,5,4,1,'2015-04-22 06:56:37'),(2,18,5,4,3,'2015-02-19 15:30:51'),(2,19,5,3,3,'2015-03-05 18:39:16'),(2,20,5,4,4,'2015-04-22 06:56:44'),(2,21,5,4,4,'2015-03-26 23:36:41'),(2,22,5,4,4,'2015-03-25 06:14:39'),(2,23,5,4,4,'2015-03-25 06:14:48'),(2,24,5,3,3,'2015-03-26 23:27:46'),(2,25,5,3,3,'2015-03-26 23:36:34'),(2,26,5,4,4,'2015-04-14 16:04:57'),(2,27,5,4,1,'2015-03-26 23:50:37'),(2,28,5,3,3,'2015-03-26 23:49:52'),(2,29,5,3,3,'2015-02-07 20:55:58'),(2,30,5,3,3,'2015-04-20 01:02:53'),(2,31,5,3,3,'2015-04-20 01:11:36'),(2,32,5,4,4,'2015-03-26 23:29:20'),(2,33,5,4,4,'2015-04-22 06:57:26'),(2,34,5,4,4,'2015-04-22 06:39:57'),(2,35,5,3,3,'2015-04-20 11:26:50'),(2,36,5,4,4,'2015-04-21 05:35:27'),(2,37,5,5,2,'2015-04-20 11:34:57'),(2,38,5,4,4,'2015-04-21 05:37:27'),(2,40,5,4,4,'2015-04-21 05:55:19'),(2,41,5,5,3,'2015-04-20 01:30:10'),(2,42,5,3,3,'2015-03-26 23:33:42'),(2,43,5,4,4,'2015-02-19 15:26:08'),(2,44,5,4,4,'2015-04-14 05:35:32'),(2,45,5,4,1,'2015-04-22 06:55:21'),(2,46,5,4,1,'2015-04-21 05:36:16'),(2,47,5,4,1,'2015-04-21 05:59:21'),(2,49,5,4,4,'2015-03-25 06:13:57'),(2,52,5,3,3,'2015-02-12 12:44:21'),(2,53,5,4,4,'2015-02-19 15:31:46'),(2,54,5,4,1,'2015-04-20 11:36:54'),(2,55,5,4,4,'2015-04-20 01:11:23'),(2,56,5,3,1,'2015-02-12 13:01:17'),(2,57,5,3,3,'2015-04-20 00:51:53'),(2,58,5,3,3,'2015-04-20 01:04:42'),(2,59,5,4,4,'2015-04-14 16:08:29'),(2,60,5,4,1,'2015-03-26 23:52:04'),(2,61,5,3,3,'2015-03-05 18:29:15'),(2,62,5,5,2,'2015-04-20 11:37:05'),(2,63,5,3,2,'2015-04-20 00:55:35'),(2,64,5,4,1,'2015-02-19 15:32:41'),(2,65,5,4,0,'2015-04-20 11:36:17'),(2,66,5,3,1,'2015-03-26 23:33:03'),(2,67,5,4,2,'2015-03-26 23:51:57'),(2,68,5,4,1,'2015-04-14 05:48:30'),(2,69,5,4,1,'2015-04-20 11:37:37'),(2,70,5,4,1,'2015-04-21 06:04:18'),(2,71,5,4,1,'2015-04-21 05:37:24'),(2,73,5,4,4,'2015-04-22 06:11:30'),(2,74,5,4,1,'2015-03-05 18:29:28'),(2,75,5,4,1,'2015-04-14 16:08:52'),(2,76,5,4,1,'2015-02-12 12:44:00'),(2,79,5,4,4,'2015-04-21 05:56:01'),(2,80,5,4,4,'2015-04-22 06:55:10'),(2,81,5,4,0,'2015-04-20 11:33:34'),(2,82,5,4,1,'2015-03-05 18:09:13'),(2,83,5,4,4,'2015-04-14 16:10:52'),(2,84,5,5,0,'2015-04-20 01:13:08'),(2,85,5,4,1,'2015-04-20 11:39:19'),(2,86,5,5,1,'2015-04-22 06:57:05'),(2,87,5,4,0,'2015-04-20 11:37:01'),(2,88,5,4,1,'2015-04-14 05:48:47'),(2,89,5,4,1,'2015-02-12 12:45:11'),(2,90,5,4,1,'2015-04-20 01:11:33'),(2,91,5,4,3,'2015-04-21 05:35:00'),(2,92,5,4,1,'2015-03-05 18:23:08'),(2,93,5,3,1,'2015-04-20 01:05:05'),(2,94,5,5,1,'2015-04-20 01:30:42'),(2,95,5,4,4,'2015-04-14 16:11:52'),(2,96,5,3,1,'2015-03-05 18:38:55'),(2,97,5,4,0,'2015-04-20 11:32:58'),(2,98,5,4,3,'2015-04-20 11:26:58'),(2,100,5,4,4,'2015-03-05 18:28:05'),(2,109,5,4,4,'2015-03-05 18:28:26'),(2,110,5,3,3,'2015-02-12 12:44:47'),(2,111,5,4,4,'2015-04-20 01:10:24'),(2,112,5,4,4,'2015-02-19 15:23:57'),(2,113,5,4,2,'2015-04-20 00:51:41'),(2,114,5,4,0,'2015-04-20 11:31:34'),(2,115,5,4,4,'2015-04-14 16:04:47'),(2,116,5,4,4,'2015-02-19 15:32:22'),(2,117,5,4,4,'2015-04-20 01:10:08'),(2,118,5,3,1,'2015-02-12 12:41:02'),(2,119,5,4,2,'2015-04-20 11:35:01'),(2,120,5,3,1,'2015-04-14 05:50:37'),(2,121,5,4,2,'2015-04-21 05:54:31'),(2,122,5,3,1,'2015-04-14 05:51:11'),(2,123,5,4,4,'2015-03-05 18:09:57'),(2,124,5,4,4,'2015-04-22 06:40:11'),(2,125,5,2,2,'2015-02-10 06:42:17'),(2,126,5,4,1,'2015-04-21 05:37:18'),(2,127,5,4,4,'2015-03-26 23:33:06'),(2,128,5,4,4,'2015-03-26 23:29:25'),(2,129,5,4,3,'2015-03-05 18:26:00'),(2,130,5,4,4,'2015-02-19 15:31:30'),(2,131,5,3,3,'2015-04-20 11:26:05'),(2,132,5,3,3,'2015-04-20 01:30:46'),(2,133,5,3,3,'2015-03-05 18:39:37'),(2,134,5,3,3,'2015-04-20 01:15:46'),(2,135,5,4,4,'2015-02-19 15:30:39'),(2,136,5,4,4,'2015-03-26 23:29:38'),(2,137,5,4,4,'2015-04-21 05:58:40'),(2,138,5,3,2,'2015-03-05 18:39:11'),(2,139,5,3,3,'2015-02-19 15:26:35'),(2,140,5,4,4,'2015-03-26 23:28:04'),(2,141,5,4,4,'2015-03-26 23:55:50'),(2,142,5,3,1,'2015-02-19 15:32:01'),(2,143,5,3,2,'2015-04-20 00:55:57'),(2,144,5,4,4,'2015-03-26 23:54:00'),(2,145,5,4,1,'2015-02-19 15:33:00'),(2,146,5,4,2,'2015-03-05 18:09:04'),(2,147,5,4,4,'2015-04-20 11:26:24'),(2,148,5,3,1,'2015-02-19 15:31:52'),(2,149,5,4,4,'2015-03-25 06:15:39'),(2,150,5,4,4,'2015-04-14 05:57:14'),(2,151,5,4,0,'2015-02-19 15:25:41'),(2,152,5,4,0,'2015-02-19 15:25:04'),(2,153,5,4,1,'2015-04-14 16:10:01'),(2,154,5,4,4,'2015-04-21 05:55:13'),(2,155,5,4,1,'2015-02-19 15:30:36'),(2,156,5,4,2,'2015-04-14 16:04:37'),(2,157,5,4,0,'2015-02-12 12:39:16'),(2,158,5,4,3,'2015-03-26 23:36:03'),(2,159,5,4,4,'2015-04-14 05:49:02'),(2,160,5,3,3,'2015-04-20 00:55:08'),(2,161,5,4,4,'2015-04-21 05:52:38'),(2,162,5,4,4,'2015-03-05 18:27:14'),(2,163,5,4,4,'2015-03-26 23:36:37'),(2,164,5,5,4,'2015-04-20 11:33:38'),(2,165,5,5,3,'2015-04-20 11:31:27'),(2,166,5,5,0,'2015-04-20 01:29:52'),(2,167,5,4,4,'2015-04-22 06:58:04'),(2,168,5,4,3,'2015-04-22 06:55:50'),(2,169,5,4,4,'2015-04-20 11:37:29'),(2,170,5,4,4,'2015-03-05 18:37:59'),(2,171,5,4,4,'2015-04-21 05:36:45'),(2,172,5,3,3,'2015-04-20 01:05:19'),(2,173,5,3,3,'2015-04-21 05:34:56'),(2,174,5,4,2,'2015-03-26 23:49:50'),(2,175,5,4,4,'2015-04-20 11:39:23'),(2,176,5,4,3,'2015-04-14 05:58:42'),(2,177,5,4,4,'2015-04-21 05:56:43'),(2,178,5,4,4,'2015-04-14 05:48:36'),(2,179,5,3,3,'2015-03-05 18:09:15'),(2,180,5,4,3,'2015-04-21 05:36:40'),(2,181,5,4,4,'2015-04-14 16:05:01'),(2,182,5,3,3,'2015-04-20 01:08:40'),(2,183,5,5,3,'2015-02-19 15:29:41'),(2,184,5,3,3,'2015-03-26 23:55:46'),(2,185,5,4,4,'2015-03-05 18:26:49'),(2,186,5,3,3,'2015-04-20 01:04:36'),(2,187,5,4,4,'2015-03-26 23:33:34'),(2,188,5,4,1,'2015-04-14 16:04:18'),(2,189,5,4,4,'2015-03-05 18:27:43'),(2,190,5,4,4,'2015-03-26 23:52:57'),(2,191,5,4,4,'2015-04-14 16:12:44'),(2,192,5,4,4,'2015-02-19 15:30:57'),(2,193,5,4,4,'2015-04-14 16:07:01'),(2,194,5,4,2,'2015-02-19 15:23:22'),(2,195,5,4,4,'2015-04-20 01:10:58'),(2,196,5,4,1,'2015-04-14 05:57:06'),(2,197,5,4,4,'2015-02-19 15:26:16'),(2,198,5,5,3,'2015-04-20 11:28:29'),(2,199,5,4,4,'2015-04-21 05:59:26'),(2,200,5,3,2,'2015-03-25 06:12:41'),(2,201,5,4,4,'2015-04-20 11:37:55'),(2,202,5,4,4,'2015-03-26 23:31:54'),(2,203,5,4,4,'2015-03-05 18:26:03'),(2,204,5,4,3,'2015-04-14 05:35:24'),(2,205,5,4,4,'2015-02-19 15:27:30'),(2,206,5,4,4,'2015-04-14 05:50:45'),(2,207,5,4,3,'2015-03-05 18:09:41'),(2,208,5,4,4,'2015-04-21 05:56:52'),(2,209,5,4,3,'2015-04-20 11:34:02'),(2,210,5,4,4,'2015-02-19 15:26:27'),(2,211,5,4,4,'2015-04-14 05:47:08'),(2,212,5,3,3,'2015-04-14 05:45:31'),(2,213,5,4,4,'2015-04-21 05:54:49'),(2,214,5,4,3,'2015-03-26 23:53:57'),(2,215,5,4,4,'2015-03-05 18:38:14'),(2,216,5,4,4,'2015-03-05 18:27:04'),(2,217,5,4,3,'2015-03-25 06:15:00'),(2,218,5,3,2,'2015-04-22 06:56:56'),(2,219,5,5,1,'2015-04-22 06:56:17'),(2,220,5,3,1,'2015-02-12 12:44:27'),(2,221,5,4,1,'2015-04-21 05:52:03'),(2,222,5,5,1,'2015-04-20 11:25:21'),(2,223,5,4,4,'2015-03-26 23:54:09'),(2,224,5,4,3,'2015-04-20 01:10:00'),(2,226,5,4,4,'2015-03-26 23:30:48'),(2,227,5,4,1,'2015-04-14 05:47:23'),(2,228,5,4,3,'2015-04-20 01:12:01'),(2,229,5,3,1,'2015-04-20 00:53:41'),(2,230,5,4,2,'2015-04-14 16:08:05'),(2,231,5,3,3,'2015-03-05 18:38:02'),(2,232,5,3,3,'2015-03-26 23:55:57'),(2,233,5,4,4,'2015-04-14 16:08:10'),(2,234,5,4,3,'2015-04-21 05:36:05'),(2,235,5,4,1,'2015-04-20 01:30:36'),(2,236,5,4,4,'2015-04-14 16:12:42'),(2,237,5,5,4,'2015-04-20 01:30:53'),(2,239,5,4,4,'2015-04-20 11:37:42'),(2,240,5,3,3,'2015-02-12 12:43:15'),(2,241,5,4,4,'2015-04-21 05:50:22'),(2,242,5,4,4,'2015-04-21 05:55:15'),(2,243,5,4,4,'2015-04-22 06:55:34'),(2,244,5,3,3,'2015-02-12 12:41:04'),(2,245,5,2,2,'2015-02-12 12:57:17'),(2,246,5,2,2,'2015-02-12 12:56:48'),(2,247,5,4,2,'2015-04-21 05:50:19'),(2,248,5,3,3,'2015-03-05 18:23:24'),(2,249,5,3,3,'2015-04-22 06:49:35'),(2,250,5,4,4,'2015-04-21 05:35:19'),(2,251,5,4,4,'2015-04-14 16:08:27'),(2,252,5,3,3,'2015-02-12 12:38:39'),(2,253,5,3,2,'2015-02-12 13:01:11'),(2,254,5,4,0,'2015-04-20 11:32:27'),(2,255,5,4,1,'2015-04-21 05:37:00'),(2,256,5,3,3,'2015-04-22 06:39:27'),(2,257,5,3,2,'2015-03-05 18:08:38'),(2,259,5,4,0,'2015-04-20 11:33:52'),(2,260,5,3,1,'2015-03-05 18:10:09'),(2,261,5,4,4,'2015-04-20 11:38:01'),(2,262,5,3,3,'2015-02-12 12:42:14'),(2,263,5,4,4,'2015-04-21 05:58:54'),(2,264,5,4,2,'2015-04-21 05:52:42'),(2,265,5,4,4,'2015-04-21 05:49:26'),(2,266,5,3,3,'2015-04-20 01:09:05'),(2,267,5,4,4,'2015-04-20 11:39:46'),(2,268,5,4,4,'2015-04-21 05:36:23'),(2,269,5,5,2,'2015-04-20 11:26:02'),(2,271,5,4,1,'2015-04-20 11:29:19'),(2,272,5,3,1,'2015-04-20 11:31:15'),(2,274,5,4,3,'2015-02-12 12:42:43'),(2,275,5,3,3,'2015-03-05 18:29:08'),(2,276,5,3,3,'2015-04-20 11:27:13'),(2,277,5,4,4,'2015-04-20 01:30:01'),(2,278,5,3,3,'2015-04-20 01:14:58'),(2,279,5,3,3,'2015-04-20 01:09:24'),(2,280,5,4,4,'2015-04-20 01:13:44'),(2,281,5,4,4,'2015-04-20 11:35:21'),(2,282,5,4,4,'2015-04-20 01:14:00'),(2,283,5,3,3,'2015-04-21 05:57:14'),(2,284,5,3,3,'2015-03-05 18:28:55'),(2,285,5,3,1,'2015-04-20 00:53:52'),(2,286,5,3,3,'2015-04-20 01:09:18'),(2,287,5,4,4,'2015-04-21 05:35:31'),(2,288,5,4,1,'2015-04-21 05:55:05'),(2,289,5,3,3,'2015-04-20 11:27:26'),(2,290,5,4,0,'2015-02-12 12:41:54'),(2,291,5,4,1,'2015-04-21 05:51:52'),(2,292,5,3,1,'2015-02-12 12:59:05'),(2,293,5,3,3,'2015-02-12 12:43:37'),(2,294,5,4,4,'2015-04-20 01:12:07'),(2,296,5,4,3,'2015-04-20 11:32:04'),(2,297,5,3,1,'2015-02-12 12:43:52'),(2,298,5,5,0,'2015-04-22 06:48:54'),(2,299,5,3,2,'2015-02-12 12:58:54'),(2,300,5,4,2,'2015-02-12 12:44:43'),(2,301,5,3,3,'2015-03-26 23:35:40'),(2,302,5,4,1,'2015-04-21 05:51:59'),(2,303,5,4,3,'2015-04-21 05:58:34'),(2,304,5,4,3,'2015-04-22 06:49:54'),(2,305,5,4,4,'2015-04-22 06:11:24'),(2,306,5,3,3,'2015-04-22 06:38:59'),(2,307,5,3,1,'2015-02-12 13:01:24'),(2,308,5,3,3,'2015-04-20 01:09:17'),(2,309,5,3,2,'2015-04-20 11:40:08'),(2,310,5,3,3,'2015-04-20 00:56:03'),(2,311,5,3,3,'2015-02-19 15:28:31'),(2,312,5,3,3,'2015-03-05 18:25:27'),(2,313,5,3,1,'2015-04-20 01:05:55'),(2,314,5,3,2,'2015-04-20 01:10:21'),(2,315,5,3,3,'2015-02-12 12:38:58'),(2,316,5,4,4,'2015-04-22 06:49:27'),(2,317,5,4,4,'2015-04-22 06:10:19'),(2,319,5,3,1,'2015-03-05 18:23:53'),(2,320,5,3,2,'2015-02-12 13:01:19'),(2,321,5,2,2,'2015-02-10 06:40:39'),(2,323,5,4,1,'2015-03-25 06:11:51'),(2,324,5,3,1,'2015-02-12 12:59:19'),(2,326,5,3,2,'2015-02-12 12:38:55'),(2,327,5,3,2,'2015-02-19 15:31:25'),(2,328,5,3,2,'2015-02-12 12:44:53'),(2,329,5,4,3,'2015-04-22 06:56:01'),(2,330,5,3,3,'2015-02-12 12:39:37'),(2,331,5,3,2,'2015-02-19 15:23:35'),(2,332,5,4,4,'2015-04-22 06:38:41'),(2,333,5,4,0,'2015-04-20 11:38:12'),(2,334,5,3,1,'2015-02-12 12:40:50'),(2,335,5,3,1,'2015-02-19 15:27:41'),(2,336,5,3,3,'2015-03-26 23:27:42'),(2,337,5,3,2,'2015-03-05 18:38:18'),(2,338,5,3,2,'2015-04-20 00:53:19'),(2,339,5,3,1,'2015-03-05 18:28:13'),(2,340,5,3,1,'2015-02-19 15:26:06'),(2,341,5,3,1,'2015-04-20 11:37:21'),(2,342,5,3,3,'2015-02-19 15:24:39'),(2,343,5,3,1,'2015-04-20 01:05:15'),(2,344,5,3,2,'2015-04-20 00:54:11'),(2,345,5,3,3,'2015-03-05 18:39:03'),(2,346,5,2,2,'2015-02-07 21:04:13'),(2,347,5,3,3,'2015-04-20 01:14:43'),(2,348,5,3,3,'2015-03-25 06:12:06'),(2,349,5,3,3,'2015-04-20 01:03:02'),(2,350,5,3,3,'2015-02-19 15:23:25'),(2,351,5,3,1,'2015-02-12 12:43:34'),(2,352,5,3,2,'2015-04-20 01:09:03'),(2,353,5,3,3,'2015-02-19 15:27:47'),(2,354,5,3,3,'2015-04-14 05:47:14'),(2,355,5,3,3,'2015-03-26 23:36:08'),(2,356,5,3,3,'2015-02-19 15:32:24'),(2,357,5,3,3,'2015-04-20 01:08:54'),(2,358,5,3,3,'2015-04-20 01:30:21'),(2,359,5,3,3,'2015-04-20 00:51:49'),(2,360,5,3,3,'2015-04-20 01:06:08'),(2,361,5,3,1,'2015-04-20 11:28:40'),(2,362,5,3,1,'2015-02-12 12:58:49'),(2,363,5,3,2,'2015-03-05 18:29:51'),(2,364,5,3,2,'2015-03-05 18:38:35'),(2,365,5,3,3,'2015-03-26 23:55:21'),(2,366,5,4,0,'2015-04-20 11:31:51'),(2,367,5,3,2,'2015-02-19 15:27:58'),(2,368,5,3,3,'2015-03-05 18:30:11'),(2,369,5,4,1,'2015-04-20 11:38:32'),(2,370,5,3,1,'2015-04-20 11:34:39'),(2,371,5,3,1,'2015-02-19 15:26:51'),(2,372,5,3,0,'2015-02-12 12:58:15'),(2,373,5,3,3,'2015-04-14 16:08:42'),(2,374,5,3,3,'2015-03-25 06:11:25'),(2,375,5,3,3,'2015-03-05 18:29:43'),(2,376,5,3,1,'2015-02-12 12:59:26'),(2,377,5,3,3,'2015-03-05 18:39:40'),(2,378,5,3,3,'2015-04-20 01:10:30'),(2,379,5,3,3,'2015-04-20 01:06:29'),(2,380,5,3,3,'2015-04-22 06:11:08'),(2,381,5,3,3,'2015-02-19 15:33:02'),(2,382,5,3,3,'2015-02-19 15:32:52'),(2,383,5,3,1,'2015-04-20 00:53:47'),(2,385,5,3,3,'2015-03-05 18:08:31'),(2,386,5,3,0,'2015-02-12 12:58:08'),(2,387,5,3,3,'2015-04-22 06:11:15'),(2,388,5,3,2,'2015-03-26 23:33:47'),(2,389,5,3,3,'2015-03-05 18:29:54'),(2,390,5,3,2,'2015-04-20 00:53:11'),(2,391,5,3,3,'2015-03-26 23:56:02'),(2,392,5,3,3,'2015-03-25 06:15:35'),(2,393,5,3,2,'2015-04-20 01:06:05'),(2,394,5,3,3,'2015-04-20 00:54:46'),(2,395,5,3,3,'2015-04-20 01:05:36'),(2,396,5,3,2,'2015-03-05 18:29:33'),(2,397,5,3,3,'2015-04-20 01:30:44'),(2,398,5,3,2,'2015-04-14 05:35:46'),(2,399,5,3,1,'2015-02-12 13:00:33'),(2,401,5,3,2,'2015-04-20 00:56:32'),(2,402,5,3,2,'2015-04-20 01:09:43'),(2,403,5,3,3,'2015-03-26 23:30:41'),(2,404,5,3,1,'2015-02-19 15:31:17'),(2,405,5,3,3,'2015-03-25 06:13:08'),(2,406,5,3,1,'2015-03-26 23:33:28'),(2,407,5,3,3,'2015-03-26 23:50:48'),(2,408,5,3,3,'2015-02-19 15:32:45'),(2,409,5,3,1,'2015-03-05 18:38:45'),(2,410,5,3,2,'2015-02-19 15:27:10'),(2,411,5,3,3,'2015-03-05 18:39:25'),(2,412,5,3,3,'2015-04-20 01:05:48'),(2,413,5,3,1,'2015-03-25 06:11:30'),(2,414,5,3,1,'2015-02-19 15:31:42'),(2,415,5,3,1,'2015-03-05 18:22:33'),(2,416,5,3,3,'2015-04-20 00:54:36'),(2,417,5,3,2,'2015-03-26 23:29:09'),(2,418,5,4,0,'2015-04-14 05:45:25'),(2,420,5,3,3,'2015-04-20 00:51:44'),(2,421,5,3,3,'2015-03-26 23:27:54'),(2,422,5,3,2,'2015-03-05 18:38:25'),(2,423,5,3,3,'2015-03-05 18:29:02'),(2,424,5,3,2,'2015-04-20 00:52:26'),(2,425,5,3,2,'2015-03-05 18:27:12'),(2,426,5,3,1,'2015-03-05 18:28:03'),(2,427,5,3,1,'2015-03-05 18:23:58'),(2,428,5,3,3,'2015-04-20 01:30:30'),(2,430,5,3,1,'2015-03-25 06:11:21'),(2,431,5,3,2,'2015-02-12 12:59:49'),(2,432,5,3,1,'2015-02-19 15:24:32'),(2,433,5,3,2,'2015-03-26 23:27:35'),(2,434,5,3,2,'2015-04-20 00:55:46'),(2,435,5,3,3,'2015-04-20 01:05:42'),(2,436,5,3,3,'2015-04-20 00:56:01'),(2,437,5,3,3,'2015-04-20 01:10:52'),(2,438,5,3,1,'2015-04-20 11:38:27'),(2,439,5,3,2,'2015-02-19 15:32:09'),(2,440,5,3,1,'2015-04-20 11:29:05'),(2,441,5,3,1,'2015-02-19 15:23:30'),(2,442,5,3,1,'2015-04-21 06:02:43'),(2,443,5,2,2,'2015-02-12 12:56:25'),(2,444,5,3,2,'2015-04-22 06:49:44'),(2,445,5,3,2,'2015-04-20 11:40:03'),(2,446,5,3,1,'2015-04-20 01:30:58'),(2,447,5,3,1,'2015-04-21 05:52:22'),(2,448,5,3,3,'2015-04-22 06:39:17'),(2,449,5,3,0,'2015-02-12 12:57:56'),(2,450,5,3,1,'2015-04-20 11:35:52'),(2,451,5,3,1,'2015-02-12 12:58:21'),(2,452,5,3,1,'2015-04-20 11:34:21'),(2,453,5,3,1,'2015-03-05 18:23:48'),(2,454,5,3,1,'2015-04-20 11:28:53'),(2,455,5,3,1,'2015-02-12 13:00:16'),(2,456,5,3,1,'2015-02-12 12:59:34'),(2,457,5,3,1,'2015-04-20 11:38:58'),(2,458,5,3,1,'2015-04-21 06:02:56'),(2,459,5,3,1,'2015-04-21 05:48:59'),(2,460,5,3,1,'2015-04-20 11:39:08'),(2,461,5,3,1,'2015-04-20 11:35:32'),(2,462,5,2,2,'2015-02-07 21:01:00'),(2,463,5,3,0,'2015-02-12 12:57:45'),(2,464,5,3,2,'2015-04-20 01:10:37'),(2,465,5,3,1,'2015-04-20 11:35:40'),(2,466,5,3,2,'2015-02-12 13:01:34'),(2,467,5,3,3,'2015-04-22 06:39:43'),(2,468,5,3,2,'2015-02-12 12:59:58'),(2,469,5,2,2,'2015-02-10 06:49:59'),(2,470,5,2,2,'2015-02-10 06:47:02'),(2,471,5,3,3,'2015-04-20 11:30:23'),(2,472,5,2,2,'2015-02-10 06:44:37'),(2,473,5,2,2,'2015-02-10 06:43:54'),(2,474,5,3,2,'2015-02-12 12:58:26'),(2,475,5,3,2,'2015-04-21 05:59:44'),(2,476,5,3,2,'2015-04-22 06:54:51'),(2,477,5,2,2,'2015-02-07 21:04:30'),(2,478,5,2,2,'2015-02-07 21:04:28'),(2,479,5,2,2,'2015-02-10 06:53:07'),(2,480,5,2,2,'2015-02-10 06:55:56'),(2,481,5,3,2,'2015-04-22 06:55:56'),(2,482,5,3,3,'2015-04-22 06:10:54'),(2,483,5,2,2,'2015-02-10 06:41:20'),(2,484,5,3,2,'2015-02-12 13:00:06'),(2,485,5,2,2,'2015-02-10 06:49:48'),(2,486,5,2,2,'2015-02-12 12:56:52'),(2,487,5,3,3,'2015-04-22 06:57:09'),(2,488,5,2,2,'2015-02-10 06:58:09'),(2,489,5,3,3,'2015-04-22 06:57:33'),(2,490,5,3,3,'2015-04-22 06:49:14'),(2,491,5,2,2,'2015-02-07 21:04:09'),(2,492,5,3,1,'2015-04-21 05:54:23'),(2,493,5,2,2,'2015-02-10 06:50:10'),(2,494,5,3,1,'2015-02-12 13:01:05'),(2,495,5,3,2,'2015-02-12 12:59:37'),(2,496,5,2,2,'2015-02-12 12:41:32'),(2,497,5,3,3,'2015-04-22 06:55:29'),(2,498,5,3,2,'2015-04-20 01:15:26'),(2,499,5,3,1,'2015-04-21 05:56:47'),(2,500,5,3,2,'2015-04-20 01:14:51'),(2,501,5,3,2,'2015-04-22 06:57:31'),(2,502,5,3,1,'2015-04-20 11:39:35'),(2,503,5,2,2,'2015-02-12 12:56:13'),(2,504,5,2,2,'2015-02-10 06:54:40'),(2,505,5,2,2,'2015-02-07 21:01:08'),(2,506,5,3,1,'2015-03-05 18:39:08'),(2,507,5,3,2,'2015-02-12 12:58:32'),(2,510,5,3,2,'2015-04-21 05:38:36'),(2,511,5,3,2,'2015-02-19 15:23:49'),(2,512,5,3,2,'2015-04-20 11:28:01'),(2,513,5,3,2,'2015-02-19 15:25:44'),(2,514,5,3,3,'2015-04-22 06:57:54'),(2,515,5,3,3,'2015-04-22 06:55:00'),(2,516,5,3,2,'2015-02-12 12:58:57'),(2,517,5,2,2,'2015-02-10 06:53:21'),(2,518,5,2,2,'2015-02-10 06:43:05'),(2,519,5,2,2,'2015-02-12 12:41:28'),(2,520,5,2,2,'2015-02-12 12:56:40'),(2,521,5,3,2,'2015-04-20 11:27:21'),(2,522,5,2,2,'2015-02-10 06:49:50'),(2,523,5,3,3,'2015-04-22 06:38:57'),(2,524,5,2,2,'2015-02-12 12:56:01'),(2,525,5,2,2,'2015-02-10 06:55:55'),(2,526,5,3,2,'2015-04-22 06:55:27'),(2,527,5,2,2,'2015-02-12 12:43:01'),(2,528,5,3,3,'2015-04-22 06:49:25'),(2,529,5,3,2,'2015-02-19 15:32:36'),(2,530,5,3,2,'2015-04-22 06:11:06'),(2,533,5,2,2,'2015-02-10 06:48:21'),(2,534,5,2,2,'2015-02-12 12:56:44'),(2,535,5,2,2,'2015-02-10 06:55:22'),(2,536,5,2,2,'2015-02-10 06:42:24'),(2,537,5,3,3,'2015-04-22 06:39:52'),(2,538,5,3,0,'2015-02-12 12:57:52'),(2,539,5,2,2,'2015-02-12 12:42:22'),(2,540,5,3,1,'2015-04-20 11:26:38'),(2,541,5,3,1,'2015-04-20 01:29:58'),(2,542,5,2,2,'2015-02-10 06:44:48'),(2,543,5,2,2,'2015-02-12 12:56:11'),(2,544,5,2,2,'2015-02-12 12:38:47'),(2,545,5,3,3,'2015-04-22 06:11:13'),(2,546,5,3,2,'2015-04-21 06:00:16'),(2,547,5,2,2,'2015-02-12 12:44:04'),(2,548,5,3,1,'2015-04-20 11:27:54'),(2,549,5,3,2,'2015-04-22 06:49:11'),(2,550,5,2,2,'2015-02-10 06:55:58'),(2,551,5,3,0,'2015-02-12 12:57:38'),(2,552,5,3,0,'2015-02-12 12:57:02'),(2,553,5,3,1,'2015-04-20 11:25:29'),(2,554,5,3,3,'2015-04-22 06:49:20'),(2,555,5,3,1,'2015-02-12 12:59:54'),(2,556,5,2,2,'2015-02-12 12:40:27'),(2,557,5,3,3,'2015-04-21 05:57:18'),(2,558,5,3,3,'2015-04-22 06:39:29'),(2,560,5,2,2,'2015-02-12 12:41:57'),(2,561,5,3,3,'2015-04-22 06:56:32'),(2,562,5,3,2,'2015-04-21 05:56:35'),(2,563,5,2,2,'2015-02-10 06:53:23'),(2,564,5,3,3,'2015-04-22 06:56:03'),(2,565,5,3,3,'2015-04-22 06:40:05'),(2,566,5,3,2,'2015-04-22 06:55:07'),(2,567,5,3,1,'2015-04-21 05:37:05'),(2,568,5,3,2,'2015-04-22 06:54:44'),(2,569,5,3,1,'2015-04-20 11:36:48'),(2,570,5,2,2,'2015-02-10 06:44:32'),(2,571,5,2,2,'2015-02-12 12:56:36'),(2,572,5,2,2,'2015-02-10 06:44:30'),(2,573,5,3,2,'2015-04-22 06:57:24'),(2,574,5,3,1,'2015-03-05 18:25:23'),(2,575,5,3,2,'2015-02-19 15:24:21'),(2,576,5,3,1,'2015-04-20 11:29:58'),(2,577,5,3,2,'2015-02-12 13:00:09'),(2,578,5,3,2,'2015-04-22 06:39:09'),(2,579,5,2,2,'2015-02-10 06:41:25'),(2,580,5,3,3,'2015-04-22 06:49:00'),(2,581,5,2,2,'2015-02-10 06:59:12'),(2,582,5,3,2,'2015-04-21 05:51:05'),(2,583,5,2,2,'2015-02-12 12:43:23'),(2,584,5,2,2,'2015-02-12 12:43:18'),(2,585,5,3,1,'2015-02-12 13:00:23'),(2,586,5,2,2,'2015-02-12 12:42:58'),(2,587,5,3,2,'2015-04-22 06:38:38'),(2,588,5,2,2,'2015-02-10 06:31:43'),(2,589,5,2,2,'2015-02-07 20:56:00'),(2,590,5,2,2,'2015-02-07 21:03:46'),(2,591,5,2,2,'2015-02-10 06:44:17'),(2,592,5,2,2,'2015-02-07 20:55:49'),(2,593,5,3,3,'2015-04-22 06:57:46'),(2,594,5,3,2,'2015-04-22 06:57:21'),(2,596,5,3,2,'2015-04-22 06:11:38'),(2,597,5,3,1,'2015-04-20 11:33:08'),(2,598,5,3,1,'2015-04-20 11:30:36'),(2,599,5,3,2,'2015-04-22 06:49:48'),(2,600,5,3,1,'2015-02-12 12:58:40'),(2,601,5,3,2,'2015-03-05 18:39:19'),(2,602,5,2,2,'2015-02-12 12:41:30'),(2,603,5,3,3,'2015-04-22 06:40:07'),(2,604,5,3,2,'2015-04-21 05:56:08'),(2,605,5,3,2,'2015-04-20 01:15:45'),(2,606,5,3,1,'2015-02-12 13:01:37'),(2,607,5,3,2,'2015-04-22 06:54:40'),(2,608,5,3,2,'2015-04-20 11:29:12'),(2,609,5,2,2,'2015-02-10 06:44:40'),(2,610,5,3,3,'2015-04-22 06:39:32'),(2,611,5,2,2,'2015-02-12 12:56:46'),(2,612,5,3,3,'2015-04-22 06:39:38'),(2,613,5,3,2,'2015-04-22 06:40:21'),(2,614,5,2,2,'2015-02-10 06:43:03'),(2,615,5,3,2,'2015-04-22 06:38:55'),(2,616,5,2,2,'2015-02-10 06:41:22'),(2,617,5,2,2,'2015-02-07 21:01:12'),(2,618,5,3,2,'2015-04-22 06:39:02'),(2,619,5,3,3,'2015-04-22 06:57:51'),(2,620,5,3,3,'2015-04-22 06:38:34'),(2,621,5,3,3,'2015-04-22 06:38:25'),(2,622,5,3,1,'2015-04-21 05:56:30'),(2,623,5,3,3,'2015-04-20 11:35:05'),(2,624,5,2,2,'2015-02-10 06:44:39'),(2,625,5,3,3,'2015-04-20 11:25:43'),(2,626,5,2,2,'2015-02-10 06:43:57'),(2,627,5,3,1,'2015-02-19 15:32:33'),(2,628,5,3,3,'2015-04-22 06:56:11'),(2,629,5,3,3,'2015-04-21 05:58:38'),(2,630,5,2,2,'2015-02-07 21:04:32'),(2,631,5,3,2,'2015-04-22 06:10:38'),(2,632,5,3,3,'2015-04-22 06:10:14'),(2,633,5,2,2,'2015-02-19 15:26:59'),(2,634,5,3,1,'2015-04-20 11:36:26'),(2,635,5,3,1,'2015-04-21 05:35:45'),(2,636,5,3,1,'2015-03-05 18:28:20'),(2,637,5,3,1,'2015-02-19 15:31:09'),(2,638,5,3,1,'2015-04-20 11:29:42'),(2,639,5,3,1,'2015-04-20 11:31:06'),(2,640,5,3,1,'2015-04-20 11:26:46'),(2,641,5,3,3,'2015-04-22 06:57:41'),(2,642,5,3,3,'2015-04-22 06:38:23'),(2,643,5,2,2,'2015-02-19 15:25:54'),(2,644,5,2,2,'2015-02-19 15:29:37'),(2,645,5,2,2,'2015-02-19 15:25:11'),(2,646,5,3,3,'2015-04-22 06:11:20'),(2,647,5,2,2,'2015-02-19 15:29:45'),(2,648,5,2,2,'2015-02-19 15:30:44'),(2,649,5,2,2,'2015-02-19 15:26:38'),(2,650,5,2,2,'2015-02-19 15:30:54'),(2,651,5,2,2,'2015-02-19 15:29:53'),(2,652,5,2,2,'2015-02-19 15:24:05'),(2,653,5,3,1,'2015-04-21 05:48:41'),(2,654,5,3,3,'2015-04-22 06:56:09'),(2,655,5,3,3,'2015-04-22 06:11:22'),(2,656,5,3,1,'2015-04-21 05:58:48'),(2,657,5,2,2,'2015-03-05 18:27:07'),(2,659,5,2,2,'2015-03-05 18:23:16'),(2,660,5,2,2,'2015-03-05 18:27:56'),(2,661,5,3,1,'2015-04-20 11:40:17'),(2,662,5,3,1,'2015-04-20 11:27:07'),(2,663,5,3,2,'2015-03-05 18:39:21'),(2,664,5,2,2,'2015-03-05 18:08:57'),(2,665,5,3,3,'2015-04-22 06:40:24'),(2,668,5,3,1,'2015-03-05 18:30:24'),(2,669,5,3,1,'2015-04-22 06:10:31'),(2,670,5,3,2,'2015-03-05 18:30:02'),(2,671,5,3,1,'2015-04-20 11:30:56'),(2,672,5,2,2,'2015-03-05 18:22:38'),(2,673,5,3,3,'2015-04-22 06:57:01'),(2,674,5,3,3,'2015-04-22 06:39:20'),(2,675,5,2,2,'2015-04-20 01:12:03'),(2,676,5,2,2,'2015-04-20 01:11:46'),(2,677,5,2,2,'2015-04-20 01:10:47'),(2,678,5,3,0,'2015-04-20 01:14:04'),(2,679,5,3,1,'2015-04-20 01:30:27'),(2,680,5,3,1,'2015-04-22 06:10:43'),(2,681,5,2,2,'2015-04-20 01:11:59'),(2,682,5,3,2,'2015-04-20 11:39:27'),(2,683,5,2,2,'2015-03-26 23:33:24'),(2,684,5,2,2,'2015-03-26 23:33:08'),(2,685,5,2,2,'2015-04-20 01:11:51'),(2,686,5,3,3,'2015-04-22 06:57:48'),(2,687,5,2,2,'2015-04-20 01:10:41'),(2,688,5,2,2,'2015-03-26 23:30:45'),(2,689,5,3,2,'2015-04-22 06:56:49'),(2,690,5,3,3,'2015-04-22 06:56:07'),(2,691,5,3,1,'2015-04-20 01:15:38'),(2,692,5,3,3,'2015-04-22 06:39:22'),(2,693,5,3,2,'2015-04-21 05:56:40'),(2,694,5,2,2,'2015-03-26 23:52:11'),(2,695,5,2,2,'2015-03-26 23:33:40'),(2,696,5,2,2,'2015-03-26 23:53:02'),(2,697,5,2,2,'2015-03-26 23:50:51'),(2,698,5,3,0,'2015-04-20 01:13:35'),(2,699,5,3,3,'2015-04-22 06:56:52'),(2,700,5,3,2,'2015-04-20 01:30:14'),(2,701,5,3,1,'2015-04-21 05:57:10'),(2,702,5,3,1,'2015-04-21 06:02:00'),(2,703,5,3,2,'2015-04-21 05:52:12'),(2,704,5,2,2,'2015-03-25 06:11:38'),(2,705,5,2,2,'2015-04-14 16:08:35'),(2,706,5,2,2,'2015-03-26 23:27:58'),(2,707,5,3,2,'2015-04-20 11:30:30'),(2,708,5,3,3,'2015-04-22 06:49:31'),(2,709,5,3,2,'2015-04-21 05:55:22'),(2,710,5,2,2,'2015-04-20 01:12:19'),(2,711,5,2,2,'2015-04-20 01:11:21'),(2,712,5,2,2,'2015-04-20 00:52:07'),(2,713,5,2,2,'2015-04-20 01:11:41'),(2,714,5,3,2,'2015-04-20 11:30:50'),(2,715,5,2,2,'2015-04-20 01:10:44'),(2,716,5,2,2,'2015-03-26 23:54:20'),(2,717,5,3,1,'2015-04-20 11:39:40'),(2,718,5,3,2,'2015-04-20 11:28:11'),(2,719,5,3,1,'2015-04-20 11:38:21'),(2,720,5,3,1,'2015-04-20 11:26:31'),(2,721,5,3,1,'2015-04-20 11:32:12'),(2,722,5,3,3,'2015-04-22 06:38:33'),(2,723,5,3,1,'2015-04-20 11:30:18'),(2,724,5,3,1,'2015-04-21 05:54:57'),(2,725,5,2,2,'2015-04-20 01:09:53'),(2,726,5,3,1,'2015-04-21 05:35:59'),(2,728,5,2,2,'2015-03-26 23:50:43'),(2,729,5,3,3,'2015-04-22 06:56:42'),(2,730,5,3,0,'2015-04-20 01:13:13'),(2,731,5,3,2,'2015-04-20 11:38:04'),(2,732,5,3,1,'2015-04-22 06:10:50'),(2,733,5,3,1,'2015-04-21 05:49:18'),(2,734,5,2,2,'2015-04-20 00:52:03'),(2,735,5,3,1,'2015-04-20 11:38:45'),(2,736,5,3,0,'2015-04-20 01:13:56'),(2,738,5,3,0,'2015-04-20 01:15:12'),(2,739,5,2,2,'2015-03-26 23:52:09'),(2,742,5,3,1,'2015-04-20 11:26:16'),(2,743,5,3,3,'2015-04-22 06:58:07'),(2,744,5,3,1,'2015-04-20 11:27:39'),(2,745,5,3,0,'2015-04-20 01:13:23'),(2,746,5,3,2,'2015-04-20 11:25:36'),(2,747,5,3,2,'2015-04-20 01:30:50'),(2,748,5,3,2,'2015-04-21 06:03:00'),(2,750,5,3,0,'2015-04-20 01:15:30'),(2,751,5,3,1,'2015-04-20 11:25:53'),(2,752,5,3,1,'2015-04-21 05:48:51'),(2,753,5,3,2,'2015-04-21 05:52:33'),(2,754,5,3,0,'2015-04-20 01:14:56'),(2,755,5,2,2,'2015-04-20 01:02:21'),(2,756,5,2,2,'2015-03-26 23:50:09'),(2,757,5,2,2,'2015-03-25 06:13:13'),(2,758,5,3,2,'2015-04-20 11:37:45'),(2,759,5,3,2,'2015-04-20 11:34:47'),(2,760,5,2,2,'2015-04-14 16:11:22'),(2,761,5,3,2,'2015-04-20 11:28:22'),(2,763,5,3,2,'2015-04-20 11:26:22'),(2,764,5,2,2,'2015-03-26 23:52:26'),(2,765,5,3,2,'2015-04-20 11:30:46'),(2,766,5,3,2,'2015-04-22 06:49:51'),(2,767,5,3,2,'2015-04-22 06:38:21'),(2,769,5,3,2,'2015-04-22 06:11:01'),(2,770,5,2,2,'2015-04-20 00:51:35'),(2,771,5,3,1,'2015-04-21 05:54:46'),(2,772,5,3,1,'2015-04-20 11:36:08'),(2,773,5,3,1,'2015-04-21 05:59:02'),(2,774,5,3,1,'2015-04-21 05:38:28'),(2,775,5,2,2,'2015-03-26 23:53:05'),(2,776,5,3,1,'2015-04-20 11:38:38'),(2,777,5,3,0,'2015-04-20 01:13:42'),(2,778,5,3,1,'2015-04-21 05:35:26'),(2,779,5,3,1,'2015-04-20 11:31:46'),(2,780,5,2,2,'2015-03-26 23:52:46'),(2,781,5,3,1,'2015-04-20 01:13:51'),(2,782,5,3,0,'2015-04-20 01:13:31'),(2,783,5,3,1,'2015-04-20 11:32:52'),(2,784,5,3,3,'2015-04-22 06:55:38'),(2,785,5,3,1,'2015-04-20 01:29:44'),(2,786,5,3,2,'2015-04-21 06:00:57'),(2,787,5,3,0,'2015-04-20 01:15:07'),(2,788,5,3,2,'2015-04-20 11:30:10'),(2,789,5,3,1,'2015-04-20 11:29:49'),(2,790,5,3,3,'2015-04-22 06:49:22'),(2,791,5,2,2,'2015-04-20 01:12:13'),(3,20,3,1,1,'2013-04-20 00:17:28'),(3,22,3,1,1,'2013-04-18 19:09:41'),(3,24,3,1,0,'2013-04-16 21:34:59'),(3,32,3,3,3,'2013-04-20 00:16:32'),(3,34,3,1,0,'2013-04-20 00:15:39'),(3,43,3,1,1,'2013-04-16 21:35:38'),(3,44,3,1,1,'2013-04-16 21:34:45'),(3,45,3,2,2,'2013-04-20 00:15:54'),(3,47,3,2,1,'2013-04-20 00:17:16'),(3,49,3,1,1,'2013-04-20 00:16:25'),(3,53,3,2,2,'2013-04-18 19:09:51'),(4,40,6,3,3,'2013-04-17 23:47:21'),(4,40,7,3,3,'2013-04-17 23:47:21'),(4,40,8,3,0,'2013-04-17 23:47:21'),(4,40,9,3,0,'2013-04-17 23:47:21'),(4,40,10,3,0,'2013-04-17 23:47:21'),(4,40,11,3,0,'2013-04-17 23:47:21'),(4,57,6,1,0,'2013-04-18 16:56:41'),(4,57,7,1,0,'2013-04-18 16:56:41'),(4,57,8,1,0,'2013-04-18 16:56:41'),(4,57,9,1,1,'2013-04-18 16:56:41'),(4,57,10,1,1,'2013-04-18 16:56:41'),(4,57,11,1,1,'2013-04-18 16:56:41'),(4,75,6,1,1,'2013-04-19 21:23:47'),(4,75,7,1,1,'2013-04-19 21:23:47'),(4,75,8,1,1,'2013-04-19 21:23:47'),(4,75,9,1,1,'2013-04-19 21:23:47'),(4,75,10,1,1,'2013-04-19 21:23:47'),(4,75,11,1,1,'2013-04-19 21:23:47'),(5,25,16,2,2,'2015-04-13 04:57:14'),(5,28,16,2,2,'2015-04-13 04:50:58'),(5,29,16,1,1,'2015-04-13 04:51:36'),(5,30,16,1,1,'2015-04-13 05:01:32'),(5,31,16,2,2,'2015-04-13 05:01:05'),(5,36,16,2,2,'2015-04-13 05:02:45'),(5,37,16,2,2,'2015-04-13 05:01:01'),(5,38,16,2,2,'2015-04-13 05:00:59'),(5,40,16,2,2,'2015-04-13 04:57:18'),(5,41,16,1,1,'2015-04-13 05:02:24'),(5,57,16,2,2,'2015-04-13 04:56:14'),(5,58,16,2,2,'2015-04-13 04:56:06'),(5,59,16,2,2,'2015-04-13 04:57:03'),(5,60,16,2,0,'2015-04-13 04:54:30'),(5,61,16,2,2,'2015-04-13 04:55:57'),(5,62,16,2,2,'2015-04-13 04:55:52'),(5,63,16,2,2,'2015-04-13 04:55:22'),(5,75,16,2,2,'2015-04-13 05:02:13'),(5,76,16,2,2,'2015-04-13 04:55:34'),(5,92,16,2,2,'2015-04-13 04:54:35'),(5,93,16,1,1,'2015-04-13 15:01:57'),(5,94,16,2,2,'2015-04-13 04:52:28'),(5,95,16,2,1,'2015-04-13 04:55:54'),(5,97,16,2,2,'2015-04-13 04:56:03'),(5,98,16,2,2,'2015-04-13 04:51:52'),(5,113,16,2,2,'2015-04-13 04:51:31'),(5,114,16,1,1,'2015-04-13 04:53:35'),(5,117,16,1,1,'2015-04-13 05:01:50'),(5,119,16,2,2,'2015-04-13 05:02:04'),(5,124,16,2,2,'2015-04-13 04:57:22'),(5,126,16,3,3,'2015-04-13 04:12:36'),(5,154,16,2,2,'2015-04-13 15:02:02'),(5,155,16,2,2,'2015-04-13 04:51:25'),(5,156,16,2,2,'2015-04-13 04:54:39'),(5,160,16,1,1,'2015-04-13 05:02:42'),(5,162,16,2,2,'2015-04-13 04:56:52'),(5,167,16,2,2,'2015-04-13 04:54:19'),(5,171,16,2,2,'2015-04-13 04:51:40'),(5,173,16,2,2,'2015-04-13 05:02:48'),(5,174,16,2,1,'2015-04-13 04:56:59'),(5,175,16,2,1,'2015-04-13 04:50:51'),(5,176,16,2,1,'2015-04-13 04:55:17'),(5,177,16,2,2,'2015-04-13 15:02:08'),(5,178,16,2,2,'2015-04-13 04:57:11'),(5,179,16,2,2,'2015-04-13 04:53:46'),(5,219,16,2,2,'2015-04-13 04:53:41'),(5,255,16,2,2,'2015-04-13 05:02:37'),(5,282,16,2,2,'2015-04-13 15:02:05'),(5,328,16,1,1,'2015-04-13 15:01:41');
/*!40000 ALTER TABLE `quiz_score` ENABLE KEYS */;
UNLOCK TABLES;

--
-- Table structure for table `quiz_structure`
--

DROP TABLE IF EXISTS `quiz_structure`;
/*!40101 SET @saved_cs_client     = @@character_set_client */;
/*!40101 SET character_set_client = utf8 */;
CREATE TABLE `quiz_structure` (
  `quiz_id` int(11) NOT NULL,
  `pos_id` int(11) NOT NULL,
  `attribute_id` int(11) NOT NULL,
  UNIQUE KEY `quiz_id` (`quiz_id`,`pos_id`,`attribute_id`),
  KEY `attribute_id` (`attribute_id`),
  KEY `pos_id` (`pos_id`),
  CONSTRAINT `quiz_structure_ibfk_1` FOREIGN KEY (`quiz_id`) REFERENCES `quiz` (`id`) ON DELETE CASCADE,
  CONSTRAINT `quiz_structure_ibfk_2` FOREIGN KEY (`attribute_id`) REFERENCES `attribute` (`id`) ON DELETE CASCADE,
  CONSTRAINT `quiz_structure_ibfk_3` FOREIGN KEY (`pos_id`) REFERENCES `pos` (`id`) ON DELETE CASCADE
) ENGINE=InnoDB DEFAULT CHARSET=utf8;
/*!40101 SET character_set_client = @saved_cs_client */;

--
-- Dumping data for table `quiz_structure`
--

LOCK TABLES `quiz_structure` WRITE;
/*!40000 ALTER TABLE `quiz_structure` DISABLE KEYS */;
INSERT INTO `quiz_structure` VALUES (1,1,1),(3,1,3),(2,1,5),(2,2,5),(2,3,5),(4,2,6),(4,2,7),(4,2,8),(4,2,9),(4,2,10),(4,2,11),(5,2,16);
/*!40000 ALTER TABLE `quiz_structure` ENABLE KEYS */;
UNLOCK TABLES;

--
-- Table structure for table `word`
--

DROP TABLE IF EXISTS `word`;
/*!40101 SET @saved_cs_client     = @@character_set_client */;
/*!40101 SET character_set_client = utf8 */;
CREATE TABLE `word` (
  `id` int(11) NOT NULL AUTO_INCREMENT,
  `pos_id` int(11) NOT NULL,
  `word` varchar(64) NOT NULL,
  `added` timestamp NOT NULL DEFAULT CURRENT_TIMESTAMP,
  PRIMARY KEY (`id`),
  UNIQUE KEY `pos_id` (`pos_id`,`word`),
  CONSTRAINT `word_ibfk_1` FOREIGN KEY (`pos_id`) REFERENCES `pos` (`id`) ON DELETE CASCADE
) ENGINE=InnoDB AUTO_INCREMENT=792 DEFAULT CHARSET=utf8;
/*!40101 SET character_set_client = @saved_cs_client */;

--
-- Dumping data for table `word`
--

LOCK TABLES `word` WRITE;
/*!40000 ALTER TABLE `word` DISABLE KEYS */;
INSERT INTO `word` VALUES (14,2,'werfen','0000-00-00 00:00:00'),(15,1,'blume','0000-00-00 00:00:00'),(16,1,'familie','0000-00-00 00:00:00'),(17,1,'lärm','0000-00-00 00:00:00'),(18,1,'blumenkohl','0000-00-00 00:00:00'),(19,1,'speck','0000-00-00 00:00:00'),(20,1,'schuh','0000-00-00 00:00:00'),(21,1,'zwiebel','0000-00-00 00:00:00'),(22,1,'erdbeere','0000-00-00 00:00:00'),(23,1,'kneipe','0000-00-00 00:00:00'),(24,1,'fußgänger','0000-00-00 00:00:00'),(25,2,'arbeiten','0000-00-00 00:00:00'),(26,2,'tanken','0000-00-00 00:00:00'),(27,2,'mieten','0000-00-00 00:00:00'),(28,2,'feiern','0000-00-00 00:00:00'),(29,2,'schicken','0000-00-00 00:00:00'),(30,2,'heiraten','0000-00-00 00:00:00'),(31,2,'dauern','0000-00-00 00:00:00'),(32,1,'beruf','0000-00-00 00:00:00'),(33,1,'zitrone','0000-00-00 00:00:00'),(34,1,'bad','0000-00-00 00:00:00'),(35,1,'dorf','0000-00-00 00:00:00'),(36,2,'haben','0000-00-00 00:00:00'),(37,2,'zeigen','0000-00-00 00:00:00'),(38,2,'besuchen','0000-00-00 00:00:00'),(40,2,'wissen','0000-00-00 00:00:00'),(41,2,'kennen','0000-00-00 00:00:00'),(42,3,'kalt','0000-00-00 00:00:00'),(43,1,'apfel','0000-00-00 00:00:00'),(44,1,'löffel','0000-00-00 00:00:00'),(45,1,'teppich','0000-00-00 00:00:00'),(46,1,'tapete','0000-00-00 00:00:00'),(47,1,'menge','0000-00-00 00:00:00'),(49,1,'blatt','0000-00-00 00:00:00'),(52,3,'rot','0000-00-00 00:00:00'),(53,1,'freizeit','0000-00-00 00:00:00'),(54,1,'sahne','0000-00-00 00:00:00'),(55,1,'brot','0000-00-00 00:00:00'),(56,2,'greifen','0000-00-00 00:00:00'),(57,2,'setzen','0000-00-00 00:00:00'),(58,2,'verbessern','0000-00-00 00:00:00'),(59,2,'essen','0000-00-00 00:00:00'),(60,2,'stechen','0000-00-00 00:00:00'),(61,2,'gehen','0000-00-00 00:00:00'),(62,2,'kitzeln','0000-00-00 00:00:00'),(63,2,'trösten','0000-00-00 00:00:00'),(64,3,'dämlich','0000-00-00 00:00:00'),(65,1,'vorwurf','0000-00-00 00:00:00'),(66,3,'ärgerlich','0000-00-00 00:00:00'),(67,3,'nötig','0000-00-00 00:00:00'),(68,2,'sticheln','0000-00-00 00:00:00'),(69,2,'schelten','0000-00-00 00:00:00'),(70,1,'ziererei','0000-00-00 00:00:00'),(71,1,'greuel','0000-00-00 00:00:00'),(73,1,'saal','0000-00-00 00:00:00'),(74,3,'kostbar','0000-00-00 00:00:00'),(75,2,'zerren','0000-00-00 00:00:00'),(76,2,'nachmachen','0000-00-00 00:00:00'),(79,1,'glanzstück','0000-00-00 00:00:00'),(80,1,'kopf','0000-00-00 00:00:00'),(81,3,'merkwürdig','0000-00-00 00:00:00'),(82,1,'sache','0000-00-00 00:00:00'),(83,1,'stunde','0000-00-00 00:00:00'),(84,1,'absicht','0000-00-00 00:00:00'),(85,1,'niespulver','0000-00-00 00:00:00'),(86,1,'klemme','0000-00-00 00:00:00'),(87,1,'beleidigung','0000-00-00 00:00:00'),(88,1,'versagen','0000-00-00 00:00:00'),(89,3,'schlimmer','0000-00-00 00:00:00'),(90,2,'schütteln','0000-00-00 00:00:00'),(91,1,'gesicht','0000-00-00 00:00:00'),(92,2,'raffen','0000-00-00 00:00:00'),(93,2,'lauschen','0000-00-00 00:00:00'),(94,2,'fortfahren','0000-00-00 00:00:00'),(95,2,'tragen','0000-00-00 00:00:00'),(96,3,'gewiß','0000-00-00 00:00:00'),(97,2,'annehmen','0000-00-00 00:00:00'),(98,2,'schaffen','0000-00-00 00:00:00'),(100,2,'geben','0000-00-00 00:00:00'),(109,1,'eigentum','0000-00-00 00:00:00'),(110,1,'loch','0000-00-00 00:00:00'),(111,3,'heiss','0000-00-00 00:00:00'),(112,1,'abenteuer','0000-00-00 00:00:00'),(113,2,'stürzen','0000-00-00 00:00:00'),(114,2,'schätzen','0000-00-00 00:00:00'),(115,1,'hufeisen','0000-00-00 00:00:00'),(116,3,'senkrecht','0000-00-00 00:00:00'),(117,2,'montieren','0000-00-00 00:00:00'),(118,2,'erinnern','0000-00-00 00:00:00'),(119,2,'vermissen','0000-00-00 00:00:00'),(120,3,'kleinlich','0000-00-00 00:00:00'),(121,3,'düster','0000-00-00 00:00:00'),(122,3,'gruselig','0000-00-00 00:00:00'),(123,1,'bett','0000-00-00 00:00:00'),(124,2,'erwarten','0000-00-00 00:00:00'),(125,2,'einladen','0000-00-00 00:00:00'),(126,2,'vorstellen','0000-00-00 00:00:00'),(127,3,'kurz','0000-00-00 00:00:00'),(128,3,'lockig','0000-00-00 00:00:00'),(129,3,'glatt','0000-00-00 00:00:00'),(130,3,'lustig','0000-00-00 00:00:00'),(131,1,'spitzname','0000-00-00 00:00:00'),(132,1,'auge','0000-00-00 00:00:00'),(133,1,'brille','0000-00-00 00:00:00'),(134,1,'hobby','0000-00-00 00:00:00'),(135,1,'durst','0000-00-00 00:00:00'),(136,1,'haar','0000-00-00 00:00:00'),(137,1,'farbe','0000-00-00 00:00:00'),(138,2,'bedienen','0000-00-00 00:00:00'),(139,1,'rad','0000-00-00 00:00:00'),(140,1,'lenkrad','0000-00-00 00:00:00'),(141,1,'raupe','0000-00-00 00:00:00'),(142,1,'wissenschaft','0000-00-00 00:00:00'),(143,1,'wirtschaft','0000-00-00 00:00:00'),(144,1,'gesellschaft','0000-00-00 00:00:00'),(145,1,'gespräch','0000-00-00 00:00:00'),(146,1,'meinung','0000-00-00 00:00:00'),(147,1,'wolke','0000-00-00 00:00:00'),(148,1,'teller','0000-00-00 00:00:00'),(149,3,'wässerig','0000-00-00 00:00:00'),(150,3,'lecker','0000-00-00 00:00:00'),(151,1,'auswahl','0000-00-00 00:00:00'),(152,1,'ergebnis','0000-00-00 00:00:00'),(153,1,'forscher','0000-00-00 00:00:00'),(154,2,'prüfen','0000-00-00 00:00:00'),(155,2,'auswiegen','0000-00-00 00:00:00'),(156,2,'auftischen','0000-00-00 00:00:00'),(157,2,'feststellen','0000-00-00 00:00:00'),(158,1,'hähnchen','0000-00-00 00:00:00'),(159,3,'unzufrieden','0000-00-00 00:00:00'),(160,2,'fließen','0000-00-00 00:00:00'),(161,3,'dick','0000-00-00 00:00:00'),(162,2,'eilen','0000-00-00 00:00:00'),(163,1,'kind','0000-00-00 00:00:00'),(164,1,'hai','0000-00-00 00:00:00'),(165,3,'sicher','0000-00-00 00:00:00'),(166,1,'überraschung','0000-00-00 00:00:00'),(167,2,'verstecken','0000-00-00 00:00:00'),(168,1,'maulwurf','0000-00-00 00:00:00'),(169,1,'ente','0000-00-00 00:00:00'),(170,1,'vogel','0000-00-00 00:00:00'),(171,2,'werden','0000-00-00 00:00:00'),(172,3,'bissig','0000-00-00 00:00:00'),(173,2,'putzen','0000-00-00 00:00:00'),(174,2,'überholen','0000-00-00 00:00:00'),(175,2,'überqueren','0000-00-00 00:00:00'),(176,2,'umkehren','0000-00-00 00:00:00'),(177,2,'richten','0000-00-00 00:00:00'),(178,2,'mögen','0000-00-00 00:00:00'),(179,2,'dürfen','0000-00-00 00:00:00'),(180,1,'decke','0000-00-00 00:00:00'),(181,1,'fluss','0000-00-00 00:00:00'),(182,1,'saft','0000-00-00 00:00:00'),(183,1,'ahnung','0000-00-00 00:00:00'),(184,1,'schild','0000-00-00 00:00:00'),(185,1,'tankstelle','0000-00-00 00:00:00'),(186,1,'vater','0000-00-00 00:00:00'),(187,1,'bild','0000-00-00 00:00:00'),(188,1,'base','0000-00-00 00:00:00'),(189,1,'mutter','0000-00-00 00:00:00'),(190,1,'stadt','0000-00-00 00:00:00'),(191,1,'sohn','0000-00-00 00:00:00'),(192,1,'tochter','0000-00-00 00:00:00'),(193,1,'landwirt','0000-00-00 00:00:00'),(194,1,'aufsatz','0000-00-00 00:00:00'),(195,1,'biologie','0000-00-00 00:00:00'),(196,1,'sozialkunde','0000-00-00 00:00:00'),(197,1,'antwort','0000-00-00 00:00:00'),(198,1,'aufgabe','0000-00-00 00:00:00'),(199,1,'bleistift','0000-00-00 00:00:00'),(200,1,'etui','0000-00-00 00:00:00'),(201,1,'kuli','0000-00-00 00:00:00'),(202,1,'schüler','0000-00-00 00:00:00'),(203,1,'morgen','0000-00-00 00:00:00'),(204,1,'unterricht','0000-00-00 00:00:00'),(205,1,'tafel','0000-00-00 00:00:00'),(206,1,'schwamm','0000-00-00 00:00:00'),(207,1,'seite','0000-00-00 00:00:00'),(208,1,'geschichte','0000-00-00 00:00:00'),(209,1,'erdkunde','0000-00-00 00:00:00'),(210,1,'nummer','0000-00-00 00:00:00'),(211,1,'verbindung','0000-00-00 00:00:00'),(212,1,'einladung','0000-00-00 00:00:00'),(213,1,'nuss','0000-00-00 00:00:00'),(214,1,'fell','0000-00-00 00:00:00'),(215,1,'würfel','0000-00-00 00:00:00'),(216,1,'kotflügel','0000-00-00 00:00:00'),(217,1,'bagger','0000-00-00 00:00:00'),(218,1,'kipplaster','0000-00-00 00:00:00'),(219,2,'befestigen','0000-00-00 00:00:00'),(220,1,'häufigkeit','0000-00-00 00:00:00'),(221,2,'verringern','0000-00-00 00:00:00'),(222,2,'steigern','0000-00-00 00:00:00'),(223,1,'stoßstange','0000-00-00 00:00:00'),(224,1,'schaufellader','0000-00-00 00:00:00'),(226,1,'auspuff','0000-00-00 00:00:00'),(227,1,'reifen','0000-00-00 00:00:00'),(228,1,'rauch','0000-00-00 00:00:00'),(229,1,'schornstein','0000-00-00 00:00:00'),(230,1,'bullauge','0000-00-00 00:00:00'),(231,1,'stern','0000-00-00 00:00:00'),(232,1,'dreieck','0000-00-00 00:00:00'),(233,1,'quadrat','0000-00-00 00:00:00'),(234,1,'kreis','0000-00-00 00:00:00'),(235,1,'hubschrauber','0000-00-00 00:00:00'),(236,1,'mauer','0000-00-00 00:00:00'),(237,1,'grenze','0000-00-00 00:00:00'),(239,1,'anzug','0000-00-00 00:00:00'),(240,1,'gürtel','0000-00-00 00:00:00'),(241,1,'grösse','0000-00-00 00:00:00'),(242,1,'hemd','0000-00-00 00:00:00'),(243,1,'hose','0000-00-00 00:00:00'),(244,1,'hut','0000-00-00 00:00:00'),(245,1,'jacke','0000-00-00 00:00:00'),(246,1,'mantel','0000-00-00 00:00:00'),(247,1,'bundweite','0000-00-00 00:00:00'),(248,1,'oberweite','0000-00-00 00:00:00'),(249,1,'körperhöhe','0000-00-00 00:00:00'),(250,1,'meter','0000-00-00 00:00:00'),(251,1,'fuss','0000-00-00 00:00:00'),(252,1,'krawatte','0000-00-00 00:00:00'),(253,1,'laster','0000-00-00 00:00:00'),(254,1,'schlitten','0000-00-00 00:00:00'),(255,2,'ernähren','0000-00-00 00:00:00'),(256,2,'sollen','0000-00-00 00:00:00'),(257,3,'wichtig','0000-00-00 00:00:00'),(258,4,'deswegen','0000-00-00 00:00:00'),(259,2,'anbieten','0000-00-00 00:00:00'),(260,1,'gericht','0000-00-00 00:00:00'),(261,2,'anrufen','0000-00-00 00:00:00'),(262,1,'urlaub','0000-00-00 00:00:00'),(263,1,'ruhe','0000-00-00 00:00:00'),(264,3,'herrlich','0000-00-00 00:00:00'),(265,3,'ruhig','0000-00-00 00:00:00'),(266,1,'konzert','0000-00-00 00:00:00'),(267,1,'boot','0000-00-00 00:00:00'),(268,1,'nachmittag','0000-00-00 00:00:00'),(269,1,'erholung','0000-00-00 00:00:00'),(270,4,'sogar','0000-00-00 00:00:00'),(271,2,'beneiden','0000-00-00 00:00:00'),(272,1,'entscheidung','0000-00-00 00:00:00'),(274,1,'klotz','0000-00-00 00:00:00'),(275,1,'kugel','0000-00-00 00:00:00'),(276,1,'matrose','0000-00-00 00:00:00'),(277,1,'stadtplan','0000-00-00 00:00:00'),(278,1,'frage','0000-00-00 00:00:00'),(279,1,'see','0000-00-00 00:00:00'),(280,2,'sehen','0000-00-00 00:00:00'),(281,2,'wollen','0000-00-00 00:00:00'),(282,2,'müssen','0000-00-00 00:00:00'),(283,2,'können','0000-00-00 00:00:00'),(284,2,'halten','0000-00-00 00:00:00'),(285,1,'boden','0000-00-00 00:00:00'),(286,1,'klavier','0000-00-00 00:00:00'),(287,3,'bestimmt','0000-00-00 00:00:00'),(288,3,'häufig','0000-00-00 00:00:00'),(289,1,'angst','0000-00-00 00:00:00'),(290,2,'verlangen','0000-00-00 00:00:00'),(291,2,'verwenden','0000-00-00 00:00:00'),(292,1,'verhältnis','0000-00-00 00:00:00'),(293,1,'wort','0000-00-00 00:00:00'),(294,1,'geschenk','0000-00-00 00:00:00'),(295,4,'trotzdem','0000-00-00 00:00:00'),(296,1,'wohlfühlen','0000-00-00 00:00:00'),(297,2,'losgehen','0000-00-00 00:00:00'),(298,2,'zustimmen','0000-00-00 00:00:00'),(299,2,'erwähnen','0000-00-00 00:00:00'),(300,1,'ereignis','0000-00-00 00:00:00'),(301,1,'raum','0000-00-00 00:00:00'),(302,1,'böller','0000-00-00 00:00:00'),(303,2,'schaukeln','0000-00-00 00:00:00'),(304,3,'ehrlich','0000-00-00 00:00:00'),(305,1,'rhein','0000-00-00 00:00:00'),(306,1,'affe','0000-00-00 00:00:00'),(307,1,'laden','0000-00-00 00:00:00'),(308,1,'wal','0000-00-00 00:00:00'),(309,1,'krähe','0000-00-00 00:00:00'),(310,1,'maus','0000-00-00 00:00:00'),(311,1,'schildkröte','0000-00-00 00:00:00'),(312,1,'schlange','0000-00-00 00:00:00'),(313,1,'adler','0000-00-00 00:00:00'),(314,1,'gabel','0000-00-00 00:00:00'),(315,1,'messer','0000-00-00 00:00:00'),(316,1,'zahnbürste','0000-00-00 00:00:00'),(317,1,'zahn','0000-00-00 00:00:00'),(318,4,'tatsächlich','0000-00-00 00:00:00'),(319,2,'verbringen','0000-00-00 00:00:00'),(320,1,'korb','0000-00-00 00:00:00'),(321,1,'ende','0000-00-00 00:00:00'),(322,4,'kaum','0000-00-00 00:00:00'),(323,2,'vermuten','0000-00-00 00:00:00'),(324,3,'verdächtig','0000-00-00 00:00:00'),(325,4,'angeblich','0000-00-00 00:00:00'),(326,1,'redaktion','0000-00-00 00:00:00'),(327,3,'mehrere','0000-00-00 00:00:00'),(328,2,'festnehmen','0000-00-00 00:00:00'),(329,1,'angriff','0000-00-00 00:00:00'),(330,1,'anschlag','0000-00-00 00:00:00'),(331,2,'beobachten','0000-00-00 00:00:00'),(332,2,'töten','0000-00-00 00:00:00'),(333,2,'fordern','0000-00-00 00:00:00'),(334,3,'mutmasslich','0000-00-00 00:00:00'),(335,2,'versäumen','0000-00-00 00:00:00'),(336,1,'gedächtnis','0000-00-00 00:00:00'),(337,1,'ortung','0000-00-00 00:00:00'),(338,1,'heck','0000-00-00 00:00:00'),(339,2,'abstürzen','0000-00-00 00:00:00'),(340,2,'borgen','0000-00-00 00:00:00'),(341,1,'wahl','0000-00-00 00:00:00'),(342,1,'tier','0000-00-00 00:00:00'),(343,1,'säugetier','0000-00-00 00:00:00'),(344,2,'züchten','2015-01-09 06:39:25'),(345,2,'fressen','2015-01-09 06:42:02'),(346,2,'stören','2015-01-09 06:46:08'),(347,2,'bellen','2015-01-09 06:48:26'),(348,1,'hamster','2015-01-09 06:50:20'),(349,1,'futter','2015-01-09 06:51:45'),(350,2,'heißen','2015-01-09 06:54:23'),(351,2,'anfassen','2015-01-09 07:19:07'),(352,2,'streicheln','2015-01-09 07:20:13'),(353,2,'kratzen','2015-01-09 07:23:58'),(354,1,'hase','2015-01-09 07:34:50'),(355,2,'holen','2015-01-09 07:45:43'),(356,1,'hals','2015-01-09 07:48:48'),(357,1,'hirsch','2015-01-09 07:49:08'),(358,1,'pavian','2015-01-09 07:49:39'),(359,2,'erklären','2015-01-09 07:54:54'),(360,1,'hauptstadt','2015-01-12 18:29:00'),(361,1,'brett','2015-01-12 18:30:07'),(362,1,'knochen','2015-01-12 18:31:25'),(363,2,'würfeln','2015-01-12 18:35:57'),(364,1,'opfer','2015-01-12 21:27:12'),(365,1,'gebäude','2015-01-12 21:28:46'),(366,2,'anzünden','2015-01-12 21:30:32'),(367,1,'brandsatz','2015-01-12 21:34:46'),(368,2,'brennen','2015-01-12 21:35:24'),(369,2,'lagern','2015-01-12 21:37:17'),(370,1,'täter','2015-01-13 08:03:00'),(371,2,'löschen','2015-01-13 08:06:00'),(372,1,'spur','2015-01-13 08:09:37'),(373,1,'schmetterling','2015-01-13 08:11:11'),(374,2,'antworten','2015-01-13 17:40:23'),(375,2,'danken','2015-01-13 17:41:21'),(376,2,'fehlen','2015-01-13 17:42:56'),(377,2,'folgen','2015-01-13 17:43:42'),(378,2,'gefallen','2015-01-13 17:45:11'),(379,2,'gehören','2015-01-13 17:45:49'),(380,2,'glauben','2015-01-13 17:46:47'),(381,2,'helfen','2015-01-13 17:47:50'),(382,2,'passieren','2015-01-13 17:49:00'),(383,2,'verzeihen','2015-01-13 17:50:05'),(385,2,'schmecken','2015-01-13 18:22:25'),(386,1,'anrede','2015-01-15 07:20:20'),(387,1,'brief','2015-01-15 07:21:59'),(388,1,'datum','2015-01-15 07:22:14'),(389,1,'erwachsene','2015-01-15 07:22:40'),(390,1,'gruss','2015-01-15 07:22:59'),(391,1,'monat','2015-01-15 07:23:15'),(392,1,'ort','2015-01-15 07:25:40'),(393,1,'post','2015-01-15 07:25:53'),(394,1,'unterschrift','2015-01-15 07:26:16'),(395,1,'essen','2015-01-15 07:26:28'),(396,1,'kuchen','2015-01-15 07:26:46'),(397,1,'sänger','2015-01-15 07:27:18'),(398,1,'absender','2015-01-15 07:27:43'),(399,1,'briefmarke','2015-01-15 07:28:03'),(400,4,'zuletzt','2015-01-15 07:28:40'),(401,2,'abfahren','2015-01-15 07:31:04'),(402,2,'ankommen','2015-01-15 07:31:54'),(403,2,'aufräumen','2015-01-15 07:33:00'),(404,2,'ausgeben','2015-01-15 07:34:39'),(405,2,'abnehmen','2015-01-15 07:37:14'),(406,2,'beibringen','2015-01-15 07:38:17'),(407,2,'mitgehen','2015-01-15 07:39:22'),(408,2,'nachdenken','2015-01-15 07:41:08'),(409,2,'vorbereiten','2015-01-15 07:41:47'),(410,2,'umbringen','2015-01-15 07:43:18'),(411,2,'weglaufen','2015-01-15 07:45:20'),(412,2,'zurückgehen','2015-01-15 07:47:52'),(413,2,'zumachen','2015-01-15 07:48:43'),(414,2,'abspülen','2015-01-15 07:50:03'),(415,2,'aufmachen','2015-01-15 07:51:58'),(416,2,'aussehen','2015-01-15 07:52:41'),(417,2,'beistehen','2015-01-15 07:53:35'),(418,2,'fortbleiben','2015-01-15 07:54:19'),(420,2,'mitnehmen','2015-01-15 07:55:52'),(421,2,'nachfolgen','2015-01-15 07:56:20'),(422,2,'vorlesen','2015-01-15 07:57:54'),(423,2,'umkommen','2015-01-15 07:59:04'),(424,2,'weggehen','2015-01-15 08:00:59'),(425,2,'zurückbleiben','2015-01-15 08:01:44'),(426,2,'zunehmen','2015-01-15 08:03:12'),(427,2,'abreißen','2015-01-15 08:04:25'),(428,2,'anfangen','2015-01-15 08:05:18'),(430,2,'verletzen','2015-01-15 20:42:12'),(431,1,'entscheid','2015-01-15 20:45:01'),(432,1,'kehrtwende','2015-01-15 20:46:16'),(433,2,'stehlen','2015-01-20 07:23:42'),(434,3,'scheusslich','2015-01-20 13:04:38'),(435,2,'empfehlen','2015-01-21 06:45:01'),(436,1,'paar','2015-01-21 07:07:16'),(437,2,'stattfinden','2015-01-21 07:21:23'),(438,3,'offenbar','2015-01-24 01:15:49'),(439,2,'zerrissen','2015-01-24 01:17:09'),(440,2,'auskommen','2015-01-24 01:21:51'),(441,1,'keim','2015-01-24 01:22:40'),(442,1,'gleis','2015-01-24 01:24:01'),(443,1,'zug','2015-01-24 01:26:17'),(444,2,'bekommen','2015-01-24 01:27:03'),(445,1,'rangierbahnhof','2015-01-24 01:30:57'),(446,2,'rechnen','2015-01-24 01:38:50'),(447,2,'mitrechnen','2015-01-24 01:39:58'),(448,3,'überlebensfähig','2015-01-24 01:40:55'),(449,3,'angespannt','2015-01-24 01:47:28'),(450,1,'lage','2015-01-24 01:48:01'),(451,2,'verteidigen','2015-01-24 01:49:57'),(452,1,'trauschein','2015-01-29 07:34:12'),(453,3,'wortgetreu','2015-01-29 07:35:35'),(454,1,'verzeichnis','2015-01-29 07:36:22'),(455,1,'bezirk','2015-01-29 07:37:08'),(456,1,'gemeinde','2015-01-29 07:37:56'),(457,2,'bestätigen','2015-01-29 07:39:32'),(458,1,'übereinstimmung','2015-01-29 07:40:47'),(459,1,'siegel','2015-01-29 07:44:11'),(460,1,'beifügung','2015-01-29 07:45:26'),(461,1,'auszug','2015-01-29 07:47:28'),(462,1,'kreide','2015-01-29 19:09:58'),(463,3,'bunte','2015-01-29 19:11:44'),(464,1,'schürze','2015-01-29 19:12:58'),(465,2,'auflösen','2015-01-29 19:17:06'),(466,2,'verblüffen','2015-01-29 19:21:15'),(467,1,'stiefel','2015-01-29 19:28:27'),(468,2,'anfeuern','2015-02-02 15:46:08'),(469,1,'leistung','2015-02-02 15:50:40'),(470,1,'schritt','2015-02-02 15:51:10'),(471,1,'platz','2015-02-02 15:51:38'),(472,1,'kampf','2015-02-02 15:52:13'),(473,1,'ziel','2015-02-02 15:52:32'),(474,2,'erreichen','2015-02-02 15:53:10'),(475,2,'hinunterlaufen','2015-02-02 16:00:11'),(476,2,'siegen','2015-02-02 16:00:57'),(477,2,'umringen','2015-02-02 16:01:14'),(478,2,'schlagen','2015-02-02 16:02:35'),(479,3,'morgens','2015-02-02 16:02:58'),(480,1,'butter','2015-02-02 16:03:45'),(481,1,'fischkutter','2015-02-02 16:04:16'),(482,1,'hafen','2015-02-02 16:04:34'),(483,1,'klima','2015-02-02 16:04:47'),(484,1,'krabbe','2015-02-02 16:05:05'),(485,1,'kuh','2015-02-02 16:05:23'),(486,1,'makrele','2015-02-02 16:06:18'),(487,1,'mast','2015-02-02 16:06:35'),(488,1,'meer','2015-02-02 16:06:58'),(489,1,'milch','2015-02-02 16:07:08'),(490,1,'muschel','2015-02-02 16:07:27'),(491,1,'netz','2015-02-02 16:07:47'),(492,1,'scholle','2015-02-02 16:08:02'),(493,1,'viehwirtschaft','2015-02-02 16:08:20'),(494,1,'weide','2015-02-02 16:08:29'),(495,1,'wiese','2015-02-02 16:08:51'),(496,1,'wind','2015-02-02 16:09:03'),(497,1,'gasthof','2015-02-02 16:09:55'),(498,1,'geschäftszentrum','2015-02-02 16:10:36'),(499,1,'grund','2015-02-02 16:10:49'),(500,3,'grosszügig','2015-02-02 16:11:04'),(501,1,'küche','2015-02-02 16:11:30'),(502,1,'kunde','2015-02-02 16:11:44'),(503,1,'vertreter','2015-02-02 16:12:26'),(504,1,'zimmer','2015-02-02 16:12:37'),(505,2,'vergleichen','2015-02-03 15:53:27'),(506,2,'liefern','2015-02-03 15:54:12'),(507,2,'wehen','2015-02-03 15:55:15'),(508,4,'ständig','2015-02-03 15:55:36'),(509,4,'besonders','2015-02-03 15:55:50'),(510,3,'schwarzbunt','2015-02-03 15:56:14'),(511,3,'ziemlich','2015-02-03 15:56:29'),(512,3,'einige','2015-02-03 15:56:49'),(513,3,'sauber','2015-02-03 15:57:05'),(514,1,'bier','2015-02-03 15:57:33'),(515,1,'dicke','2015-02-03 15:57:50'),(516,1,'handtuch','2015-02-03 15:58:25'),(517,1,'leute','2015-02-03 15:59:07'),(518,1,'kaffee','2015-02-03 15:59:20'),(519,1,'lokal','2015-02-03 15:59:41'),(520,1,'schlüssel','2015-02-03 16:00:07'),(521,1,'tablett','2015-02-03 16:00:23'),(522,1,'tee','2015-02-03 16:00:30'),(523,1,'tisch','2015-02-03 16:00:44'),(524,1,'trinkgeld','2015-02-03 16:00:59'),(525,1,'wäsche','2015-02-03 16:01:16'),(526,2,'bestellen','2015-02-03 16:02:04'),(527,2,'mangeln','2015-02-03 16:02:54'),(528,2,'schulden','2015-02-03 16:03:36'),(529,2,'übernachten','2015-02-03 16:04:57'),(530,3,'gehässig','2015-02-03 16:05:35'),(531,4,'gestern','2015-02-03 16:06:57'),(532,4,'gleich','2015-02-03 16:07:11'),(533,1,'geschirr','2015-02-03 16:07:53'),(534,1,'serviette','2015-02-03 16:08:17'),(535,1,'spülmaschine','2015-02-03 16:08:38'),(536,2,'ausräumen','2015-02-03 16:09:31'),(537,2,'einfüllen','2015-02-03 16:10:41'),(538,2,'abfüllen','2015-02-03 21:01:40'),(539,1,'bub','2015-02-04 15:32:34'),(540,1,'hecke','2015-02-04 15:32:54'),(541,1,'heckenschere','2015-02-04 15:33:31'),(542,1,'ingenieur','2015-02-04 15:34:33'),(543,1,'mäher','2015-02-04 15:34:52'),(544,1,'molch','2015-02-04 15:35:11'),(545,1,'nest','2015-02-04 15:35:27'),(546,1,'pflanze','2015-02-04 15:35:48'),(547,1,'plastiksack','2015-02-04 15:36:16'),(548,1,'rasen','2015-02-04 15:36:26'),(549,1,'reise','2015-02-04 15:36:53'),(550,1,'rose','2015-02-04 15:37:05'),(551,1,'strauch','2015-02-04 15:37:28'),(552,1,'unkraut','2015-02-04 15:38:35'),(553,2,'jäten','2015-02-04 15:39:03'),(554,2,'legen','2015-02-04 15:40:12'),(555,2,'verrichten','2015-02-04 15:41:01'),(556,2,'festbinden','2015-02-04 15:43:20'),(557,2,'giessen','2015-02-04 15:43:59'),(558,2,'schneiden','2015-02-04 15:44:14'),(559,4,'deshalb','2015-02-04 15:44:40'),(560,3,'leer','2015-02-04 15:44:55'),(561,1,'baum','2015-02-04 15:45:26'),(562,1,'biene','2015-02-04 15:45:53'),(563,1,'fliege','2015-02-04 15:46:06'),(564,1,'honig','2015-02-04 15:46:17'),(565,1,'maikäfer','2015-02-04 15:46:45'),(566,1,'marienkäfer','2015-02-04 15:47:13'),(567,1,'mücke','2015-02-04 15:47:50'),(568,1,'regenwurm','2015-02-04 15:48:48'),(569,1,'schnecke','2015-02-04 15:49:14'),(570,1,'wespe','2015-02-04 15:49:24'),(571,2,'fliegen','2015-02-04 15:49:41'),(572,2,'kreichen','2015-02-04 15:49:51'),(573,2,'summen','2015-02-04 15:50:07'),(574,2,'kehren','2015-02-04 15:50:30'),(575,2,'rechen','2015-02-04 15:50:40'),(576,1,'besen','2015-02-04 15:50:55'),(577,1,'eingang','2015-02-04 15:51:17'),(578,1,'gerät','2015-02-04 15:51:35'),(579,1,'leiter','2015-02-04 15:52:07'),(580,1,'nelke','2015-02-04 15:52:36'),(581,1,'rechen','2015-02-04 15:52:57'),(582,2,'wachsen','2015-02-04 15:53:40'),(583,1,'schlauch','2015-02-04 15:54:41'),(584,1,'bewegung','2015-02-04 15:56:57'),(585,2,'verdrängen','2015-02-04 15:59:40'),(586,1,'impfung','2015-02-04 16:02:51'),(587,1,'armband','2015-02-07 19:04:24'),(588,1,'bluse','2015-02-07 19:04:37'),(589,1,'geburtstag','2015-02-07 19:05:00'),(590,1,'kassenzettel','2015-02-07 19:05:39'),(591,1,'kleid','2015-02-07 19:06:02'),(592,1,'pulli','2015-02-07 19:06:37'),(593,1,'schlafanzug','2015-02-07 19:07:35'),(594,1,'tasche','2015-02-07 19:07:50'),(596,2,'auspacken','2015-02-07 19:08:39'),(597,2,'umtauschen','2015-02-07 19:09:31'),(598,2,'ansehen','2015-02-07 19:10:22'),(599,2,'aufheben','2015-02-07 19:11:12'),(600,2,'einlaufen','2015-02-07 19:11:42'),(601,2,'raten','2015-02-07 19:11:56'),(602,3,'eng','2015-02-07 19:12:09'),(603,3,'neugierig','2015-02-07 19:12:20'),(604,2,'anziehen','2015-02-07 19:13:07'),(605,1,'strumpf','2015-02-07 19:13:48'),(606,1,'becher','2015-02-07 19:19:45'),(607,1,'birne','2015-02-07 19:20:25'),(608,1,'bund','2015-02-07 19:20:45'),(609,1,'ei','2015-02-07 19:21:05'),(610,1,'gurke','2015-02-07 19:21:25'),(611,1,'käse','2015-02-07 19:21:36'),(612,1,'kirsche','2015-02-07 19:21:52'),(613,1,'lebensmittel','2015-02-07 19:22:24'),(614,1,'mehl','2015-02-07 19:22:37'),(615,1,'milcherzeugnis','2015-02-07 19:23:24'),(616,1,'obst','2015-02-07 19:24:00'),(617,1,'pfirsich','2015-02-07 19:24:52'),(618,1,'pflaume','2015-02-07 19:25:10'),(619,1,'salat','2015-02-07 19:25:32'),(620,1,'salz','2015-02-07 19:25:41'),(621,1,'tomate','2015-02-07 19:26:20'),(622,1,'traube','2015-02-07 19:26:33'),(623,1,'zucker','2015-02-07 19:26:41'),(624,1,'joghurt','2015-02-07 19:27:12'),(625,1,'rindfleisch','2015-02-07 19:27:27'),(626,1,'inhaber','2015-02-07 19:27:56'),(627,1,'gewicht','2015-02-07 19:28:14'),(628,1,'fleisch','2015-02-07 19:28:38'),(629,1,'fleischer','2015-02-07 19:28:52'),(630,1,'fleischerei','2015-02-07 19:29:27'),(631,2,'wiegen','2015-02-07 19:30:03'),(632,2,'abschneiden','2015-02-07 19:30:31'),(633,1,'obdach','2015-02-13 20:28:15'),(634,3,'obdachlos','2015-02-13 20:28:25'),(635,1,'regierung','2015-02-13 20:29:45'),(636,2,'besprechen','2015-02-13 20:31:11'),(637,1,'erzeugnis','2015-02-13 20:33:23'),(638,2,'belassen','2015-02-13 20:34:12'),(639,3,'vermeintlich','2015-02-13 20:37:42'),(640,2,'ergattern','2015-02-13 20:39:21'),(641,3,'nützlich','2015-02-13 20:39:52'),(642,2,'gratulieren','2015-02-19 07:00:45'),(643,2,'passen','2015-02-19 07:03:23'),(644,1,'boutique','2015-02-19 07:13:46'),(645,1,'halstuch','2015-02-19 07:14:12'),(646,1,'hosenanzug','2015-02-19 07:14:50'),(647,1,'kleidung','2015-02-19 07:15:09'),(648,1,'kostüm','2015-02-19 07:15:36'),(649,1,'mütze','2015-02-19 07:15:56'),(650,1,'preis','2015-02-19 07:16:12'),(651,1,'rock','2015-02-19 07:16:26'),(652,1,'grusel','2015-02-19 07:31:15'),(653,2,'geschehen','2015-02-26 07:20:25'),(654,1,'hitze','2015-02-26 07:20:52'),(655,1,'schnee','2015-02-26 07:20:59'),(656,1,'gewitter','2015-02-26 07:21:21'),(657,1,'frühling','2015-02-26 07:23:07'),(658,1,'sommer','2015-02-26 07:23:14'),(659,1,'herbst','2015-02-26 07:23:26'),(660,1,'winter','2015-02-26 07:23:34'),(661,2,'verursachen','2015-02-26 07:24:03'),(662,3,'unbeständig','2015-02-26 07:24:56'),(663,2,'beeinflussen','2015-02-26 07:25:41'),(664,1,'vorhersage','2015-02-26 07:26:21'),(665,3,'mässig','2015-02-26 07:26:44'),(666,4,'hauptsächlich','2015-02-26 07:28:23'),(667,4,'zeitweilig','2015-02-26 07:29:35'),(668,2,'begreifen','2015-02-26 21:13:49'),(669,3,'zaghaft','2015-02-26 21:15:08'),(670,3,'erblich','2015-02-26 21:16:26'),(671,1,'rätsel','2015-02-26 21:17:50'),(672,2,'verlieren','2015-02-26 21:20:06'),(673,1,'wut','2015-02-26 21:20:52'),(674,1,'mut','2015-02-26 21:21:20'),(675,1,'gras','2015-03-22 18:00:57'),(676,1,'schatten','2015-03-22 18:01:16'),(677,1,'strand','2015-03-22 18:01:54'),(678,1,'schlacht','2015-03-22 18:04:00'),(679,2,'wehren','2015-03-22 18:05:24'),(680,2,'abholen','2015-03-22 18:05:59'),(681,2,'abtrocknen','2015-03-22 18:06:46'),(682,2,'anspritzen','2015-03-22 18:07:16'),(683,2,'packen','2015-03-22 18:07:27'),(684,3,'gemein','2015-03-22 18:07:43'),(685,1,'bauch','2015-03-22 18:08:13'),(686,1,'stein','2015-03-22 18:08:28'),(687,2,'verschwinden','2015-03-22 18:14:48'),(688,2,'umziehen','2015-03-22 18:15:51'),(689,2,'tauchen','2015-03-22 18:16:18'),(690,1,'rücken','2015-03-22 18:16:52'),(691,2,'ausziehen','2015-03-22 18:18:12'),(692,1,'arm','2015-03-22 18:18:41'),(693,1,'bein','2015-03-22 18:18:55'),(694,1,'kinn','2015-03-22 18:19:28'),(695,1,'lippe','2015-03-22 18:19:40'),(696,1,'nase','2015-03-22 18:19:51'),(697,1,'stirn','2015-03-22 18:20:04'),(698,1,'besteck','2015-03-22 18:20:51'),(699,1,'kellnerin','2015-03-22 18:22:08'),(700,1,'panne','2015-03-22 18:22:42'),(701,2,'umrühren','2015-03-22 18:24:09'),(702,1,'braten','2015-03-22 18:24:41'),(703,1,'hauptgericht','2015-03-22 18:25:18'),(704,1,'mahlzeit','2015-03-22 18:25:40'),(705,1,'sorge','2015-03-22 18:26:51'),(706,1,'nachspeise','2015-03-22 18:27:11'),(707,1,'münze','2015-03-22 18:27:33'),(708,1,'keller','2015-03-22 18:38:46'),(709,1,'kram','2015-03-22 18:38:52'),(710,1,'stock','2015-03-22 18:41:32'),(711,1,'toilette','2015-03-22 18:42:11'),(712,1,'treppe','2015-03-22 18:42:29'),(713,2,'erben','2015-03-22 18:42:59'),(714,1,'dachboden','2015-03-22 18:46:40'),(715,3,'grinsend','2015-03-22 19:04:22'),(716,3,'fleißig','2015-03-22 19:05:39'),(717,2,'seufzen','2015-03-22 19:06:25'),(718,1,'abschlußprüfung','2015-03-22 19:10:03'),(719,2,'büffeln','2015-03-22 19:12:59'),(720,1,'erlebnis','2015-03-22 19:14:28'),(721,2,'wühlen','2015-03-22 19:23:28'),(722,1,'jammer','2015-03-22 21:21:34'),(723,2,'aufregen','2015-03-22 21:23:16'),(724,1,'schmaus','2015-03-22 21:24:09'),(725,3,'tolpatschig','2015-03-24 06:27:39'),(726,1,'schachteln','2015-03-24 06:28:41'),(727,4,'beinahe','2015-03-24 06:31:47'),(728,1,'ohnmacht','2015-03-24 06:32:35'),(729,2,'stöhnen','2015-03-24 06:33:59'),(730,2,'entdecken','2015-03-24 06:35:14'),(731,1,'höhle','2015-03-24 06:35:44'),(732,2,'hineinschauen','2015-03-24 06:36:52'),(733,2,'beschlossen','2015-03-24 06:37:37'),(734,1,'kästchen','2015-03-24 06:39:37'),(735,2,'ermuntern','2015-03-24 06:40:36'),(736,2,'erfunden','2015-03-24 06:43:14'),(737,4,'furchtbar','2015-03-24 06:46:21'),(738,2,'steuern','2015-03-24 06:48:21'),(739,2,'zerschellen','2015-03-24 06:48:55'),(740,4,'sonst','2015-03-24 06:51:59'),(741,4,'unbedingt','2015-03-24 06:52:45'),(742,2,'gelingen','2015-03-24 06:54:55'),(743,1,'docht','2015-03-24 06:55:38'),(744,1,'aufregung','2015-03-24 06:57:46'),(745,1,'zweig','2015-03-24 08:24:33'),(746,3,'drall','2015-03-24 08:26:01'),(747,2,'beugen','2015-03-24 08:26:32'),(748,1,'raureif','2015-03-24 08:27:36'),(750,2,'schallen','2015-03-24 08:29:09'),(751,3,'prall','2015-03-24 08:30:19'),(752,2,'verwahren','2015-03-24 08:31:54'),(753,3,'unterbrochen','2015-03-24 08:33:54'),(754,2,'ersonnen','2015-03-24 08:34:48'),(755,1,'sieg','2015-03-24 08:36:49'),(756,2,'wählen','2015-03-24 08:37:36'),(757,1,'kasten','2015-03-24 08:39:40'),(758,1,'strauß','2015-03-24 08:41:21'),(759,1,'kasse','2015-03-24 08:42:17'),(760,2,'schämen','2015-03-24 08:43:45'),(761,2,'bücken','2015-03-24 08:44:37'),(763,2,'zwinkern','2015-03-24 08:47:35'),(764,3,'grausam','2015-03-24 08:50:57'),(765,1,'hinrichtung','2015-03-24 08:52:35'),(766,1,'müll','2015-03-24 08:55:29'),(767,2,'ächten','2015-03-24 08:57:17'),(768,4,'irgendwann','2015-03-24 08:58:00'),(769,1,'flüchtling','2015-03-24 09:00:42'),(770,3,'blutrünstig','2015-03-24 18:42:23'),(771,1,'beweis','2015-03-24 18:47:23'),(772,3,'ausführlich','2015-03-24 20:04:02'),(773,2,'abdecken','2015-03-25 22:52:47'),(774,2,'erstellen','2015-03-25 22:53:25'),(775,1,'sicherheit','2015-03-26 19:56:30'),(776,1,'vorkehrung','2015-03-26 19:58:17'),(777,1,'anwaltschaft','2015-03-26 20:00:42'),(778,2,'aussperren','2015-03-26 20:01:35'),(779,3,'vorsätzlich','2015-03-26 20:03:13'),(780,1,'muster','2015-03-26 22:00:06'),(781,2,'herstellen','2015-03-26 22:06:49'),(782,1,'zweifel','2015-03-27 17:35:41'),(783,2,'erfahren','2015-03-27 17:36:58'),(784,1,'unglück','2015-03-27 17:39:56'),(785,1,'botschaft','2015-04-03 16:54:04'),(786,1,'vergebung','2015-04-03 16:55:17'),(787,1,'verzweiflung','2015-04-03 16:56:06'),(788,2,'lohnen','2015-04-03 16:57:42'),(789,3,'öffentlich','2015-04-03 16:59:46'),(790,2,'trauen','2015-04-03 17:05:44'),(791,2,'wünschen','2015-04-10 06:34:40');
/*!40000 ALTER TABLE `word` ENABLE KEYS */;
UNLOCK TABLES;

--
-- Table structure for table `word_attribute`
--

DROP TABLE IF EXISTS `word_attribute`;
/*!40101 SET @saved_cs_client     = @@character_set_client */;
/*!40101 SET character_set_client = utf8 */;
CREATE TABLE `word_attribute` (
  `attribute_id` int(11) NOT NULL,
  `word_id` int(11) NOT NULL,
  `value` varchar(1024) DEFAULT NULL,
  PRIMARY KEY (`attribute_id`,`word_id`),
  KEY `word_id` (`word_id`),
  CONSTRAINT `word_attribute_ibfk_1` FOREIGN KEY (`attribute_id`) REFERENCES `attribute` (`id`) ON DELETE CASCADE,
  CONSTRAINT `word_attribute_ibfk_2` FOREIGN KEY (`word_id`) REFERENCES `word` (`id`) ON DELETE CASCADE
) ENGINE=InnoDB DEFAULT CHARSET=utf8;
/*!40101 SET character_set_client = @saved_cs_client */;

--
-- Dumping data for table `word_attribute`
--

LOCK TABLES `word_attribute` WRITE;
/*!40000 ALTER TABLE `word_attribute` DISABLE KEYS */;
INSERT INTO `word_attribute` VALUES (1,15,'die'),(1,16,'die'),(1,17,'der'),(1,18,'der'),(1,19,'der'),(1,20,'der'),(1,21,'die'),(1,22,'die'),(1,23,'die'),(1,24,'der'),(1,32,'der'),(1,33,'die'),(1,34,'das'),(1,35,'das'),(1,43,'der'),(1,44,'der'),(1,45,'der'),(1,46,'die'),(1,47,'die'),(1,49,'das'),(1,53,'die'),(1,54,'die'),(1,55,'das'),(1,65,'der'),(1,70,'die'),(1,71,'der'),(1,73,'der'),(1,79,'das'),(1,80,'der'),(1,82,'die'),(1,83,'die'),(1,84,'die'),(1,86,'die'),(1,87,'die'),(1,88,'das'),(1,91,'das'),(1,109,'das'),(1,110,'das'),(1,112,'das'),(1,115,'das'),(1,123,'der'),(1,131,'der'),(1,132,'das'),(1,133,'die'),(1,134,'das'),(1,135,'der'),(1,136,'das'),(1,137,'die'),(1,139,'das'),(1,140,'das'),(1,141,'die'),(1,142,'die'),(1,143,'die'),(1,144,'die'),(1,145,'das'),(1,146,'die'),(1,147,'die'),(1,148,'der'),(1,151,'die'),(1,152,'das'),(1,153,'der'),(1,158,'das'),(1,163,'das'),(1,164,'der'),(1,166,'die'),(1,168,'der'),(1,169,'die'),(1,170,'der'),(1,180,'die'),(1,181,'der'),(1,182,'der'),(1,183,'die'),(1,184,'das'),(1,185,'die'),(1,186,'der'),(1,187,'das'),(1,188,'die'),(1,189,'die'),(1,190,'die'),(1,191,'der'),(1,192,'die'),(1,193,'der'),(1,194,'der'),(1,195,'die'),(1,196,'die'),(1,197,'die'),(1,198,'die'),(1,199,'der'),(1,200,'das'),(1,201,'der'),(1,202,'der'),(1,203,'der'),(1,204,'der'),(1,205,'die'),(1,206,'der'),(1,207,'die'),(1,208,'die'),(1,209,'die'),(1,210,'die'),(1,211,'die'),(1,212,'die'),(1,213,'die'),(1,214,'das'),(1,215,'der'),(1,216,'der'),(1,217,'der'),(1,218,'der'),(1,220,'die'),(1,223,'die'),(1,224,'der'),(1,226,'der'),(1,227,'der'),(1,228,'der'),(1,229,'der'),(1,230,'das'),(1,231,'der'),(1,232,'das'),(1,233,'das'),(1,234,'der'),(1,235,'der'),(1,236,'die'),(1,237,'die'),(1,239,'der'),(1,240,'der'),(1,241,'die'),(1,242,'das'),(1,243,'die'),(1,244,'der'),(1,245,'die'),(1,246,'der'),(1,247,'die'),(1,248,'die'),(1,249,'die'),(1,250,'der'),(1,251,'der'),(1,252,'die'),(1,253,'der'),(1,254,'der'),(1,260,'das'),(1,262,'der'),(1,263,'die'),(1,266,'das'),(1,267,'das'),(1,268,'der'),(1,269,'die'),(1,272,'die'),(1,274,'der'),(1,275,'die'),(1,276,'der'),(1,277,'der'),(1,278,'die'),(1,279,'der'),(1,285,'der'),(1,286,'das'),(1,289,'die'),(1,292,'das'),(1,293,'das'),(1,294,'das'),(1,296,'das'),(1,300,'das'),(1,301,'der'),(1,302,'der'),(1,305,'der'),(1,306,'der'),(1,307,'der'),(1,308,'der'),(1,309,'die'),(1,310,'die'),(1,311,'die'),(1,312,'die'),(1,313,'der'),(1,314,'die'),(1,315,'das'),(1,316,'die'),(1,317,'der'),(1,320,'der'),(1,321,'das'),(1,326,'die'),(1,329,'der'),(1,330,'der'),(1,336,'das'),(1,337,'die'),(1,338,'das'),(1,341,'die'),(1,342,'das'),(1,343,'das'),(1,348,'der'),(1,349,'das'),(1,354,'der'),(1,356,'der'),(1,357,'der'),(1,358,'der'),(1,360,'die'),(1,361,'das'),(1,362,'der'),(1,364,'die'),(1,365,'das'),(1,367,'das'),(1,370,'der'),(1,372,'die'),(1,373,'der'),(1,386,'die'),(1,387,'der'),(1,388,'das'),(1,389,'der'),(1,390,'der'),(1,391,'der'),(1,392,'der'),(1,393,'die'),(1,394,'die'),(1,395,'das'),(1,396,'der'),(1,397,'der'),(1,398,'der'),(1,399,'die'),(1,431,'der'),(1,432,'die'),(1,436,'das'),(1,441,'der'),(1,442,'der'),(1,443,'der'),(1,445,'der'),(1,450,'die'),(1,452,'der'),(1,454,'das'),(1,455,'der'),(1,456,'die'),(1,458,'die'),(1,459,'das'),(1,460,'die'),(1,461,'der'),(1,462,'die'),(1,464,'die'),(1,467,'der'),(1,469,'die'),(1,470,'der'),(1,471,'der'),(1,472,'der'),(1,473,'das'),(1,480,'die'),(1,481,'der'),(1,482,'der'),(1,483,'das'),(1,484,'die'),(1,485,'die'),(1,486,'die'),(1,487,'der'),(1,488,'das'),(1,489,'die'),(1,490,'die'),(1,491,'das'),(1,492,'die'),(1,493,'die'),(1,494,'die'),(1,495,'die'),(1,496,'der'),(1,497,'der'),(1,498,'das'),(1,499,'der'),(1,501,'die'),(1,502,'der'),(1,503,'der'),(1,504,'das'),(1,514,'das'),(1,515,'der'),(1,516,'das'),(1,517,'die'),(1,518,'der'),(1,519,'das'),(1,520,'der'),(1,521,'das'),(1,522,'der'),(1,523,'der'),(1,524,'das'),(1,525,'die'),(1,533,'das'),(1,534,'die'),(1,535,'die'),(1,539,'der'),(1,540,'die'),(1,541,'die'),(1,542,'der'),(1,543,'der'),(1,544,'der'),(1,545,'das'),(1,546,'die'),(1,547,'der'),(1,548,'der'),(1,549,'die'),(1,550,'die'),(1,551,'der'),(1,552,'das'),(1,561,'der'),(1,562,'die'),(1,563,'die'),(1,564,'der'),(1,565,'der'),(1,566,'der'),(1,567,'die'),(1,568,'der'),(1,569,'die'),(1,570,'die'),(1,576,'der'),(1,577,'der'),(1,578,'das'),(1,579,'die'),(1,580,'die'),(1,581,'der'),(1,583,'der'),(1,584,'die'),(1,586,'die'),(1,587,'das'),(1,588,'die'),(1,589,'der'),(1,590,'der'),(1,591,'das'),(1,592,'der'),(1,593,'der'),(1,594,'die'),(1,605,'der'),(1,606,'der'),(1,607,'die'),(1,608,'das'),(1,609,'das'),(1,610,'die'),(1,611,'der'),(1,612,'die'),(1,613,'die'),(1,614,'das'),(1,615,'das'),(1,616,'das'),(1,617,'der'),(1,618,'die'),(1,619,'der'),(1,620,'das'),(1,621,'die'),(1,622,'die'),(1,623,'der'),(1,624,'der'),(1,625,'das'),(1,626,'der'),(1,627,'das'),(1,628,'das'),(1,629,'der'),(1,630,'die'),(1,633,'das'),(1,635,'die'),(1,637,'das'),(1,644,'die'),(1,645,'das'),(1,646,'der'),(1,647,'die'),(1,648,'das'),(1,649,'die'),(1,650,'der'),(1,651,'der'),(1,652,'der'),(1,654,'die'),(1,655,'der'),(1,656,'das'),(1,657,'der'),(1,658,'der'),(1,659,'der'),(1,660,'der'),(1,664,'die'),(1,671,'das'),(1,673,'die'),(1,674,'der'),(1,675,'das'),(1,676,'der'),(1,677,'der'),(1,678,'die'),(1,685,'der'),(1,686,'der'),(1,690,'der'),(1,692,'der'),(1,693,'das'),(1,694,'das'),(1,695,'die'),(1,696,'die'),(1,697,'die'),(1,698,'das'),(1,699,'die'),(1,700,'die'),(1,702,'der'),(1,703,'das'),(1,704,'die'),(1,705,'die'),(1,706,'die'),(1,707,'die'),(1,708,'der'),(1,709,'der'),(1,710,'der'),(1,711,'die'),(1,712,'die'),(1,714,'der'),(1,718,'die'),(1,720,'das'),(1,722,'der'),(1,724,'der'),(1,726,'die'),(1,728,'die'),(1,731,'die'),(1,734,'das'),(1,743,'der'),(1,744,'die'),(1,745,'der'),(1,748,'der'),(1,755,'der'),(1,757,'der'),(1,758,'der'),(1,759,'die'),(1,765,'die'),(1,766,'der'),(1,769,'der'),(1,771,'der'),(1,775,'die'),(1,776,'die'),(1,777,'die'),(1,780,'der'),(1,782,'der'),(1,784,'das'),(1,785,'die'),(1,786,'die'),(1,787,'die'),(3,15,'blumen'),(3,20,'schuhe'),(3,21,'zwiebeln'),(3,22,'erdbeeren'),(3,23,'kneipen'),(3,24,'fußgänger'),(3,32,'berufe'),(3,33,'zitronen'),(3,34,'bäder'),(3,35,'dörfer'),(3,43,'äpfel'),(3,44,'löffel'),(3,45,'teppiche'),(3,46,'tapeten'),(3,47,'mengen'),(3,49,'blätter'),(3,53,'freizeit'),(3,54,'sahne'),(3,55,'brote'),(3,65,'vorwürfe'),(3,70,'zierereien'),(3,71,'greuel'),(3,73,'säle'),(3,79,'glanzstücke'),(3,80,'köpfe'),(3,82,'sachen'),(3,83,'stunden'),(3,84,'absichten'),(3,86,'klemmen'),(3,87,'beleidigungen'),(3,91,'gesichter'),(3,110,'löcher'),(3,112,'abenteuer'),(3,115,'hufeisen'),(3,123,'betten'),(3,131,'spitznamen'),(3,132,'augen'),(3,133,'brillen'),(3,134,'hobbys'),(3,136,'haare'),(3,137,'farben'),(3,139,'räder'),(3,140,'lenkräder'),(3,141,'raupen'),(3,142,'wissenschaften'),(3,143,'die wirtschaften'),(3,144,'gesellschaften'),(3,145,'gespräche'),(3,146,'meinungen'),(3,147,'wolken'),(3,148,'teller'),(3,151,'auswahlen'),(3,152,'ergebnisse'),(3,153,'forscher'),(3,158,'hähnchen'),(3,163,'kinder'),(3,164,'haie'),(3,166,'überraschungen'),(3,168,'maulwürfe'),(3,169,'enten'),(3,170,'vögel'),(3,180,'decken'),(3,181,'flüsse'),(3,182,'säfte'),(3,183,'ahnungen'),(3,184,'schilder'),(3,185,'tankstellen'),(3,186,'väter'),(3,187,'bilder'),(3,188,'basen'),(3,189,'mütter'),(3,190,'städte'),(3,191,'söhne'),(3,192,'töchter'),(3,193,'landwirte'),(3,194,'aufsätze'),(3,197,'antworten'),(3,198,'aufgaben'),(3,199,'bleistifte'),(3,200,'etuis'),(3,201,'kulis'),(3,202,'schüler'),(3,203,'morgen'),(3,205,'tafeln'),(3,206,'schwämme'),(3,207,'seiten'),(3,210,'nummern'),(3,211,'verbindungen'),(3,212,'einladungen'),(3,213,'nüsse'),(3,214,'felle'),(3,215,'würfel'),(3,216,'kotflügel'),(3,217,'bagger'),(3,218,'kipplaster'),(3,223,'stoßstangen'),(3,224,'schaufellader'),(3,226,'auspuffe'),(3,227,'reifen'),(3,229,'schornsteine'),(3,231,'sterne'),(3,232,'dreiecke'),(3,233,'quadrate'),(3,234,'kreise'),(3,235,'hubschrauber'),(3,236,'mauern'),(3,237,'grenzen'),(3,239,'anzüge'),(3,240,'gürtel'),(3,241,'grössen'),(3,242,'hemden'),(3,243,'hosen'),(3,244,'hüte'),(3,245,'jacken'),(3,246,'mäntel'),(3,247,'bundweiten'),(3,250,'meter'),(3,251,'füsse'),(3,252,'krawatten'),(3,253,'laster'),(3,254,'schlitten'),(3,260,'gerichte'),(3,266,'konzerte'),(3,267,'boote'),(3,268,'nachmattage'),(3,272,'entscheidungen'),(3,274,'klötze'),(3,275,'kugeln'),(3,276,'matrosen'),(3,277,'stadtpläne'),(3,278,'fragen'),(3,279,'seen'),(3,285,'böden'),(3,286,'klaviere'),(3,289,'ängste'),(3,292,'verhältnisse'),(3,293,'wörter'),(3,294,'geschenke'),(3,300,'ereignisse'),(3,301,'räume'),(3,302,'böller'),(3,306,'affen'),(3,307,'läden'),(3,308,'wale'),(3,309,'krähen'),(3,310,'mäuse'),(3,311,'schildkröten'),(3,312,'schlangen'),(3,313,'adler'),(3,314,'gabeln'),(3,315,'messer'),(3,316,'zahnbürsten'),(3,317,'zähne'),(3,320,'körbe'),(3,326,'redaktionen'),(3,329,'angriffe'),(3,330,'anschläge'),(3,338,'hecke'),(3,341,'wahlen'),(3,342,'tiere'),(3,343,'säugetiere'),(3,348,'hamster'),(3,354,'hasen'),(3,356,'hälse'),(3,357,'hirsche'),(3,358,'paviane'),(3,360,'hauptstädte'),(3,361,'bretter'),(3,362,'knochen'),(3,364,'opfer'),(3,365,'gebäude'),(3,367,'brandsätze'),(3,370,'täter'),(3,372,'spuren'),(3,373,'schmetterlinge'),(3,386,'anreden'),(3,387,'briefe'),(3,388,'daten'),(3,389,'erwachsenen'),(3,390,'grüsse'),(3,391,'monate'),(3,392,'orte'),(3,394,'unterschriften'),(3,396,'kuchen'),(3,397,'sänger'),(3,398,'absender'),(3,399,'briefmarken'),(3,431,'entscheide'),(3,432,'kehrtwenden'),(3,436,'parre'),(3,441,'keimen'),(3,442,'gleise'),(3,443,'züge'),(3,445,'rangierbahnhöfe'),(3,450,'lagen'),(3,452,'trauscheine'),(3,454,'verzeichnisse'),(3,455,'bezirke'),(3,456,'gemeinden'),(3,458,'übereinstimmungen'),(3,459,'siegel'),(3,460,'beifügungen'),(3,461,'auszüge'),(3,464,'schürzen'),(3,467,'stiefel'),(3,469,'leistungen'),(3,470,'schritte'),(3,471,'plätze'),(3,472,'kämpfe'),(3,473,'ziele'),(3,481,'fischkutter'),(3,482,'häfen'),(3,484,'krabben'),(3,485,'kühe'),(3,486,'makrelen'),(3,487,'masten'),(3,488,'meere'),(3,490,'muscheln'),(3,491,'netze'),(3,492,'schollen'),(3,494,'weiden'),(3,495,'wiesen'),(3,496,'winde'),(3,497,'gasthöfe'),(3,498,'geschäftszentren'),(3,499,'gründe'),(3,502,'kunden'),(3,503,'vertreter'),(3,504,'zimmer'),(3,514,'biere'),(3,515,'dicken'),(3,516,'handtücher'),(3,517,'leute'),(3,518,'kaffees'),(3,519,'lokale'),(3,520,'schlüssel'),(3,521,'tablette'),(3,522,'tees'),(3,523,'tische'),(3,524,'trinkgelder'),(3,534,'servietten'),(3,535,'spülmachinen'),(3,539,'buben'),(3,540,'hecken'),(3,541,'heckenscheren'),(3,542,'ingenieure'),(3,543,'mäher'),(3,544,'molche'),(3,545,'nester'),(3,546,'pflanzen'),(3,547,'plasticsäcke'),(3,548,'rasen'),(3,549,'reisen'),(3,550,'rosen'),(3,551,'sträucher'),(3,561,'bäume'),(3,562,'bienen'),(3,563,'fliegen'),(3,565,'maikäfer'),(3,566,'marienkäfer'),(3,567,'mücken'),(3,568,'regenwürme'),(3,569,'schnecken'),(3,570,'wespen'),(3,576,'besen'),(3,577,'eingänge'),(3,578,'geräte'),(3,579,'leitern'),(3,580,'nelken'),(3,581,'rechen'),(3,583,'schläuche'),(3,584,'bewegungen'),(3,586,'impfungen'),(3,587,'armbänder'),(3,588,'blusen'),(3,589,'geburtstage'),(3,590,'kassenzettel'),(3,591,'kleider'),(3,592,'pullis'),(3,593,'schlafanzüge'),(3,594,'taschen'),(3,605,'strümpfe'),(3,606,'becher'),(3,607,'birnen'),(3,609,'eier'),(3,610,'gurken'),(3,611,'käse'),(3,612,'kirschen'),(3,613,'lebensmittel'),(3,615,'milcherzeugnisse'),(3,617,'pfirsiche'),(3,618,'pflaumen'),(3,619,'salate'),(3,621,'tomaten'),(3,622,'trauben'),(3,624,'joghurts'),(3,626,'inhaber'),(3,627,'gewichte'),(3,630,'fleischereien'),(3,637,'erzeugnisse'),(3,644,'boutiquen'),(3,645,'halstücher'),(3,646,'hosenanzüge'),(3,648,'kostüme'),(3,649,'mützen'),(3,650,'preise'),(3,651,'röcke'),(3,656,'gewitter'),(3,658,'summer'),(3,664,'vorhersagen'),(3,671,'rätsel'),(3,677,'strände'),(3,678,'schlachten'),(3,685,'bäuche'),(3,686,'steine'),(3,690,'rücken'),(3,692,'arme'),(3,693,'beine'),(3,694,'kinne'),(3,695,'lippen'),(3,696,'nasen'),(3,697,'stirnen'),(3,698,'bestecke'),(3,699,'kellnerinnen'),(3,700,'pannen'),(3,702,'braten'),(3,703,'hauptgerichte'),(3,704,'mahlzeiten'),(3,705,'sorgen'),(3,706,'nachspeisen'),(3,707,'münzen'),(3,708,'keller'),(3,710,'stöcke'),(3,711,'toiletten'),(3,712,'treppen'),(3,714,'dachböden'),(3,718,'abschlußprüfungen'),(3,720,'erlebnisse'),(3,726,'schachteln'),(3,731,'höhlen'),(3,734,'kästchen'),(3,743,'dochte'),(3,745,'zweigen'),(3,755,'siege'),(3,757,'kästen'),(3,758,'strauße'),(3,759,'kassen'),(3,765,'hinrichtungen'),(3,769,'flüchtlinge'),(3,771,'beweise'),(3,775,'sicherheiten'),(3,776,'vorkehrungen'),(3,780,'mustern'),(3,782,'zweifel'),(3,784,'unglücke'),(3,785,'botschaften'),(5,14,'to throw'),(5,15,'flower'),(5,16,'family'),(5,17,'noise'),(5,18,'cauliflower'),(5,19,'bacon'),(5,20,'shoe'),(5,21,'onion'),(5,22,'strawberry'),(5,23,'bar'),(5,24,'pedestrian'),(5,25,'to work'),(5,26,'to get gas'),(5,27,'to rent'),(5,28,'to celebrate'),(5,29,'to send, mail'),(5,30,'to marry'),(5,31,'to last, to take time'),(5,32,'profession'),(5,33,'lemon'),(5,34,'bath'),(5,35,'village'),(5,36,'to have'),(5,37,'to show, indicate'),(5,38,'to visit'),(5,40,'to know something (a fact)'),(5,41,'to know a person/place/thing'),(5,42,'cold'),(5,43,'apple'),(5,44,'spoon'),(5,45,'carpet'),(5,46,'wallpaper'),(5,47,'amount'),(5,49,'leaf'),(5,52,'red'),(5,53,'leisure time'),(5,54,'cream'),(5,55,'bread'),(5,56,'to grasp, to grip'),(5,57,'to set, put down; to sit down'),(5,58,'to improve'),(5,59,'to eat'),(5,60,'to stick, prick, sting'),(5,61,'to go'),(5,62,'to tickle, tittilate'),(5,63,'to comfort, soothe'),(5,64,'silly'),(5,65,'charge, reproach, accusation'),(5,66,'annoying, irritating'),(5,67,'necessary, due, required'),(5,68,'to tease, taunt'),(5,69,'to chide, rebuke, berate'),(5,70,'affectation, preciosity'),(5,71,'abomination, something loathesome'),(5,73,'hall, large room'),(5,74,'precious, valuable'),(5,75,'to pull, to tug'),(5,76,'to imitate, mimic, clone'),(5,79,'gem, piece de resistance'),(5,80,'the head'),(5,81,'strange, peculiar'),(5,82,'matter, thing, affair'),(5,83,'an hour, a time period'),(5,84,'purpose, objective'),(5,85,'sneezing powder'),(5,86,'dilemma, awkward position'),(5,87,'an affront, insult'),(5,88,'a failure, flop'),(5,89,'worse'),(5,90,'to shake something'),(5,91,'face, countenance'),(5,92,'to gather'),(5,93,'to eavesdrop'),(5,94,'to continue, to proceed'),(5,95,'to carry, wear, support, bear'),(5,96,'certainly'),(5,97,'to assume, infer'),(5,98,'to accomplish, to create'),(5,100,'to give'),(5,109,'property, assets'),(5,110,'a hole'),(5,111,'hot'),(5,112,'adventure, escapade'),(5,113,'to fall, crash'),(5,114,'to estimate, reckon, value, assess'),(5,115,'horseshoe'),(5,116,'upright, vertical'),(5,117,'to mount, install'),(5,118,'to recollect, remember, recall'),(5,119,'to miss (someone), to long for'),(5,120,'petty, small-minded'),(5,121,'bleak, gloomy'),(5,122,'sinister, creepy'),(5,123,'bed'),(5,124,'to await, to expect'),(5,125,'to invite'),(5,126,'to introduce (someone), present, suggest'),(5,127,'short'),(5,128,'wavy, curly (of hair)'),(5,129,'straight (of hair)'),(5,130,'funny'),(5,131,'nickname'),(5,132,'eye'),(5,133,'a pair of eyeglasses (you don\'t wear brillen, you wear a brille)'),(5,134,'hobby'),(5,135,'thirst'),(5,136,'hair'),(5,137,'color'),(5,138,'to serve (guests)'),(5,139,'wheel'),(5,140,'steering wheel'),(5,141,'caterpillar'),(5,142,'science'),(5,143,'industry, business, commerce'),(5,144,'society'),(5,145,'a conversation'),(5,146,'view, opinion'),(5,147,'cloud'),(5,148,'(dinner) plate'),(5,149,'watery'),(5,150,'wohlschmeckend'),(5,151,'choice, selection'),(5,152,'result'),(5,153,'researcher, research scientist'),(5,154,'to test, check, survey'),(5,155,'to balance out'),(5,156,'to serve, to dish up'),(5,157,'to ascertain, experience, detect'),(5,158,'chicken'),(5,159,'unhappy, dissatisfied'),(5,160,'to run, stream, flow'),(5,161,'fat'),(5,162,'to hurry'),(5,163,'child'),(5,164,'shark'),(5,165,'certain'),(5,166,'surprise(!)'),(5,167,'to hide, stash'),(5,168,'mole (animal)'),(5,169,'duck (vogel)'),(5,170,'bird'),(5,171,'to become, to get (to a point)'),(5,172,'viscious (biting)'),(5,173,'to clean'),(5,174,'to pass (traffic)'),(5,175,'to cross (over)'),(5,176,'to turn around'),(5,177,'to fix, adjust'),(5,178,'to like something'),(5,179,'to be allowed to, may'),(5,180,'blanket.  also, ceiling.'),(5,181,'river'),(5,182,'juice'),(5,183,'idea, notion'),(5,184,'sign (shield)'),(5,185,'gas station'),(5,186,'father'),(5,187,'picture'),(5,188,'female cousin'),(5,189,'mother'),(5,190,'city'),(5,191,'son'),(5,192,'daughter'),(5,193,'farmer'),(5,194,'written composition'),(5,195,'biologie (as school subject)'),(5,196,'social studies'),(5,197,'answer'),(5,198,'assignment, homework'),(5,199,'pencil'),(5,200,'a case for holding something'),(5,201,'ballpoint pen'),(5,202,'pupil, student'),(5,203,'morning'),(5,204,'instruction, class'),(5,205,'table, blackboard'),(5,206,'sponge'),(5,207,'page (in a book)'),(5,208,'history'),(5,209,'geography'),(5,210,'number'),(5,211,'connection'),(5,212,'invitation'),(5,213,'nut (food)'),(5,214,'fur, hide'),(5,215,'die (cube with numbers)'),(5,216,'fender, mudguard'),(5,217,'bulldozer'),(5,218,'dump truck'),(5,219,'to mount, to fasten to something'),(5,220,'frequency, occurrence'),(5,221,'to reduce (something)'),(5,222,'to increase (something)'),(5,223,'bumper (car or truck part)'),(5,224,'steam shovel'),(5,226,'exhaust pipe'),(5,227,'tire (on a car, etc)'),(5,228,'smoke'),(5,229,'smokestack, chimney'),(5,230,'porthole on a ship'),(5,231,'star'),(5,232,'triangle'),(5,233,'square'),(5,234,'circle, ring'),(5,235,'helicopter'),(5,236,'wall'),(5,237,'border, limit'),(5,239,'suit (men\'s clothing)'),(5,240,'belt'),(5,241,'one\'s size (of clothing)'),(5,242,'shirt'),(5,243,'pants'),(5,244,'hat'),(5,245,'jacket'),(5,246,'coat'),(5,247,'waist size'),(5,248,'chest width'),(5,249,'one\'s height'),(5,250,'meter (unit of length)'),(5,251,'foot'),(5,252,'necktie'),(5,253,'heavy-duty truck, bigrig'),(5,254,'sleigh, sledge'),(5,255,'to support, maintain; sich ernähren to be nourished'),(5,256,'should, to have to'),(5,257,'important'),(5,258,'thereby, therefore'),(5,259,'to serve, offer, provide'),(5,260,'a dish, a serving'),(5,261,'to telephone, to call up'),(5,262,'vacation'),(5,263,'quiet, peace'),(5,264,'beautiful, splendid'),(5,265,'quiet'),(5,266,'a concert'),(5,267,'boat'),(5,268,'afternoon'),(5,269,'rest, relaxation'),(5,270,'even'),(5,271,'to envy'),(5,272,'a decision, a move'),(5,274,'toy blocks'),(5,275,'ball, sphere'),(5,276,'seefahrer'),(5,277,'city map'),(5,278,'a question'),(5,279,'lake'),(5,280,'to see'),(5,281,'to want to'),(5,282,'must, to have to'),(5,283,'to be able to, can'),(5,284,'to come to a stop'),(5,285,'floor'),(5,286,'piano'),(5,287,'certain'),(5,288,'often, frequently'),(5,289,'fear'),(5,290,'to request, ask, desire'),(5,291,'to use, utilize, employ'),(5,292,'relation, relationship'),(5,293,'word'),(5,294,'a present, a gift'),(5,295,'still, anyway'),(5,296,'good feeling, well-being'),(5,297,'to get started, to get going'),(5,298,'to agree, endorse'),(5,299,'to mention'),(5,300,'an event'),(5,301,'a room; room, space for'),(5,302,'firecracker'),(5,303,'to rock, to swing'),(5,304,'honest'),(5,305,'the rhine river'),(5,306,'monkey'),(5,307,'a shop'),(5,308,'whale'),(5,309,'crow'),(5,310,'mouse'),(5,311,'turtle'),(5,312,'snake'),(5,313,'eagle'),(5,314,'fork'),(5,315,'knife'),(5,316,'toothbrush'),(5,317,'tooth'),(5,318,'actually, effectively'),(5,319,'to spend, consume, use up'),(5,320,'basket'),(5,321,'the end or close of something'),(5,322,'hardly, barely'),(5,323,'to assume, suppose, suspect'),(5,324,'suspicious, suspect'),(5,325,'allegedly, supposedly'),(5,326,'editorial office (e.g. newspaper)'),(5,327,'several'),(5,328,'to arrest'),(5,329,'an attack'),(5,330,'an attack'),(5,331,'to watch, to observe'),(5,332,'to kill'),(5,333,'to request, proclaim'),(5,334,'supposed, suspected'),(5,335,'to miss, overlook, omit'),(5,336,'memory'),(5,337,'location'),(5,338,'back, rear of something (e.g. a craft)'),(5,339,'to crash, to fall down'),(5,340,'to lend'),(5,341,'election'),(5,342,'animal'),(5,343,'mammal'),(5,344,'to grow, to raise (something)'),(5,345,'als tier nahrung aufnehmen'),(5,346,'to worry, interrupt, disturb'),(5,347,'die für einen hund typischen laute von sich geben'),(5,348,'hamster'),(5,349,'essen für tiere'),(5,350,'to be called, to be named (something)'),(5,351,'to handle'),(5,352,'to stroke, to pet'),(5,353,'to scratch'),(5,354,'rabbit'),(5,355,'to (go) get'),(5,356,'neck'),(5,357,'deer, stag'),(5,358,'baboon'),(5,359,'to explain'),(5,360,'capital city'),(5,361,'a board, a plank'),(5,362,'bone'),(5,363,'to throw dice'),(5,364,'victim, mark (of a con)'),(5,365,'a building'),(5,366,'to set fire to something'),(5,367,'an incendiary device'),(5,368,'to burn something'),(5,369,'to store something (vt), to be stored (vi)'),(5,370,'suspect, perpetrator'),(5,371,'to clear, delete, extinguish'),(5,372,'a lead, a trace, a hint'),(5,373,'butterfly'),(5,374,'to answer'),(5,375,'to thank'),(5,376,'to lack, to want, to be missing (something)'),(5,377,'to follow'),(5,378,'to be pleasing, to like'),(5,379,'to belong to'),(5,380,'to believe'),(5,381,'to help'),(5,382,'to happen, pass, occur'),(5,383,'to pardon, forgive'),(5,385,'to taste, have a flavor'),(5,386,'greeting, salutation (of a letter)'),(5,387,'a letter'),(5,388,'the date'),(5,389,'an adult'),(5,390,'greeting'),(5,391,'month'),(5,392,'a place, a locale'),(5,393,'post office'),(5,394,'signature'),(5,395,'food, a meal'),(5,396,'cake'),(5,397,'a singer'),(5,398,'sender (of a letter, etc)'),(5,399,'postal stamp'),(5,400,'finally, last of all'),(5,401,'to depart'),(5,402,'to arrive'),(5,403,'to tidy up'),(5,404,'to spend, issue, deal'),(5,405,'to drop, diminish, lose weight'),(5,406,'to teach, instill'),(5,407,'to go along'),(5,408,'to think about, consider'),(5,409,'to prepare'),(5,410,'to kill'),(5,411,'to run away'),(5,412,'to go back'),(5,413,'to close, shut'),(5,414,'to rinse off'),(5,415,'to open'),(5,416,'to look like, appear as'),(5,417,'to stand by'),(5,418,'to avoid, stay away'),(5,420,'to take along'),(5,421,'to follow'),(5,422,'to read aloud'),(5,423,'to die'),(5,424,'to go away'),(5,425,'to stay behind'),(5,426,'to increase'),(5,427,'to tear down, demolish'),(5,428,'to begin'),(5,430,'to injure, harm, violate'),(5,431,'a decision, judgement'),(5,432,'a sea change, an about face'),(5,433,'to steal'),(5,434,'awful, terrible, nasty'),(5,435,'to suggest, recommend'),(5,436,'a pair of something'),(5,437,'to occur, to take place'),(5,438,'obvious'),(5,439,'to rend, to tear up'),(5,440,'to manage with, get by on'),(5,441,'germ'),(5,442,'rails, tracks (of trains)'),(5,443,'a train'),(5,444,'to get, to obtain'),(5,445,'railroad switching yard'),(5,446,'to count'),(5,447,'to take into account, account for'),(5,448,'survivable'),(5,449,'uneasy, strained'),(5,450,'position, situation'),(5,451,'to defend'),(5,452,'marriage certificate'),(5,453,'verbatim'),(5,454,'list'),(5,455,'borough, district'),(5,456,'community'),(5,457,'to witness'),(5,458,'an agreement, a covenant'),(5,459,'a seal, a signet'),(5,460,'the affixing of a seal, a stamp of certification'),(5,461,'an excerpt, an extract'),(5,462,'chalk'),(5,463,'various, diverse, a mixed bag'),(5,464,'an apron'),(5,465,'to dissolve, disperse'),(5,466,'to astound, baffle, amaze'),(5,467,'a boot'),(5,468,'to spur on'),(5,469,'an achievement, score'),(5,470,'a step, a pace'),(5,471,'a location, a place'),(5,472,'a battle, a struggle'),(5,473,'a goal, an objective'),(5,474,'to reach, attain'),(5,475,'to run down (i.e. descending), to run along a path.  intransitive verb.'),(5,476,'to win'),(5,477,'to surround'),(5,478,'to beat, strike.  also, to defeat'),(5,479,'in the morning'),(5,480,'butter'),(5,481,'fishing boat'),(5,482,'harbor'),(5,483,'climate'),(5,484,'small shrimp'),(5,485,'cow'),(5,486,'mackerel'),(5,487,'mast (of a boat)'),(5,488,'the sea'),(5,489,'milk'),(5,490,'mussel'),(5,491,'a (fishing) net'),(5,492,'flounder'),(5,493,'animal husbandry'),(5,494,'pasture'),(5,495,'meadow, lawn'),(5,496,'the wind'),(5,497,'hotel, inn'),(5,498,'business center'),(5,499,'a reason'),(5,500,'generous'),(5,501,'kitchen; food'),(5,502,'customer'),(5,503,'a salesman'),(5,504,'a room'),(5,505,'to compare'),(5,506,'to provide, supply'),(5,507,'to blow (of wind)'),(5,508,'constantly'),(5,509,'especially'),(5,510,'black and white'),(5,511,'rather'),(5,512,'several, some, a few'),(5,513,'clean'),(5,514,'beer'),(5,515,'a fat man'),(5,516,'a towel'),(5,517,'people (plural only)'),(5,518,'coffee'),(5,519,'restaurant'),(5,520,'key'),(5,521,'a tray'),(5,522,'tea'),(5,523,'table'),(5,524,'a tip'),(5,525,'laundry'),(5,526,'to order, e.g. in a restaurant'),(5,527,'to iron, press (of laundry)'),(5,528,'to owe'),(5,529,'to stay overnight'),(5,530,'mean, nasty'),(5,531,'yesterday'),(5,532,'right away'),(5,533,'dishes'),(5,534,'a napkin'),(5,535,'dishwasher'),(5,536,'to empty, to clear out'),(5,537,'to fill, pour'),(5,538,'to bottle a liquid'),(5,539,'boy'),(5,540,'a hedge'),(5,541,'hedge clippers'),(5,542,'engineer'),(5,543,'lawn mower'),(5,544,'salamander'),(5,545,'a bird\'s nest'),(5,546,'a plant'),(5,547,'plastic bag'),(5,548,'lawn'),(5,549,'a trip, journey'),(5,550,'a rose'),(5,551,'a bush'),(5,552,'a weed'),(5,553,'to weed a garden'),(5,554,'to lay, put'),(5,555,'to do, perform'),(5,556,'to tie, fasten to'),(5,557,'to water'),(5,558,'to cut'),(5,559,'therefore'),(5,560,'empty'),(5,561,'tree'),(5,562,'a bee'),(5,563,'a housefly'),(5,564,'honey'),(5,565,'june bug'),(5,566,'lady bug'),(5,567,'mosquito'),(5,568,'earthworm'),(5,569,'snail'),(5,570,'wasp'),(5,571,'to fly'),(5,572,'to crawl'),(5,573,'to buzz (e.g. a fly)'),(5,574,'to sweep'),(5,575,'to rake'),(5,576,'broom'),(5,577,'an entrance'),(5,578,'tool, utensil'),(5,579,'a ladder'),(5,580,'a carnation'),(5,581,'a rake'),(5,582,'to grow'),(5,583,'a hose'),(5,584,'a (social) movement'),(5,585,'to displace, force out'),(5,586,'immunization, vaccination'),(5,587,'bracelet'),(5,588,'blouse'),(5,589,'birthday'),(5,590,'a receipt'),(5,591,'a dress'),(5,592,'pullover (sweater, shirt, etc)'),(5,593,'pajamas'),(5,594,'a handbag'),(5,596,'to unpack, unwrap'),(5,597,'to exchange (of merchandise)'),(5,598,'to look at'),(5,599,'to keep, save'),(5,600,'to shrink'),(5,601,'to guess'),(5,602,'tight'),(5,603,'curious'),(5,604,'to put on clothes'),(5,605,'stocking, sock'),(5,606,'cup, container'),(5,607,'a pear'),(5,608,'a bunch (of radishes, etc)'),(5,609,'an egg'),(5,610,'cucumber'),(5,611,'cheese'),(5,612,'cherry'),(5,613,'groceries (pl. only)'),(5,614,'flour'),(5,615,'dairy products'),(5,616,'fruit'),(5,617,'peach'),(5,618,'plum'),(5,619,'lettuce'),(5,620,'salt'),(5,621,'tomato'),(5,622,'grape'),(5,623,'sugar'),(5,624,'yogurt'),(5,625,'beef'),(5,626,'proprietor, owner'),(5,627,'weight'),(5,628,'meat'),(5,629,'butcher'),(5,630,'butcher shop'),(5,631,'to weigh'),(5,632,'to cut off'),(5,633,'shelter'),(5,634,'homeless'),(5,635,'government, administration'),(5,636,'to review, discuss, critique'),(5,637,'a product, an example'),(5,638,'to leave something'),(5,639,'supposed, putative'),(5,640,'to snag, to snare'),(5,641,'useful, helpful'),(5,642,'to congratulate'),(5,643,'to fit (of clothes)'),(5,644,'boutique'),(5,645,'scarf'),(5,646,'pantsuit'),(5,647,'clothing, clothes'),(5,648,'woman\'s suit'),(5,649,'cap (clothing)'),(5,650,'price'),(5,651,'skirt'),(5,652,'the willies, the creeps'),(5,653,'to happen, to occur'),(5,654,'heat'),(5,655,'snow'),(5,656,'thunderstorm'),(5,657,'spring'),(5,659,'autumn'),(5,660,'winter'),(5,661,'to cause'),(5,662,'unsettled, inclement'),(5,663,'to influence'),(5,664,'forecast, e.g. weather'),(5,665,'moderately'),(5,666,'mainly'),(5,667,'occasionally'),(5,668,'to recognize, see, understand'),(5,669,'tentative, timid'),(5,670,'hereditary'),(5,671,'mystery, puzzle'),(5,672,'to lose (something)'),(5,673,'anger, wrath'),(5,674,'courage'),(5,675,'grass'),(5,676,'shadow, shade'),(5,677,'beach'),(5,678,'battle'),(5,679,'to defend oneself'),(5,680,'to pick up someone, pay a call to someone'),(5,681,'to dry something off'),(5,682,'to splash'),(5,683,'to grab'),(5,684,'mean, cruel'),(5,685,'belly, abdomen'),(5,686,'stone'),(5,687,'to disappear'),(5,688,'to change clothes'),(5,689,'to submerge, dive'),(5,690,'one\'s back'),(5,691,'to get undressed'),(5,692,'arm'),(5,693,'leg'),(5,694,'chin'),(5,695,'lip'),(5,696,'nose'),(5,697,'forehead'),(5,698,'silverware, utensils'),(5,699,'waitress'),(5,700,'(car) breakdown'),(5,701,'to stir (e.g. a beverage)'),(5,702,'a roast'),(5,703,'entree, main course'),(5,704,'meal time'),(5,705,'a care, a worry'),(5,706,'dessert'),(5,707,'coin'),(5,708,'cellar'),(5,709,'junk'),(5,710,'floor, story'),(5,711,'bathroom (toilet & sink only)'),(5,712,'stairs, staircase'),(5,713,'to inherit'),(5,714,'attic, loft'),(5,715,'sneering, smirking'),(5,716,'industrious, busy, diligent'),(5,717,'to sigh'),(5,718,'final exams'),(5,719,'to brush up; cram for a test'),(5,720,'experience'),(5,721,'to root around, glean'),(5,722,'sorrow, shame'),(5,723,'to upset, disturb'),(5,724,'a feast, a big spread'),(5,725,'clumsy, awkward'),(5,726,'carton, case of something'),(5,727,'almost, nearly'),(5,728,'swoon, fainting'),(5,729,'to moan, groan'),(5,730,'to discover'),(5,731,'a cave'),(5,732,'to look in, peek in'),(5,733,'to decide, conclude'),(5,734,'small box, checkbox (e.g. in a ledger or game)'),(5,735,'to encourage'),(5,736,'to make up or invent (e.g. a story)'),(5,737,'terrible, formidable, frightful'),(5,738,'to steer, pilot (e.g. a ship)'),(5,739,'to smash'),(5,740,'otherwise, or else'),(5,741,'absolutely, unconditionally'),(5,742,'to work out, to go smoothly'),(5,743,'wick of a candle'),(5,744,'excitement, a flustered state'),(5,745,'branch, twig of a tree'),(5,746,'shapely, buxom'),(5,747,'to bend'),(5,748,'frost'),(5,750,'to echo, resound, reverberate'),(5,751,'tight, taut.  also, plumped up'),(5,752,'to coffer, put away safely'),(5,753,'discontinuous, interrupted'),(5,754,'to construct, cobble together'),(5,755,'victory, triumph'),(5,756,'to choose, elect'),(5,757,'box'),(5,758,'ostrich'),(5,759,'cash drawer, a till'),(5,760,'to blush'),(5,761,'to bend, to stoop (reflexive verb)'),(5,763,'to blink, wink, bat one\'s eyelashes'),(5,764,'cruel'),(5,765,'execution (i.e. death sentence)'),(5,766,'waste'),(5,767,'to outlaw'),(5,768,'someday, sometime'),(5,769,'refugee'),(5,770,'bloodthirsty'),(5,771,'proof, evidence'),(5,772,'particular, detailed'),(5,773,'to cover (e.g. expenses, a course)'),(5,774,'to compile, create, devise'),(5,775,'safety, security'),(5,776,'precaution'),(5,777,'attorneyship, the bar'),(5,778,'to block, lock out'),(5,779,'intentionally, on purpose'),(5,780,'design, pattern'),(5,781,'to make, produce'),(5,782,'doubt'),(5,783,'to learn, to experience'),(5,784,'accident, misfortune'),(5,785,'a message, a meaning'),(5,786,'forgiveness'),(5,787,'distress, despair'),(5,788,'(vr) sich lohnen to be worth something, worthwhile'),(5,789,'public, publically'),(5,790,'to trust'),(5,791,'to wish (for)'),(6,14,'werfe'),(6,25,'arbeite'),(6,26,'tanke'),(6,27,'miete'),(6,28,'feiere'),(6,29,'schicke'),(6,31,'dauere'),(6,36,'habe'),(6,37,'zeige'),(6,38,'besuche'),(6,40,'weiß'),(6,41,'kenne'),(6,56,'greife'),(6,57,'setze'),(6,58,'verbessere'),(6,59,'esse'),(6,60,'steche'),(6,61,'gehe'),(6,62,'kitzle'),(6,63,'tröste'),(6,68,'stichle'),(6,69,'schelte'),(6,75,'zerre'),(6,76,'mache nach'),(6,90,'schüttle'),(6,92,'raffe'),(6,93,'lausche'),(6,94,'fahre fort'),(6,95,'trage'),(6,97,'nehme an'),(6,98,'schaffe'),(6,100,'gebe'),(6,113,'stürze'),(6,114,'schätze'),(6,117,'montiere'),(6,118,'erinnere'),(6,119,'vermisse'),(6,125,'lade ein'),(6,126,'stelle vor'),(6,138,'bediene'),(6,154,'prüfe'),(6,155,'wiege aus'),(6,156,'tische auf'),(6,157,'stelle fest'),(6,160,'fließe'),(6,162,'eile'),(6,167,'verstecke'),(6,171,'werde'),(6,178,'mag'),(6,179,'darf'),(6,219,'befestige'),(6,221,'verringere'),(6,222,'steigere'),(6,255,'ernähren'),(6,256,'soll'),(6,259,'biete an'),(6,261,'rufe an'),(6,280,'sehe'),(6,281,'will'),(6,282,'muss'),(6,283,'kann'),(6,284,'halte'),(6,290,'verlange'),(6,291,'verwende'),(6,298,'stimme zu'),(6,299,'erwähne'),(6,303,'schaukle'),(6,319,'verbringe'),(6,323,'vermute'),(6,328,'nehme fest'),(6,331,'beobachte'),(6,332,'töte'),(6,333,'fordere'),(6,335,'versäume'),(6,339,'stürze ab'),(6,340,'borge'),(6,344,'züchte'),(6,345,'fresse'),(6,346,'störe'),(6,347,'belle'),(6,350,'heiße'),(6,351,'fasse an'),(6,352,'streichle'),(6,353,'kratze'),(6,355,'hole'),(6,359,'erkläre'),(6,366,'zünde an'),(6,368,'brenne'),(6,369,'lagere'),(6,371,'lösche'),(6,374,'antworte'),(6,375,'danke'),(6,376,'fehle'),(6,377,'folge'),(6,378,'gefalle'),(6,379,'gehöre'),(6,380,'glaube'),(6,381,'helfe'),(6,382,'passiere'),(6,383,'verzeihe'),(6,385,'schmecke'),(6,401,'fahre ab'),(6,402,'komme an'),(6,403,'räume auf'),(6,404,'gebe aus'),(6,405,'nehme ab'),(6,406,'bringe bei'),(6,407,'gehe mit'),(6,408,'denke nach'),(6,409,'bereite vor'),(6,410,'bringe um'),(6,411,'laufe weg'),(6,412,'gehe zurück'),(6,413,'mache zu'),(6,414,'spüle ab'),(6,415,'mache auf'),(6,416,'sehe aus'),(6,417,'stehe bei'),(6,418,'bleibe fort'),(6,420,'nehme mit'),(6,421,'folge nach'),(6,422,'lese vor'),(6,423,'komme um'),(6,424,'gehe weg'),(6,425,'bleibe zurück'),(6,426,'nehme zu'),(6,427,'reiße ab'),(6,428,'fange an'),(6,430,'verletze'),(6,433,'stehle'),(6,435,'empfehle'),(6,437,'finde statt'),(6,440,'komme aus'),(6,444,'bekomme'),(6,446,'rechne'),(6,447,'rechne mit'),(6,451,'verteidige'),(6,475,'laufe hinunter'),(6,476,'siege'),(6,478,'schlage'),(6,505,'vergleiche'),(6,507,'wehe'),(6,526,'bestelle'),(6,527,'mangle'),(6,528,'schulde'),(6,529,'übernachte'),(6,536,'räume aus'),(6,537,'fülle ein'),(6,554,'lege'),(6,555,'verrichte'),(6,556,'binde fest'),(6,582,'wachsen'),(6,598,'sehe an'),(6,604,'ziehe an'),(6,691,'ziehe aus'),(6,791,'wünsche'),(7,14,'wirfst'),(7,25,'arbeitest'),(7,26,'tankst'),(7,27,'mietest'),(7,28,'feierst'),(7,29,'schickest'),(7,31,'dauerst'),(7,36,'hast'),(7,37,'zeigst'),(7,38,'besuchst'),(7,40,'weißt'),(7,56,'greifst'),(7,57,'setzt'),(7,58,'verbesserst'),(7,59,'isst'),(7,60,'stichst'),(7,61,'gehst'),(7,62,'kitzelst'),(7,63,'tröstest'),(7,68,'stichelst'),(7,69,'schiltst'),(7,75,'zerrst'),(7,76,'machst nach'),(7,90,'schüttelst'),(7,92,'raffst'),(7,93,'lauscht'),(7,94,'fährst fort'),(7,95,'trägst'),(7,97,'nimmst an'),(7,98,'schaffst'),(7,100,'gibst'),(7,113,'stürzt'),(7,114,'schätzt'),(7,117,'montierst'),(7,118,'erinnerst'),(7,119,'vermisst'),(7,125,'lädst ein'),(7,126,'stellst vor'),(7,138,'bedienest'),(7,154,'prüfst'),(7,155,'wiegst aus'),(7,156,'tischt auf'),(7,157,'stellst fest'),(7,160,'fließt'),(7,162,'eilst'),(7,167,'versteckst'),(7,171,'wirst'),(7,178,'magst'),(7,179,'darfst'),(7,219,'befestigst'),(7,221,'verringerst'),(7,222,'steigerst'),(7,255,'ernährst'),(7,256,'sollst'),(7,259,'bietest an'),(7,261,'rufst an'),(7,280,'siehst'),(7,281,'willst'),(7,282,'musst'),(7,283,'kannst'),(7,284,'hältst'),(7,290,'verlangst'),(7,291,'verwendest'),(7,298,'stimmst zu'),(7,299,'erwähnst'),(7,303,'schaukelst'),(7,319,'verbringst'),(7,323,'vermutest'),(7,328,'nimmst fest'),(7,331,'beobachtest'),(7,332,'tötest'),(7,333,'forderst'),(7,335,'versäumst'),(7,339,'stürzt ab'),(7,340,'borgst'),(7,344,'züchtest'),(7,345,'frisst'),(7,346,'störst'),(7,347,'bellst'),(7,350,'heißt'),(7,351,'fasst an'),(7,352,'streichelst'),(7,353,'kratzt'),(7,355,'holst'),(7,359,'erklärst'),(7,366,'zündest an'),(7,368,'brennst'),(7,369,'lagerst'),(7,371,'löscht'),(7,374,'antwortest'),(7,375,'dankst'),(7,376,'fehlst'),(7,377,'folgst'),(7,378,'gefällst'),(7,379,'gehörst'),(7,380,'glaubst'),(7,381,'hilfst'),(7,382,'passierst'),(7,383,'verzeihst'),(7,385,'schmeckst'),(7,401,'fährst ab'),(7,402,'kommst an'),(7,403,'räumst auf'),(7,404,'gibst aus'),(7,405,'nimmst ab'),(7,406,'bringst bei'),(7,407,'gehst mit'),(7,408,'denkst nach'),(7,409,'bereitest vor'),(7,410,'bringst um'),(7,411,'läufst weg'),(7,412,'gehst zurück'),(7,413,'machst zu'),(7,414,'spülst ab'),(7,415,'machst auf'),(7,416,'siehst auf'),(7,417,'stehst bei'),(7,418,'bleibst fort'),(7,420,'nimmst mit'),(7,421,'folgst nach'),(7,422,'liest vor'),(7,423,'kommst um'),(7,424,'gehst weg'),(7,425,'bleibst zurück'),(7,426,'nimmst zu'),(7,427,'reißt ab'),(7,428,'fängst an'),(7,430,'verletzt'),(7,433,'stiehlst'),(7,435,'empfiehlst'),(7,437,'findest statt'),(7,440,'kommst aus'),(7,444,'bekommst'),(7,446,'rechnest'),(7,447,'rechnest mit'),(7,451,'verteidigst'),(7,475,'läufst hinunter'),(7,476,'siegst'),(7,478,'schlägst'),(7,505,'vergleichst'),(7,507,'wehst'),(7,526,'bestellst'),(7,527,'mangelst'),(7,528,'schuldest'),(7,529,'übernachtest'),(7,536,'räumst aus'),(7,537,'füllst ein'),(7,554,'legst'),(7,555,'verrichtest'),(7,556,'bindest fest'),(7,582,'wächst'),(7,598,'sehst an'),(7,604,'ziehst an'),(7,691,'ziehst aus'),(7,791,'wünscht'),(8,14,'wirft'),(8,25,'arbeitet'),(8,26,'tankt'),(8,27,'mietet'),(8,28,'feiert'),(8,29,'schickt'),(8,31,'dauert'),(8,36,'hat'),(8,37,'zeigt'),(8,38,'besucht'),(8,40,'weiß'),(8,56,'greift'),(8,57,'setzt'),(8,58,'verbessert'),(8,59,'isst'),(8,60,'sticht'),(8,61,'geht'),(8,62,'kitzelt'),(8,63,'tröstet'),(8,68,'stichelt'),(8,69,'schilt'),(8,75,'zerrt'),(8,76,'macht nach'),(8,90,'schüttelt'),(8,92,'rafft'),(8,93,'lauscht'),(8,94,'fährt fort'),(8,95,'trägt'),(8,97,'nimmt an'),(8,98,'schafft'),(8,100,'gibt'),(8,113,'stürzt'),(8,114,'schätzt'),(8,117,'montiert'),(8,118,'erinnert'),(8,119,'vermisst'),(8,125,'lädt ein'),(8,126,'stellt vor'),(8,138,'bedient'),(8,154,'prüft'),(8,155,'wiegt aus'),(8,156,'tischt auf'),(8,157,'stellt fest'),(8,160,'fließt'),(8,162,'eilt'),(8,167,'versteckt'),(8,171,'wird'),(8,178,'mag'),(8,179,'darf'),(8,219,'befestigt'),(8,221,'verringert'),(8,222,'steigert'),(8,255,'ernährt'),(8,256,'soll'),(8,259,'bietet an'),(8,261,'ruft an'),(8,280,'sieht'),(8,281,'will'),(8,282,'muss'),(8,283,'kann'),(8,284,'hält'),(8,290,'verlangt'),(8,291,'verwendet'),(8,298,'stimmt zu'),(8,299,'erwähnt'),(8,303,'schaukelt'),(8,319,'verbringt'),(8,323,'vermutet'),(8,328,'nimmt fest'),(8,331,'beobachtet'),(8,332,'tötet'),(8,333,'fordert'),(8,335,'versäumt'),(8,339,'stürzt ab'),(8,340,'borgt'),(8,344,'züchtet'),(8,345,'frisst'),(8,346,'stört'),(8,347,'bellt'),(8,350,'heißt'),(8,351,'fasst an'),(8,352,'streichelt'),(8,353,'kratzt'),(8,355,'holt'),(8,359,'erklärt'),(8,366,'zündet an'),(8,368,'brennt'),(8,369,'lagert'),(8,371,'löscht'),(8,374,'antwortet'),(8,375,'dankt'),(8,376,'fehlt'),(8,377,'folgt'),(8,378,'gefällt'),(8,379,'gehört'),(8,380,'glaubt'),(8,381,'hilft'),(8,382,'passiert'),(8,383,'verzeiht'),(8,385,'schmeckt'),(8,401,'fährt ab'),(8,402,'kommt an'),(8,403,'räumt auf'),(8,404,'gibt aus'),(8,405,'nimmt ab'),(8,406,'bringt bei'),(8,407,'geht mit'),(8,408,'denkt nach'),(8,409,'bereitet vor'),(8,410,'bringt um'),(8,411,'läuft weg'),(8,412,'geht zurück'),(8,413,'macht zu'),(8,414,'spült ab'),(8,415,'macht auf'),(8,416,'sieht auf'),(8,417,'steht bei'),(8,418,'bleibt fort'),(8,420,'nimmt mit'),(8,421,'folgt nach'),(8,422,'liest vor'),(8,423,'kommt um'),(8,424,'geht weg'),(8,425,'bleibt zurück'),(8,426,'nimmt zu'),(8,427,'reißt ab'),(8,428,'fängt an'),(8,430,'verletzt'),(8,433,'stiehlt'),(8,435,'empfiehlt'),(8,437,'findet statt'),(8,440,'kommt aus'),(8,444,'bekommt'),(8,446,'rechnet'),(8,447,'rechnet mit'),(8,451,'verteidigt'),(8,475,'läufe hinunter'),(8,476,'siegt'),(8,478,'schlägt'),(8,505,'vergleicht'),(8,507,'weht'),(8,526,'bestellt'),(8,527,'mangelt'),(8,528,'schuldet'),(8,529,'übernachtet'),(8,536,'räumt aus'),(8,537,'füllt ein'),(8,554,'legt'),(8,555,'verrichtet'),(8,556,'bindet fest'),(8,582,'wächst'),(8,598,'seht an'),(8,604,'zieht an'),(8,691,'zieht aus'),(8,791,'wünscht'),(9,14,'werfen'),(9,25,'arbeiten'),(9,26,'tanken'),(9,27,'mieten'),(9,28,'feiern'),(9,29,'schicken'),(9,31,'dauern'),(9,36,'haben'),(9,37,'zeigen'),(9,38,'besuchen'),(9,40,'wissen'),(9,41,'kennen'),(9,56,'greifen'),(9,57,'setzen'),(9,58,'verbessern'),(9,59,'essen'),(9,60,'stechen'),(9,61,'gehen'),(9,62,'kitzeln'),(9,63,'trösten'),(9,68,'sticheln'),(9,69,'schelten'),(9,75,'zerren'),(9,76,'machen nach'),(9,90,'schütteln'),(9,92,'raffen'),(9,93,'lauschen'),(9,94,'fahren fort'),(9,95,'tragen'),(9,97,'nehmen an'),(9,98,'schaffen'),(9,100,'geben'),(9,113,'stürzen'),(9,114,'schätzen'),(9,117,'montieren'),(9,118,'erinnern'),(9,119,'vermissen'),(9,125,'laden ein'),(9,126,'stellen vor'),(9,138,'bedienen'),(9,154,'prüfen'),(9,155,'wiegen aus'),(9,156,'tischen auf'),(9,157,'stellen fest'),(9,160,'fließen'),(9,162,'eilen'),(9,167,'verstecken'),(9,171,'werden'),(9,178,'mögen'),(9,179,'dürfen'),(9,219,'befestigen'),(9,221,'verringern'),(9,222,'steigern'),(9,255,'ernähren'),(9,256,'sollen'),(9,259,'bieten an'),(9,261,'rufen an'),(9,280,'sehen'),(9,281,'wollen'),(9,282,'müssen'),(9,283,'können'),(9,284,'halten'),(9,290,'verlangen'),(9,291,'verwenden'),(9,298,'stimmen zu'),(9,299,'erwähnen'),(9,303,'schaukeln'),(9,319,'verbringen'),(9,323,'vermuten'),(9,328,'nehmen fest'),(9,331,'beobachten'),(9,332,'töten'),(9,333,'fordern'),(9,335,'versäumen'),(9,339,'stürzen ab'),(9,340,'borgen'),(9,344,'züchten'),(9,345,'fressen'),(9,346,'stören'),(9,347,'bellen'),(9,350,'heißen'),(9,351,'fassen an'),(9,352,'streicheln'),(9,353,'kratzen'),(9,355,'holen'),(9,359,'erklären'),(9,366,'zünden an'),(9,368,'brennen'),(9,369,'lagern'),(9,371,'löschen'),(9,374,'antworten'),(9,375,'danken'),(9,376,'fehlen'),(9,377,'folgen'),(9,378,'gefallen'),(9,379,'gehoren'),(9,380,'glauben'),(9,381,'helfen'),(9,382,'passieren'),(9,383,'verzeihen'),(9,385,'schmecken'),(9,401,'fahren ab'),(9,402,'kommen an'),(9,403,'räumen auf'),(9,404,'geben aus'),(9,405,'nehmen ab'),(9,406,'bringen bei'),(9,407,'gehen mit'),(9,408,'denken nach'),(9,409,'bereiten vor'),(9,410,'bringen um'),(9,411,'laufen weg'),(9,412,'gehen zurück'),(9,413,'machen zu'),(9,414,'spülen ab'),(9,415,'machen auf'),(9,416,'sehen auf'),(9,417,'stehen bei'),(9,418,'bleiben fort'),(9,420,'nehmen mit'),(9,421,'folgen nach'),(9,422,'lesen vor'),(9,423,'kommen um'),(9,424,'gehen weg'),(9,425,'bleiben zurück'),(9,426,'nehmen zu'),(9,427,'reißen ab'),(9,428,'fangen an'),(9,430,'verletzen'),(9,433,'stehlen'),(9,435,'empfehlen'),(9,437,'finden statt'),(9,440,'kommen aus'),(9,444,'bekommen'),(9,446,'rechnen'),(9,447,'rechnen mit'),(9,451,'verteidigen'),(9,475,'laufen hinunter'),(9,476,'siegen'),(9,478,'schlagen'),(9,505,'vergleichen'),(9,507,'wehen'),(9,526,'bestellen'),(9,527,'mangeln'),(9,528,'schulden'),(9,529,'übernachten'),(9,536,'räumen aus'),(9,537,'füllen ein'),(9,554,'legen'),(9,555,'verrichten'),(9,556,'binden fest'),(9,582,'wachsen'),(9,598,'sehen an'),(9,604,'ziehen an'),(9,691,'ziehen aus'),(9,791,'wünschen'),(10,14,'werft'),(10,25,'arbeitet'),(10,26,'tankt'),(10,27,'mietet'),(10,28,'feiert'),(10,29,'schickt'),(10,31,'dauert'),(10,36,'habt'),(10,37,'zeigt'),(10,38,'besucht'),(10,40,'wißt'),(10,56,'greift'),(10,57,'setzt'),(10,58,'verbessert'),(10,59,'esst'),(10,60,'stecht'),(10,61,'geht'),(10,62,'kitzelt'),(10,63,'tröstet'),(10,68,'stichelt'),(10,69,'scheltet'),(10,75,'zerrt'),(10,76,'macht nach'),(10,90,'schüttelt'),(10,92,'rafft'),(10,93,'lauscht'),(10,94,'fahrt fort'),(10,95,'tragt'),(10,97,'nehmt an'),(10,98,'schafft'),(10,100,'gebt'),(10,113,'stürzt'),(10,114,'schätzt'),(10,117,'montiert'),(10,118,'erinnert'),(10,119,'vermisst'),(10,125,'ladt ein'),(10,126,'stellt vor'),(10,138,'bedient'),(10,154,'prüft'),(10,155,'wiegt aus'),(10,156,'tischt auf'),(10,157,'stellt fest'),(10,160,'fließt'),(10,162,'eilt'),(10,167,'versteckt'),(10,171,'werdet'),(10,178,'mögt'),(10,179,'dürft'),(10,219,'befestigt'),(10,221,'verringert'),(10,222,'steigert'),(10,255,'ernährt'),(10,256,'sollt'),(10,259,'bietet an'),(10,261,'ruft an'),(10,280,'seht'),(10,281,'wollt'),(10,282,'müsst'),(10,283,'könnt'),(10,284,'haltet'),(10,290,'verlangt'),(10,291,'verwendet'),(10,298,'stimmt zu'),(10,299,'erwähnt'),(10,303,'schaukelt'),(10,319,'verbringt'),(10,323,'vermutet'),(10,328,'nehmt fest'),(10,331,'beobachtet'),(10,332,'tötet'),(10,333,'fordert'),(10,335,'versäumt'),(10,339,'stürzt ab'),(10,340,'borgt'),(10,344,'züchtet'),(10,345,'fresst'),(10,346,'stört'),(10,347,'bellt'),(10,350,'heißt'),(10,351,'fasst an'),(10,352,'streichelt'),(10,353,'kratzt'),(10,355,'holt'),(10,359,'erklärt'),(10,366,'zündet an'),(10,368,'brennt'),(10,369,'lagert'),(10,371,'löscht'),(10,374,'antwortet'),(10,375,'dankt'),(10,376,'fehlt'),(10,377,'folgt'),(10,378,'gefallt'),(10,379,'gehört'),(10,380,'glaubt'),(10,381,'helft'),(10,382,'passiert'),(10,383,'verzeiht'),(10,385,'schmeckt'),(10,401,'fahrt ab'),(10,402,'kommt an'),(10,403,'räumt auf'),(10,404,'gebt aus'),(10,405,'nehmt ab'),(10,406,'bringt bei'),(10,407,'geht mit'),(10,408,'denkt nach'),(10,409,'bereitet vor'),(10,410,'bringt um'),(10,411,'lauft weg'),(10,412,'geht zurück'),(10,413,'macht zu'),(10,414,'spült ab'),(10,415,'macht auf'),(10,416,'seht auf'),(10,417,'steht bei'),(10,418,'bleibst fort'),(10,420,'nehmt mit'),(10,421,'folgt nach'),(10,422,'lest vor'),(10,423,'kommt um'),(10,424,'geht weg'),(10,425,'bleibt zurück'),(10,426,'nehmt zu'),(10,427,'reißt ab'),(10,428,'fangt an'),(10,430,'verletzt'),(10,433,'stehlt'),(10,435,'empfehlt'),(10,437,'findet statt'),(10,440,'kommt aus'),(10,444,'bekommt'),(10,446,'rechnet'),(10,447,'rechnet mit'),(10,451,'verteidigt'),(10,475,'lauft hinunter'),(10,476,'siegt'),(10,478,'schlagt'),(10,505,'vergleicht'),(10,507,'weht'),(10,526,'bestellt'),(10,527,'mangelt'),(10,528,'schuldet'),(10,529,'übernachtet'),(10,536,'räumt aus'),(10,537,'füllt ein'),(10,554,'legt'),(10,555,'verrichtet'),(10,556,'bindet fest'),(10,582,'wachst'),(10,598,'seht an'),(10,604,'zieht an'),(10,691,'zieht aus'),(10,791,'wünscht'),(11,14,'werfen'),(11,25,'arbeiten'),(11,26,'tanken'),(11,27,'mieten'),(11,28,'feiern'),(11,29,'schicken'),(11,31,'dauern'),(11,36,'haben'),(11,37,'zeigen'),(11,38,'besuchen'),(11,40,'wissen'),(11,41,'kennen'),(11,56,'greifen'),(11,57,'setzen'),(11,58,'verbessern'),(11,59,'essen'),(11,60,'stechen'),(11,61,'gehen'),(11,62,'kitzeln'),(11,63,'trösten'),(11,68,'sticheln'),(11,69,'schelten'),(11,75,'zerren'),(11,76,'machen nach'),(11,90,'schütteln'),(11,92,'raffen'),(11,93,'lauschen'),(11,94,'fahren fort'),(11,95,'tragen'),(11,97,'nehmen an'),(11,98,'schaffen'),(11,100,'geben'),(11,113,'stürzen'),(11,114,'schätzen'),(11,117,'montieren'),(11,118,'erinnern'),(11,119,'vermissen'),(11,125,'laden ein'),(11,126,'stellen vor'),(11,138,'bedienen'),(11,154,'prüfen'),(11,155,'wiegen aus'),(11,156,'tischen auf'),(11,157,'stellen fest'),(11,160,'fließen'),(11,162,'eilen'),(11,167,'verstecken'),(11,171,'werden'),(11,178,'mögen'),(11,179,'dürfen'),(11,219,'befestigen'),(11,221,'verringern'),(11,222,'steigern'),(11,255,'ernähren'),(11,256,'sollen'),(11,259,'bieten an'),(11,261,'rufen an'),(11,280,'sehen'),(11,281,'wollen'),(11,282,'müssen'),(11,283,'können'),(11,284,'halten'),(11,290,'verlangen'),(11,291,'verwenden'),(11,298,'stimmen zu'),(11,299,'erwähnen'),(11,303,'schaukeln'),(11,319,'verbringen'),(11,323,'vermuten'),(11,328,'nehmen fest'),(11,331,'beobachten'),(11,332,'töten'),(11,333,'fordern'),(11,335,'versäumen'),(11,339,'stürzen ab'),(11,340,'borgen'),(11,344,'züchten'),(11,345,'fressen'),(11,346,'stören'),(11,347,'bellen'),(11,350,'heißen'),(11,351,'fassen an'),(11,352,'streicheln'),(11,353,'kratzen'),(11,355,'holen'),(11,359,'erklären'),(11,366,'zünden an'),(11,368,'brennen'),(11,369,'lagern'),(11,371,'löschen'),(11,374,'antworten'),(11,375,'danken'),(11,376,'fehlen'),(11,377,'folgen'),(11,378,'gefallen'),(11,379,'gehören'),(11,380,'glauben'),(11,381,'helfen'),(11,382,'passieren'),(11,383,'verzeihen'),(11,385,'schmecken'),(11,401,'fahren ab'),(11,402,'kommen an'),(11,403,'räumen auf'),(11,404,'geben aus'),(11,405,'nehmen ab'),(11,406,'bringed bei'),(11,407,'gehen mit'),(11,408,'denken nach'),(11,409,'bereiten vor'),(11,410,'bringen um'),(11,411,'laufen weg'),(11,412,'gehen zurück'),(11,413,'machen zu'),(11,414,'spülen ab'),(11,415,'machen auf'),(11,416,'sehen auf'),(11,417,'stehen bei'),(11,418,'bleiben fort'),(11,420,'nehmen mit'),(11,421,'folgen nach'),(11,422,'lesen vor'),(11,423,'kommen um'),(11,424,'gehen weg'),(11,425,'bleiben zurück'),(11,426,'nehmen zu'),(11,427,'reißen ab'),(11,428,'fangen an'),(11,430,'verletzen'),(11,433,'stehlen'),(11,435,'empfehlen'),(11,437,'finden statt'),(11,440,'kommen aus'),(11,444,'bekommen'),(11,446,'rechnen'),(11,447,'rechnen mit'),(11,451,'verteidigen'),(11,475,'laufen hinunter'),(11,476,'siegen'),(11,478,'schlagen'),(11,505,'vergleichen'),(11,507,'wehen'),(11,526,'bestellen'),(11,527,'mangeln'),(11,528,'schulden'),(11,529,'übernachten'),(11,536,'räumen aus'),(11,537,'füllen ein'),(11,554,'legen'),(11,555,'verrichten'),(11,556,'binden fest'),(11,582,'wachsen'),(11,598,'sehen an'),(11,604,'ziehen an'),(11,691,'ziehen aus'),(11,791,'wünschen'),(12,374,NULL),(12,375,NULL),(12,376,NULL),(12,377,NULL),(12,378,NULL),(12,379,NULL),(12,380,NULL),(12,381,NULL),(12,382,NULL),(12,383,NULL),(12,385,NULL),(12,642,NULL),(12,643,NULL),(16,14,'warf'),(16,25,'arbeitete'),(16,26,'tankte'),(16,27,'mietete'),(16,28,'feierte'),(16,29,'schickte'),(16,30,'heiratete'),(16,31,'daurte'),(16,36,'hatte'),(16,37,'zeigte'),(16,38,'besuchte'),(16,40,'wusste'),(16,41,'kannte'),(16,56,'griff'),(16,57,'setzte'),(16,58,'verbesserte'),(16,59,'aß'),(16,60,'stach'),(16,61,'ging'),(16,62,'kitzelte'),(16,63,'tröstete'),(16,68,'stichelte'),(16,69,'schalt'),(16,75,'zerrte'),(16,76,'machte nach'),(16,90,'schüttelte'),(16,92,'raffte'),(16,93,'lauschte'),(16,94,'fuhr fort'),(16,95,'trug'),(16,97,'nahm an'),(16,98,'schuf'),(16,100,'gab'),(16,113,'stürzte'),(16,114,'schätzte'),(16,117,'montierte'),(16,118,'erinnerte'),(16,119,'vermisste'),(16,124,'erwartete'),(16,125,'lud ein'),(16,126,'stellte vor'),(16,138,'bediente'),(16,154,'prüfte'),(16,155,'wog aus'),(16,156,'tischte auf'),(16,157,'stellte fest'),(16,160,'floss'),(16,162,'eilte'),(16,167,'versteckte'),(16,171,'wurde'),(16,173,'putzte'),(16,174,'überholte'),(16,175,'überquerte'),(16,176,'kehrte um'),(16,177,'richtete'),(16,178,'mochte'),(16,179,'durfte'),(16,219,'befestigte'),(16,221,'verringerte'),(16,222,'steigerte'),(16,255,'ernährte'),(16,256,'sollte'),(16,259,'bot an'),(16,261,'rief an'),(16,271,'beneidete'),(16,280,'sah'),(16,281,'wollte'),(16,282,'musste'),(16,283,'konnte'),(16,284,'hielt'),(16,290,'verlangte'),(16,291,'verwendete'),(16,297,'ging los'),(16,298,'stimmte zu'),(16,299,'erwähnte'),(16,303,'schaukelte'),(16,319,'verbrachte'),(16,323,'vermutete'),(16,328,'nahm fest'),(16,791,'wünschte'),(17,791,'gewünscht');
/*!40000 ALTER TABLE `word_attribute` ENABLE KEYS */;
UNLOCK TABLES;

--
-- Temporary view structure for view `words_x_attributes_v`
--

DROP TABLE IF EXISTS `words_x_attributes_v`;
/*!50001 DROP VIEW IF EXISTS `words_x_attributes_v`*/;
SET @saved_cs_client     = @@character_set_client;
SET character_set_client = utf8;
/*!50001 CREATE VIEW `words_x_attributes_v` AS SELECT 
 1 AS `pos_id`,
 1 AS `attribute_id`,
 1 AS `word_id`*/;
SET character_set_client = @saved_cs_client;

--
-- Final view structure for view `words_x_attributes_v`
--

/*!50001 DROP VIEW IF EXISTS `words_x_attributes_v`*/;
/*!50001 SET @saved_cs_client          = @@character_set_client */;
/*!50001 SET @saved_cs_results         = @@character_set_results */;
/*!50001 SET @saved_col_connection     = @@collation_connection */;
/*!50001 SET character_set_client      = utf8 */;
/*!50001 SET character_set_results     = utf8 */;
/*!50001 SET collation_connection      = utf8_general_ci */;
/*!50001 CREATE ALGORITHM=UNDEFINED */
/*!50013 DEFINER=`german`@`localhost` SQL SECURITY DEFINER */
/*!50001 VIEW `words_x_attributes_v` AS select `pf`.`pos_id` AS `pos_id`,`pf`.`attribute_id` AS `attribute_id`,`w`.`id` AS `word_id` from (`pos_form` `pf` join `word` `w` on((`pf`.`pos_id` = `w`.`pos_id`))) */;
/*!50001 SET character_set_client      = @saved_cs_client */;
/*!50001 SET character_set_results     = @saved_cs_results */;
/*!50001 SET collation_connection      = @saved_col_connection */;
/*!40103 SET TIME_ZONE=@OLD_TIME_ZONE */;

/*!40101 SET SQL_MODE=@OLD_SQL_MODE */;
/*!40014 SET FOREIGN_KEY_CHECKS=@OLD_FOREIGN_KEY_CHECKS */;
/*!40014 SET UNIQUE_CHECKS=@OLD_UNIQUE_CHECKS */;
/*!40101 SET CHARACTER_SET_CLIENT=@OLD_CHARACTER_SET_CLIENT */;
/*!40101 SET CHARACTER_SET_RESULTS=@OLD_CHARACTER_SET_RESULTS */;
/*!40101 SET COLLATION_CONNECTION=@OLD_COLLATION_CONNECTION */;
/*!40111 SET SQL_NOTES=@OLD_SQL_NOTES */;

-- Dump completed on 2015-04-26 22:59:00
