-- MySQL dump 10.13  Distrib 5.6.25, for osx10.10 (x86_64)
--
-- Host: localhost    Database: deutsch
-- ------------------------------------------------------
-- Server version	5.6.25

/*!40101 SET @OLD_CHARACTER_SET_CLIENT=@@CHARACTER_SET_CLIENT */;
/*!40101 SET @OLD_CHARACTER_SET_RESULTS=@@CHARACTER_SET_RESULTS */;
/*!40101 SET @OLD_COLLATION_CONNECTION=@@COLLATION_CONNECTION */;
/*!40101 SET NAMES utf8 */;
/*!40103 SET @OLD_TIME_ZONE=@@TIME_ZONE */;
/*!40103 SET TIME_ZONE='+00:00' */;
/*!40014 SET @OLD_UNIQUE_CHECKS=@@UNIQUE_CHECKS, UNIQUE_CHECKS=0 */;
/*!40014 SET @OLD_FOREIGN_KEY_CHECKS=@@FOREIGN_KEY_CHECKS, FOREIGN_KEY_CHECKS=0 */;
/*!40101 SET @OLD_SQL_MODE=@@SQL_MODE, SQL_MODE='NO_AUTO_VALUE_ON_ZERO' */;
/*!40111 SET @OLD_SQL_NOTES=@@SQL_NOTES, SQL_NOTES=0 */;

--
-- Current Database: `deutsch`
--

/*!40000 DROP DATABASE IF EXISTS `deutsch`*/;

CREATE DATABASE /*!32312 IF NOT EXISTS*/ `deutsch` /*!40100 DEFAULT CHARACTER SET utf8 */;

USE `deutsch`;

--
-- Table structure for table `attribute`
--

DROP TABLE IF EXISTS `attribute`;
/*!40101 SET @saved_cs_client     = @@character_set_client */;
/*!40101 SET character_set_client = utf8 */;
CREATE TABLE `attribute` (
  `id` int(11) NOT NULL AUTO_INCREMENT,
  `attrkey` varchar(64) DEFAULT NULL,
  PRIMARY KEY (`id`),
  UNIQUE KEY `name` (`attrkey`)
) ENGINE=InnoDB AUTO_INCREMENT=18 DEFAULT CHARSET=utf8;
/*!40101 SET character_set_client = @saved_cs_client */;

--
-- Dumping data for table `attribute`
--

LOCK TABLES `attribute` WRITE;
/*!40000 ALTER TABLE `attribute` DISABLE KEYS */;
INSERT INTO `attribute` VALUES (15,'accusative'),(1,'article'),(12,'dative'),(5,'definition'),(9,'first_person_plural'),(6,'first_person_singular'),(13,'genitive'),(14,'nominative'),(17,'past_participle'),(3,'plural'),(10,'second_person_plural'),(7,'second_person_singular'),(16,'third_person_past'),(11,'third_person_plural'),(8,'third_person_singular');
/*!40000 ALTER TABLE `attribute` ENABLE KEYS */;
UNLOCK TABLES;

--
-- Table structure for table `pos`
--

DROP TABLE IF EXISTS `pos`;
/*!40101 SET @saved_cs_client     = @@character_set_client */;
/*!40101 SET character_set_client = utf8 */;
CREATE TABLE `pos` (
  `id` int(11) NOT NULL AUTO_INCREMENT,
  `name` varchar(255) NOT NULL,
  PRIMARY KEY (`id`),
  UNIQUE KEY `name` (`name`)
) ENGINE=InnoDB AUTO_INCREMENT=7 DEFAULT CHARSET=utf8;
/*!40101 SET character_set_client = @saved_cs_client */;

--
-- Dumping data for table `pos`
--

LOCK TABLES `pos` WRITE;
/*!40000 ALTER TABLE `pos` DISABLE KEYS */;
INSERT INTO `pos` VALUES (3,'Adjective'),(4,'Adverb'),(5,'Conjunction'),(1,'Noun'),(6,'other'),(2,'Verb');
/*!40000 ALTER TABLE `pos` ENABLE KEYS */;
UNLOCK TABLES;

--
-- Table structure for table `pos_form`
--

DROP TABLE IF EXISTS `pos_form`;
/*!40101 SET @saved_cs_client     = @@character_set_client */;
/*!40101 SET character_set_client = utf8 */;
CREATE TABLE `pos_form` (
  `pos_id` int(11) NOT NULL,
  `attribute_id` int(11) NOT NULL,
  KEY `attribute_id` (`attribute_id`),
  KEY `pos_id` (`pos_id`),
  CONSTRAINT `pos_form_ibfk_1` FOREIGN KEY (`attribute_id`) REFERENCES `attribute` (`id`) ON DELETE CASCADE,
  CONSTRAINT `pos_form_ibfk_2` FOREIGN KEY (`pos_id`) REFERENCES `pos` (`id`) ON DELETE CASCADE
) ENGINE=InnoDB DEFAULT CHARSET=utf8 COMMENT='Associates attributes with parts of speech';
/*!40101 SET character_set_client = @saved_cs_client */;

--
-- Dumping data for table `pos_form`
--

LOCK TABLES `pos_form` WRITE;
/*!40000 ALTER TABLE `pos_form` DISABLE KEYS */;
INSERT INTO `pos_form` VALUES (1,1),(1,5),(2,6),(2,7),(2,8),(2,9),(2,10),(2,11),(2,5),(1,3),(3,5),(4,5),(2,16),(2,17),(6,5),(5,5);
/*!40000 ALTER TABLE `pos_form` ENABLE KEYS */;
UNLOCK TABLES;

--
-- Table structure for table `quiz`
--

DROP TABLE IF EXISTS `quiz`;
/*!40101 SET @saved_cs_client     = @@character_set_client */;
/*!40101 SET character_set_client = utf8 */;
CREATE TABLE `quiz` (
  `id` int(11) NOT NULL AUTO_INCREMENT,
  `name` varchar(64) NOT NULL,
  `quizkey` varchar(64) NOT NULL,
  PRIMARY KEY (`id`),
  UNIQUE KEY `quizkey` (`quizkey`)
) ENGINE=InnoDB AUTO_INCREMENT=7 DEFAULT CHARSET=utf8;
/*!40101 SET character_set_client = @saved_cs_client */;

--
-- Dumping data for table `quiz`
--

LOCK TABLES `quiz` WRITE;
/*!40000 ALTER TABLE `quiz` DISABLE KEYS */;
INSERT INTO `quiz` VALUES (1,'Genders of Nouns','genders'),(2,'Definitions of Words','definitions'),(3,'Plurals of Nouns','plurals'),(4,'Verb Conjugations, present tense','present_indicative'),(5,'Past Tense, 3rd person singular','third_person_past'),(6,'Past participles of verbs','past_participle');
/*!40000 ALTER TABLE `quiz` ENABLE KEYS */;
UNLOCK TABLES;

--
-- Table structure for table `quiz_score`
--

DROP TABLE IF EXISTS `quiz_score`;
/*!40101 SET @saved_cs_client     = @@character_set_client */;
/*!40101 SET character_set_client = utf8 */;
CREATE TABLE `quiz_score` (
  `quiz_id` int(11) NOT NULL,
  `word_id` int(11) NOT NULL,
  `attribute_id` int(11) NOT NULL,
  `presentation_count` int(11) NOT NULL DEFAULT '0',
  `correct_count` int(11) NOT NULL DEFAULT '0',
  `last_presentation` timestamp NOT NULL DEFAULT CURRENT_TIMESTAMP ON UPDATE CURRENT_TIMESTAMP,
  PRIMARY KEY (`quiz_id`,`word_id`,`attribute_id`),
  KEY `attribute_id` (`attribute_id`),
  KEY `word_id` (`word_id`),
  CONSTRAINT `quiz_score_ibfk_1` FOREIGN KEY (`quiz_id`) REFERENCES `quiz` (`id`) ON DELETE CASCADE,
  CONSTRAINT `quiz_score_ibfk_2` FOREIGN KEY (`attribute_id`) REFERENCES `attribute` (`id`) ON DELETE CASCADE,
  CONSTRAINT `quiz_score_ibfk_3` FOREIGN KEY (`word_id`) REFERENCES `word` (`id`) ON DELETE CASCADE
) ENGINE=InnoDB DEFAULT CHARSET=utf8;
/*!40101 SET character_set_client = @saved_cs_client */;

--
-- Dumping data for table `quiz_score`
--

LOCK TABLES `quiz_score` WRITE;
/*!40000 ALTER TABLE `quiz_score` DISABLE KEYS */;
INSERT INTO `quiz_score` VALUES (1,15,1,5,5,'2015-02-25 00:12:13'),(1,16,1,5,5,'2015-04-14 05:27:29'),(1,17,1,5,2,'2015-02-25 00:11:44'),(1,18,1,60,59,'2015-01-06 01:33:47'),(1,19,1,5,4,'2015-02-25 00:14:04'),(1,20,1,5,5,'2015-04-14 05:26:42'),(1,21,1,60,58,'2015-01-06 01:33:47'),(1,22,1,6,6,'2015-04-14 05:26:58'),(1,23,1,5,3,'2015-02-25 00:11:19'),(1,24,1,5,5,'2015-02-25 00:12:46'),(1,32,1,60,58,'2015-01-06 01:33:47'),(1,33,1,5,5,'2015-04-14 05:26:50'),(1,34,1,5,3,'2015-02-25 00:11:47'),(1,35,1,26,25,'2015-04-14 05:28:36'),(1,43,1,6,6,'2015-04-14 05:28:41'),(1,44,1,5,4,'2015-02-25 00:11:40'),(1,45,1,5,3,'2015-02-25 00:13:41'),(1,46,1,5,5,'2015-02-25 00:13:39'),(1,47,1,5,5,'2015-02-25 00:13:19'),(1,49,1,60,58,'2015-01-06 01:33:47'),(1,53,1,5,5,'2015-02-25 00:12:27'),(1,54,1,5,5,'2015-02-25 00:12:29'),(1,55,1,5,2,'2015-02-25 00:11:53'),(1,65,1,5,5,'2015-04-14 05:26:47'),(1,70,1,5,4,'2015-02-25 00:12:12'),(1,71,1,5,5,'2015-02-25 00:14:25'),(1,73,1,5,3,'2015-02-25 00:11:58'),(1,79,1,60,58,'2015-01-06 01:33:47'),(1,80,1,5,5,'2015-02-25 00:13:23'),(1,82,1,5,5,'2015-02-25 00:13:15'),(1,83,1,5,5,'2015-02-25 00:13:24'),(1,84,1,4,2,'2015-01-06 01:35:29'),(1,86,1,3,3,'2015-01-06 01:19:30'),(1,87,1,3,3,'2015-01-06 01:18:39'),(1,88,1,5,5,'2015-02-25 00:12:17'),(1,91,1,5,4,'2015-02-25 00:11:35'),(1,109,1,4,4,'2015-01-06 01:39:25'),(1,110,1,4,0,'2015-01-06 01:22:52'),(1,112,1,4,2,'2015-01-06 01:25:09'),(1,115,1,4,0,'2015-01-06 01:22:39'),(1,123,1,4,2,'2015-01-06 01:23:02'),(1,131,1,4,1,'2015-01-06 01:24:31'),(1,132,1,3,3,'2015-01-06 01:19:55'),(1,133,1,3,3,'2015-01-06 01:19:04'),(1,134,1,3,3,'2015-01-06 01:18:15'),(1,135,1,4,2,'2015-01-06 01:23:04'),(1,136,1,4,4,'2015-09-16 19:35:25'),(1,137,1,4,4,'2015-01-06 01:37:38'),(1,139,1,4,3,'2015-01-06 01:35:33'),(1,140,1,4,1,'2015-01-06 01:24:29'),(1,141,1,3,3,'2015-01-06 01:19:12'),(1,142,1,4,3,'2015-01-06 01:34:31'),(1,143,1,4,4,'2015-09-16 19:37:31'),(1,144,1,4,3,'2015-01-06 01:34:24'),(1,145,1,4,4,'2015-01-06 01:39:18'),(1,146,1,4,4,'2015-01-06 01:39:07'),(1,147,1,4,4,'2015-01-06 01:38:19'),(1,148,1,4,4,'2015-01-06 01:38:07'),(1,151,1,4,2,'2015-01-06 01:35:40'),(1,152,1,3,3,'2015-01-06 01:21:23'),(1,153,1,3,3,'2015-01-06 01:19:39'),(1,158,1,4,3,'2015-01-06 01:34:40'),(1,163,1,3,3,'2015-01-06 01:18:01'),(1,164,1,4,3,'2015-01-06 01:34:20'),(1,166,1,4,4,'2015-01-06 01:39:28'),(1,168,1,4,4,'2015-01-06 01:39:14'),(1,169,1,4,4,'2015-01-06 01:38:27'),(1,170,1,4,4,'2015-01-06 01:38:14'),(1,180,1,4,4,'2015-01-06 01:38:04'),(1,181,1,3,3,'2015-01-06 01:21:54'),(1,182,1,4,2,'2015-01-06 01:35:08'),(1,183,1,3,3,'2015-01-06 01:19:35'),(1,184,1,4,2,'2015-01-06 01:24:54'),(1,185,1,3,3,'2015-01-06 01:17:48'),(1,186,1,4,4,'2015-09-16 19:35:27'),(1,187,1,4,3,'2015-01-06 01:39:23'),(1,188,1,4,2,'2015-01-06 01:34:14'),(1,189,1,4,4,'2015-01-06 01:38:22'),(1,190,1,4,4,'2015-01-06 01:38:09'),(1,191,1,4,4,'2015-01-06 01:37:56'),(1,192,1,3,3,'2015-01-06 01:21:58'),(1,193,1,4,3,'2015-01-06 01:35:11'),(1,194,1,4,1,'2015-01-06 01:22:41'),(1,195,1,3,3,'2015-01-06 01:18:26'),(1,196,1,4,4,'2015-09-16 19:37:00'),(1,197,1,4,4,'2015-04-14 05:33:40'),(1,198,1,4,3,'2015-01-06 01:24:42'),(1,199,1,4,2,'2015-01-06 01:35:24'),(1,200,1,4,1,'2015-01-06 01:24:20'),(1,201,1,4,3,'2015-01-06 01:35:03'),(1,202,1,4,3,'2015-01-06 01:34:29'),(1,203,1,4,2,'2015-01-06 01:34:22'),(1,204,1,4,4,'2015-09-16 19:35:20'),(1,205,1,4,4,'2015-01-06 01:39:16'),(1,206,1,4,4,'2015-01-06 01:38:30'),(1,207,1,4,4,'2015-01-06 01:38:15'),(1,208,1,4,4,'2015-01-06 01:38:17'),(1,209,1,3,3,'2015-01-06 01:22:32'),(1,210,1,3,3,'2015-01-06 01:21:21'),(1,211,1,3,3,'2015-01-06 01:19:42'),(1,212,1,3,3,'2015-01-06 01:19:02'),(1,213,1,3,3,'2015-01-06 01:17:58'),(1,214,1,4,2,'2015-01-06 01:34:18'),(1,215,1,4,3,'2015-04-14 05:30:30'),(1,216,1,4,4,'2015-01-06 01:39:11'),(1,217,1,4,4,'2015-01-06 01:38:31'),(1,218,1,4,4,'2015-01-06 01:38:12'),(1,220,1,4,4,'2015-01-06 01:38:03'),(1,223,1,4,3,'2015-01-06 01:35:36'),(1,224,1,3,3,'2015-01-06 01:21:29'),(1,226,1,3,3,'2015-01-06 01:19:18'),(1,227,1,3,3,'2015-01-06 01:18:30'),(1,228,1,3,3,'2015-01-06 01:17:54'),(1,229,1,4,4,'2015-09-16 19:36:30'),(1,230,1,4,3,'2015-01-06 01:34:12'),(1,231,1,4,2,'2015-01-06 01:34:02'),(1,232,1,4,2,'2015-01-06 01:33:59'),(1,233,1,4,2,'2015-01-06 01:25:00'),(1,234,1,4,3,'2015-01-06 01:37:53'),(1,235,1,3,3,'2015-01-06 01:21:38'),(1,236,1,4,2,'2015-01-06 01:23:24'),(1,237,1,3,3,'2015-01-06 01:19:14'),(1,239,1,3,3,'2015-01-06 01:18:20'),(1,240,1,4,2,'2015-01-06 01:34:26'),(1,241,1,4,4,'2015-09-16 19:35:23'),(1,242,1,4,4,'2015-01-06 01:37:58'),(1,243,1,3,3,'2015-01-06 01:21:27'),(1,244,1,3,3,'2015-01-06 01:19:44'),(1,245,1,3,3,'2015-01-06 01:18:57'),(1,246,1,4,3,'2015-01-06 01:34:35'),(1,247,1,4,4,'2015-09-16 19:37:05'),(1,248,1,4,4,'2015-09-16 19:35:01'),(1,249,1,4,4,'2015-01-06 01:39:21'),(1,250,1,4,3,'2015-01-06 01:33:55'),(1,251,1,4,3,'2015-01-06 01:24:58'),(1,252,1,4,4,'2015-01-06 01:38:05'),(1,253,1,3,3,'2015-01-06 01:21:56'),(1,254,1,3,3,'2015-01-06 01:21:09'),(1,260,1,4,3,'2015-01-06 01:35:06'),(1,262,1,4,1,'2015-01-06 01:23:14'),(1,263,1,3,3,'2015-01-06 01:18:02'),(1,266,1,4,4,'2015-09-16 19:36:15'),(1,267,1,4,4,'2015-01-06 01:39:26'),(1,268,1,4,4,'2015-01-06 01:39:13'),(1,269,1,4,4,'2015-01-06 01:38:26'),(1,272,1,4,4,'2015-01-06 01:38:11'),(1,274,1,4,3,'2015-01-06 01:38:00'),(1,275,1,4,2,'2015-01-06 01:35:42'),(1,276,1,3,3,'2015-01-06 01:19:50'),(1,277,1,3,3,'2015-01-06 01:19:22'),(1,278,1,3,3,'2015-01-06 01:18:36'),(1,279,1,4,3,'2015-09-16 19:37:17'),(1,285,1,4,4,'2015-09-16 19:35:29'),(1,286,1,4,3,'2015-01-06 01:34:06'),(1,289,1,4,3,'2015-01-06 01:34:05'),(1,292,1,4,4,'2015-01-06 01:38:21'),(1,293,1,4,1,'2015-01-06 01:22:57'),(1,294,1,4,4,'2015-01-06 01:37:55'),(1,296,1,4,3,'2015-01-06 01:35:17'),(1,300,1,4,3,'2015-01-06 01:35:04'),(1,301,1,3,3,'2015-01-06 01:19:01'),(1,302,1,3,3,'2015-01-06 01:18:11'),(1,305,1,4,4,'2015-09-16 19:35:36'),(1,306,1,4,4,'2015-04-14 05:28:47'),(1,307,1,4,4,'2015-01-06 01:37:40'),(1,312,1,2,2,'2015-09-16 19:36:22'),(1,321,1,2,1,'2015-02-25 00:14:18'),(1,330,1,2,2,'2015-09-16 19:36:08'),(1,337,1,2,2,'2015-04-14 05:32:00'),(1,356,1,2,2,'2015-04-14 05:31:58'),(1,357,1,2,2,'2015-02-25 00:12:47'),(1,360,1,2,2,'2015-09-16 19:35:31'),(1,388,1,2,2,'2015-02-25 00:12:54'),(1,399,1,2,2,'2015-02-25 00:13:56'),(1,452,1,2,1,'2015-04-14 05:27:39'),(1,454,1,2,2,'2015-02-25 00:12:39'),(1,459,1,2,1,'2015-09-16 19:35:52'),(1,462,1,2,2,'2015-02-25 00:13:35'),(1,467,1,3,3,'2015-02-25 00:12:30'),(1,484,1,3,3,'2015-02-25 00:12:09'),(1,492,1,2,2,'2015-09-16 19:36:02'),(1,494,1,2,2,'2015-09-16 19:34:59'),(1,495,1,3,3,'2015-02-25 00:12:08'),(1,498,1,3,3,'2015-02-25 00:12:49'),(1,501,1,2,2,'2015-02-25 00:14:10'),(1,503,1,3,3,'2015-02-25 00:12:03'),(1,533,1,2,2,'2015-04-14 05:33:39'),(1,541,1,2,2,'2015-02-25 00:13:58'),(1,542,1,2,2,'2015-02-25 00:14:28'),(1,547,1,2,1,'2015-04-14 05:27:46'),(1,551,1,2,2,'2015-04-14 05:28:56'),(1,552,1,2,1,'2015-09-16 19:37:27'),(1,567,1,2,2,'2015-02-25 00:14:06'),(1,568,1,2,2,'2015-04-14 05:32:12'),(1,577,1,2,2,'2015-02-25 00:14:08'),(1,578,1,2,1,'2015-02-25 00:13:09'),(1,587,1,3,1,'2015-09-16 19:36:12'),(1,605,1,3,2,'2015-09-16 19:36:39'),(1,606,1,1,1,'2015-09-16 19:37:29'),(1,612,1,2,2,'2015-02-25 00:13:37'),(1,614,1,2,1,'2015-02-25 00:13:44'),(1,619,1,2,2,'2015-02-25 00:13:55'),(1,624,1,2,1,'2015-09-16 19:37:07'),(1,625,1,3,2,'2015-02-25 00:12:01'),(1,629,1,2,2,'2015-02-25 00:13:25'),(1,648,1,2,1,'2015-09-16 19:37:35'),(1,658,1,2,2,'2015-09-16 19:36:00'),(1,697,1,2,1,'2015-04-14 05:30:43'),(1,709,1,2,2,'2015-09-16 19:36:27'),(1,728,1,2,1,'2015-09-16 19:35:18'),(1,748,1,2,1,'2015-04-14 05:33:58'),(1,771,1,3,0,'2015-09-16 19:36:17'),(1,784,1,3,2,'2015-09-16 19:36:42'),(1,795,1,1,1,'2015-09-16 19:36:56'),(1,878,1,1,1,'2015-09-16 19:37:21'),(1,904,1,1,0,'2015-09-16 19:37:02'),(1,1008,1,2,2,'2015-09-16 19:36:48'),(2,14,5,3,3,'2015-04-20 11:35:08'),(2,15,5,4,4,'2015-04-14 16:07:49'),(2,16,5,4,4,'2015-02-19 15:32:04'),(2,17,5,4,1,'2015-04-22 06:56:37'),(2,18,5,4,3,'2015-02-19 15:30:51'),(2,19,5,3,3,'2015-03-05 18:39:16'),(2,20,5,4,4,'2015-04-22 06:56:44'),(2,21,5,4,4,'2015-03-26 23:36:41'),(2,22,5,4,4,'2015-03-25 06:14:39'),(2,23,5,4,4,'2015-03-25 06:14:48'),(2,24,5,3,3,'2015-03-26 23:27:46'),(2,25,5,3,3,'2015-03-26 23:36:34'),(2,26,5,4,4,'2015-04-14 16:04:57'),(2,27,5,4,1,'2015-03-26 23:50:37'),(2,28,5,3,3,'2015-03-26 23:49:52'),(2,29,5,4,4,'2015-04-28 06:47:43'),(2,30,5,3,3,'2015-04-20 01:02:53'),(2,31,5,3,3,'2015-04-20 01:11:36'),(2,32,5,4,4,'2015-03-26 23:29:20'),(2,33,5,4,4,'2015-04-22 06:57:26'),(2,34,5,4,4,'2015-04-22 06:39:57'),(2,35,5,3,3,'2015-04-20 11:26:50'),(2,36,5,4,4,'2015-04-21 05:35:27'),(2,37,5,5,2,'2015-04-20 11:34:57'),(2,38,5,4,4,'2015-04-21 05:37:27'),(2,40,5,4,4,'2015-04-21 05:55:19'),(2,41,5,5,3,'2015-04-20 01:30:10'),(2,42,5,3,3,'2015-03-26 23:33:42'),(2,43,5,4,4,'2015-02-19 15:26:08'),(2,44,5,4,4,'2015-04-14 05:35:32'),(2,45,5,4,1,'2015-04-22 06:55:21'),(2,46,5,4,1,'2015-04-21 05:36:16'),(2,47,5,4,1,'2015-04-21 05:59:21'),(2,49,5,4,4,'2015-03-25 06:13:57'),(2,52,5,3,3,'2015-02-12 12:44:21'),(2,53,5,4,4,'2015-02-19 15:31:46'),(2,54,5,4,1,'2015-04-20 11:36:54'),(2,55,5,4,4,'2015-04-20 01:11:23'),(2,56,5,3,1,'2015-02-12 13:01:17'),(2,57,5,3,3,'2015-04-20 00:51:53'),(2,58,5,3,3,'2015-04-20 01:04:42'),(2,59,5,4,4,'2015-04-14 16:08:29'),(2,60,5,4,1,'2015-03-26 23:52:04'),(2,61,5,3,3,'2015-03-05 18:29:15'),(2,62,5,5,2,'2015-04-20 11:37:05'),(2,63,5,3,2,'2015-04-20 00:55:35'),(2,64,5,4,1,'2015-02-19 15:32:41'),(2,65,5,4,0,'2015-04-20 11:36:17'),(2,66,5,3,1,'2015-03-26 23:33:03'),(2,67,5,4,2,'2015-03-26 23:51:57'),(2,68,5,4,1,'2015-04-14 05:48:30'),(2,69,5,4,1,'2015-04-20 11:37:37'),(2,70,5,4,1,'2015-04-21 06:04:18'),(2,71,5,4,1,'2015-04-21 05:37:24'),(2,73,5,4,4,'2015-04-22 06:11:30'),(2,74,5,4,1,'2015-03-05 18:29:28'),(2,75,5,4,1,'2015-04-14 16:08:52'),(2,76,5,4,1,'2015-02-12 12:44:00'),(2,79,5,4,4,'2015-04-21 05:56:01'),(2,80,5,4,4,'2015-04-22 06:55:10'),(2,81,5,4,0,'2015-04-20 11:33:34'),(2,82,5,4,1,'2015-03-05 18:09:13'),(2,83,5,4,4,'2015-04-14 16:10:52'),(2,84,5,5,0,'2015-04-20 01:13:08'),(2,86,5,5,1,'2015-04-22 06:57:05'),(2,87,5,4,0,'2015-04-20 11:37:01'),(2,88,5,4,1,'2015-04-14 05:48:47'),(2,89,5,4,1,'2015-02-12 12:45:11'),(2,90,5,4,1,'2015-04-20 01:11:33'),(2,91,5,4,3,'2015-04-21 05:35:00'),(2,92,5,4,1,'2015-03-05 18:23:08'),(2,93,5,3,1,'2015-04-20 01:05:05'),(2,94,5,5,1,'2015-04-20 01:30:42'),(2,95,5,4,4,'2015-04-14 16:11:52'),(2,96,5,3,1,'2015-03-05 18:38:55'),(2,97,5,4,0,'2015-04-20 11:32:58'),(2,98,5,4,3,'2015-04-20 11:26:58'),(2,100,5,4,4,'2015-03-05 18:28:05'),(2,109,5,4,4,'2015-03-05 18:28:26'),(2,110,5,3,3,'2015-02-12 12:44:47'),(2,111,5,4,4,'2015-04-20 01:10:24'),(2,112,5,4,4,'2015-02-19 15:23:57'),(2,113,5,4,2,'2015-04-20 00:51:41'),(2,114,5,4,0,'2015-04-20 11:31:34'),(2,115,5,4,4,'2015-04-14 16:04:47'),(2,116,5,4,4,'2015-02-19 15:32:22'),(2,117,5,4,4,'2015-04-20 01:10:08'),(2,118,5,3,1,'2015-02-12 12:41:02'),(2,119,5,4,2,'2015-04-20 11:35:01'),(2,120,5,3,1,'2015-04-14 05:50:37'),(2,121,5,4,2,'2015-04-21 05:54:31'),(2,122,5,3,1,'2015-04-14 05:51:11'),(2,123,5,4,4,'2015-03-05 18:09:57'),(2,124,5,4,4,'2015-04-22 06:40:11'),(2,125,5,3,3,'2015-04-28 06:51:51'),(2,126,5,4,1,'2015-04-21 05:37:18'),(2,127,5,4,4,'2015-03-26 23:33:06'),(2,128,5,4,4,'2015-03-26 23:29:25'),(2,129,5,4,3,'2015-03-05 18:26:00'),(2,130,5,4,4,'2015-02-19 15:31:30'),(2,131,5,3,3,'2015-04-20 11:26:05'),(2,132,5,3,3,'2015-04-20 01:30:46'),(2,133,5,3,3,'2015-03-05 18:39:37'),(2,134,5,3,3,'2015-04-20 01:15:46'),(2,135,5,4,4,'2015-02-19 15:30:39'),(2,136,5,4,4,'2015-03-26 23:29:38'),(2,137,5,4,4,'2015-04-21 05:58:40'),(2,138,5,3,2,'2015-03-05 18:39:11'),(2,139,5,3,3,'2015-02-19 15:26:35'),(2,140,5,4,4,'2015-03-26 23:28:04'),(2,141,5,4,4,'2015-03-26 23:55:50'),(2,142,5,3,1,'2015-02-19 15:32:01'),(2,143,5,3,2,'2015-04-20 00:55:57'),(2,144,5,4,4,'2015-03-26 23:54:00'),(2,145,5,4,1,'2015-02-19 15:33:00'),(2,146,5,4,2,'2015-03-05 18:09:04'),(2,147,5,4,4,'2015-04-20 11:26:24'),(2,148,5,3,1,'2015-02-19 15:31:52'),(2,149,5,4,4,'2015-03-25 06:15:39'),(2,150,5,4,4,'2015-04-14 05:57:14'),(2,151,5,4,0,'2015-02-19 15:25:41'),(2,152,5,4,0,'2015-02-19 15:25:04'),(2,153,5,4,1,'2015-04-14 16:10:01'),(2,154,5,4,4,'2015-04-21 05:55:13'),(2,155,5,4,1,'2015-02-19 15:30:36'),(2,156,5,4,2,'2015-04-14 16:04:37'),(2,157,5,4,0,'2015-02-12 12:39:16'),(2,158,5,4,3,'2015-03-26 23:36:03'),(2,159,5,4,4,'2015-04-14 05:49:02'),(2,160,5,3,3,'2015-04-20 00:55:08'),(2,161,5,4,4,'2015-04-21 05:52:38'),(2,162,5,4,4,'2015-03-05 18:27:14'),(2,163,5,4,4,'2015-03-26 23:36:37'),(2,164,5,5,4,'2015-04-20 11:33:38'),(2,165,5,5,3,'2015-04-20 11:31:27'),(2,166,5,5,0,'2015-04-20 01:29:52'),(2,167,5,4,4,'2015-04-22 06:58:04'),(2,168,5,4,3,'2015-04-22 06:55:50'),(2,169,5,4,4,'2015-04-20 11:37:29'),(2,170,5,4,4,'2015-03-05 18:37:59'),(2,171,5,4,4,'2015-04-21 05:36:45'),(2,172,5,3,3,'2015-04-20 01:05:19'),(2,173,5,3,3,'2015-04-21 05:34:56'),(2,174,5,4,2,'2015-03-26 23:49:50'),(2,175,5,4,4,'2015-04-20 11:39:23'),(2,176,5,4,3,'2015-04-14 05:58:42'),(2,177,5,4,4,'2015-04-21 05:56:43'),(2,178,5,4,4,'2015-04-14 05:48:36'),(2,179,5,3,3,'2015-03-05 18:09:15'),(2,180,5,4,3,'2015-04-21 05:36:40'),(2,181,5,4,4,'2015-04-14 16:05:01'),(2,182,5,3,3,'2015-04-20 01:08:40'),(2,183,5,5,3,'2015-02-19 15:29:41'),(2,184,5,3,3,'2015-03-26 23:55:46'),(2,185,5,4,4,'2015-03-05 18:26:49'),(2,186,5,3,3,'2015-04-20 01:04:36'),(2,187,5,4,4,'2015-03-26 23:33:34'),(2,188,5,4,1,'2015-04-14 16:04:18'),(2,189,5,4,4,'2015-03-05 18:27:43'),(2,190,5,4,4,'2015-03-26 23:52:57'),(2,191,5,4,4,'2015-04-14 16:12:44'),(2,192,5,4,4,'2015-02-19 15:30:57'),(2,193,5,4,4,'2015-04-14 16:07:01'),(2,194,5,4,2,'2015-02-19 15:23:22'),(2,195,5,4,4,'2015-04-20 01:10:58'),(2,196,5,4,1,'2015-04-14 05:57:06'),(2,197,5,4,4,'2015-02-19 15:26:16'),(2,198,5,5,3,'2015-04-20 11:28:29'),(2,199,5,4,4,'2015-04-21 05:59:26'),(2,200,5,3,2,'2015-03-25 06:12:41'),(2,201,5,4,4,'2015-04-20 11:37:55'),(2,202,5,4,4,'2015-03-26 23:31:54'),(2,203,5,4,4,'2015-03-05 18:26:03'),(2,204,5,4,3,'2015-04-14 05:35:24'),(2,205,5,4,4,'2015-02-19 15:27:30'),(2,206,5,4,4,'2015-04-14 05:50:45'),(2,207,5,4,3,'2015-03-05 18:09:41'),(2,208,5,4,4,'2015-04-21 05:56:52'),(2,209,5,4,3,'2015-04-20 11:34:02'),(2,210,5,4,4,'2015-02-19 15:26:27'),(2,211,5,4,4,'2015-04-14 05:47:08'),(2,212,5,3,3,'2015-04-14 05:45:31'),(2,213,5,4,4,'2015-04-21 05:54:49'),(2,214,5,4,3,'2015-03-26 23:53:57'),(2,215,5,4,4,'2015-03-05 18:38:14'),(2,216,5,4,4,'2015-03-05 18:27:04'),(2,217,5,4,3,'2015-03-25 06:15:00'),(2,218,5,3,2,'2015-04-22 06:56:56'),(2,219,5,5,1,'2015-04-22 06:56:17'),(2,220,5,3,1,'2015-02-12 12:44:27'),(2,221,5,4,1,'2015-04-21 05:52:03'),(2,222,5,5,1,'2015-04-20 11:25:21'),(2,223,5,4,4,'2015-03-26 23:54:09'),(2,224,5,4,3,'2015-04-20 01:10:00'),(2,226,5,4,4,'2015-03-26 23:30:48'),(2,227,5,4,1,'2015-04-14 05:47:23'),(2,228,5,4,3,'2015-04-20 01:12:01'),(2,229,5,3,1,'2015-04-20 00:53:41'),(2,230,5,4,2,'2015-04-14 16:08:05'),(2,231,5,3,3,'2015-03-05 18:38:02'),(2,232,5,3,3,'2015-03-26 23:55:57'),(2,233,5,4,4,'2015-04-14 16:08:10'),(2,234,5,4,3,'2015-04-21 05:36:05'),(2,235,5,4,1,'2015-04-20 01:30:36'),(2,236,5,4,4,'2015-04-14 16:12:42'),(2,237,5,5,4,'2015-04-20 01:30:53'),(2,239,5,4,4,'2015-04-20 11:37:42'),(2,240,5,3,3,'2015-02-12 12:43:15'),(2,241,5,4,4,'2015-04-21 05:50:22'),(2,242,5,4,4,'2015-04-21 05:55:15'),(2,243,5,4,4,'2015-04-22 06:55:34'),(2,244,5,3,3,'2015-02-12 12:41:04'),(2,245,5,2,2,'2015-02-12 12:57:17'),(2,246,5,2,2,'2015-02-12 12:56:48'),(2,247,5,4,2,'2015-04-21 05:50:19'),(2,248,5,3,3,'2015-03-05 18:23:24'),(2,249,5,3,3,'2015-04-22 06:49:35'),(2,250,5,4,4,'2015-04-21 05:35:19'),(2,251,5,4,4,'2015-04-14 16:08:27'),(2,252,5,3,3,'2015-02-12 12:38:39'),(2,253,5,3,2,'2015-02-12 13:01:11'),(2,254,5,4,0,'2015-04-20 11:32:27'),(2,255,5,4,1,'2015-04-21 05:37:00'),(2,256,5,3,3,'2015-04-22 06:39:27'),(2,257,5,3,2,'2015-03-05 18:08:38'),(2,259,5,4,0,'2015-04-20 11:33:52'),(2,260,5,3,1,'2015-03-05 18:10:09'),(2,261,5,4,4,'2015-04-20 11:38:01'),(2,262,5,3,3,'2015-02-12 12:42:14'),(2,263,5,4,4,'2015-04-21 05:58:54'),(2,264,5,4,2,'2015-04-21 05:52:42'),(2,265,5,4,4,'2015-04-21 05:49:26'),(2,266,5,3,3,'2015-04-20 01:09:05'),(2,267,5,4,4,'2015-04-20 11:39:46'),(2,268,5,4,4,'2015-04-21 05:36:23'),(2,269,5,5,2,'2015-04-20 11:26:02'),(2,271,5,4,1,'2015-04-20 11:29:19'),(2,272,5,3,1,'2015-04-20 11:31:15'),(2,274,5,4,3,'2015-02-12 12:42:43'),(2,275,5,3,3,'2015-03-05 18:29:08'),(2,276,5,3,3,'2015-04-20 11:27:13'),(2,277,5,4,4,'2015-04-20 01:30:01'),(2,278,5,3,3,'2015-04-20 01:14:58'),(2,279,5,3,3,'2015-04-20 01:09:24'),(2,280,5,4,4,'2015-04-20 01:13:44'),(2,281,5,4,4,'2015-04-20 11:35:21'),(2,282,5,4,4,'2015-04-20 01:14:00'),(2,283,5,3,3,'2015-04-21 05:57:14'),(2,284,5,3,3,'2015-03-05 18:28:55'),(2,285,5,3,1,'2015-04-20 00:53:52'),(2,286,5,3,3,'2015-04-20 01:09:18'),(2,287,5,4,4,'2015-04-21 05:35:31'),(2,288,5,4,1,'2015-04-21 05:55:05'),(2,289,5,3,3,'2015-04-20 11:27:26'),(2,290,5,4,0,'2015-02-12 12:41:54'),(2,291,5,4,1,'2015-04-21 05:51:52'),(2,292,5,3,1,'2015-02-12 12:59:05'),(2,293,5,3,3,'2015-02-12 12:43:37'),(2,294,5,4,4,'2015-04-20 01:12:07'),(2,296,5,4,3,'2015-04-20 11:32:04'),(2,297,5,3,1,'2015-02-12 12:43:52'),(2,298,5,5,0,'2015-04-22 06:48:54'),(2,299,5,3,2,'2015-02-12 12:58:54'),(2,300,5,4,2,'2015-02-12 12:44:43'),(2,301,5,3,3,'2015-03-26 23:35:40'),(2,302,5,4,1,'2015-04-21 05:51:59'),(2,303,5,4,3,'2015-04-21 05:58:34'),(2,304,5,4,3,'2015-04-22 06:49:54'),(2,305,5,4,4,'2015-04-22 06:11:24'),(2,306,5,3,3,'2015-04-22 06:38:59'),(2,307,5,3,1,'2015-02-12 13:01:24'),(2,308,5,3,3,'2015-04-20 01:09:17'),(2,309,5,3,2,'2015-04-20 11:40:08'),(2,310,5,3,3,'2015-04-20 00:56:03'),(2,311,5,3,3,'2015-02-19 15:28:31'),(2,312,5,3,3,'2015-03-05 18:25:27'),(2,313,5,3,1,'2015-04-20 01:05:55'),(2,314,5,3,2,'2015-04-20 01:10:21'),(2,315,5,3,3,'2015-02-12 12:38:58'),(2,316,5,4,4,'2015-04-22 06:49:27'),(2,317,5,4,4,'2015-04-22 06:10:19'),(2,319,5,3,1,'2015-03-05 18:23:53'),(2,320,5,3,2,'2015-02-12 13:01:19'),(2,321,5,3,3,'2015-04-28 06:51:10'),(2,323,5,4,1,'2015-03-25 06:11:51'),(2,324,5,3,1,'2015-02-12 12:59:19'),(2,326,5,3,2,'2015-02-12 12:38:55'),(2,327,5,3,2,'2015-02-19 15:31:25'),(2,328,5,3,2,'2015-02-12 12:44:53'),(2,329,5,4,3,'2015-04-22 06:56:01'),(2,330,5,3,3,'2015-02-12 12:39:37'),(2,331,5,3,2,'2015-02-19 15:23:35'),(2,332,5,4,4,'2015-04-22 06:38:41'),(2,333,5,4,0,'2015-04-20 11:38:12'),(2,334,5,3,1,'2015-02-12 12:40:50'),(2,335,5,3,1,'2015-02-19 15:27:41'),(2,336,5,3,3,'2015-03-26 23:27:42'),(2,337,5,3,2,'2015-03-05 18:38:18'),(2,338,5,3,2,'2015-04-20 00:53:19'),(2,339,5,3,1,'2015-03-05 18:28:13'),(2,340,5,3,1,'2015-02-19 15:26:06'),(2,341,5,3,1,'2015-04-20 11:37:21'),(2,342,5,3,3,'2015-02-19 15:24:39'),(2,343,5,3,1,'2015-04-20 01:05:15'),(2,344,5,3,2,'2015-04-20 00:54:11'),(2,345,5,3,3,'2015-03-05 18:39:03'),(2,346,5,3,2,'2015-04-28 06:49:37'),(2,347,5,3,3,'2015-04-20 01:14:43'),(2,348,5,3,3,'2015-03-25 06:12:06'),(2,349,5,3,3,'2015-04-20 01:03:02'),(2,350,5,3,3,'2015-02-19 15:23:25'),(2,351,5,3,1,'2015-02-12 12:43:34'),(2,352,5,3,2,'2015-04-20 01:09:03'),(2,353,5,3,3,'2015-02-19 15:27:47'),(2,354,5,3,3,'2015-04-14 05:47:14'),(2,355,5,3,3,'2015-03-26 23:36:08'),(2,356,5,3,3,'2015-02-19 15:32:24'),(2,357,5,3,3,'2015-04-20 01:08:54'),(2,358,5,3,3,'2015-04-20 01:30:21'),(2,359,5,3,3,'2015-04-20 00:51:49'),(2,360,5,3,3,'2015-04-20 01:06:08'),(2,361,5,3,1,'2015-04-20 11:28:40'),(2,362,5,3,1,'2015-02-12 12:58:49'),(2,363,5,3,2,'2015-03-05 18:29:51'),(2,364,5,3,2,'2015-03-05 18:38:35'),(2,365,5,3,3,'2015-03-26 23:55:21'),(2,366,5,4,0,'2015-04-20 11:31:51'),(2,367,5,3,2,'2015-02-19 15:27:58'),(2,368,5,3,3,'2015-03-05 18:30:11'),(2,369,5,4,1,'2015-04-20 11:38:32'),(2,370,5,3,1,'2015-04-20 11:34:39'),(2,371,5,3,1,'2015-02-19 15:26:51'),(2,372,5,3,0,'2015-02-12 12:58:15'),(2,373,5,3,3,'2015-04-14 16:08:42'),(2,374,5,3,3,'2015-03-25 06:11:25'),(2,375,5,3,3,'2015-03-05 18:29:43'),(2,376,5,3,1,'2015-02-12 12:59:26'),(2,377,5,3,3,'2015-03-05 18:39:40'),(2,378,5,3,3,'2015-04-20 01:10:30'),(2,379,5,3,3,'2015-04-20 01:06:29'),(2,380,5,3,3,'2015-04-22 06:11:08'),(2,381,5,3,3,'2015-02-19 15:33:02'),(2,382,5,3,3,'2015-02-19 15:32:52'),(2,383,5,3,1,'2015-04-20 00:53:47'),(2,385,5,3,3,'2015-03-05 18:08:31'),(2,386,5,3,0,'2015-02-12 12:58:08'),(2,387,5,3,3,'2015-04-22 06:11:15'),(2,388,5,3,2,'2015-03-26 23:33:47'),(2,389,5,3,3,'2015-03-05 18:29:54'),(2,390,5,3,2,'2015-04-20 00:53:11'),(2,391,5,3,3,'2015-03-26 23:56:02'),(2,392,5,3,3,'2015-03-25 06:15:35'),(2,393,5,3,2,'2015-04-20 01:06:05'),(2,394,5,3,3,'2015-04-20 00:54:46'),(2,395,5,3,3,'2015-04-20 01:05:36'),(2,396,5,3,2,'2015-03-05 18:29:33'),(2,397,5,3,3,'2015-04-20 01:30:44'),(2,398,5,3,2,'2015-04-14 05:35:46'),(2,399,5,3,1,'2015-02-12 13:00:33'),(2,401,5,3,2,'2015-04-20 00:56:32'),(2,402,5,3,2,'2015-04-20 01:09:43'),(2,403,5,3,3,'2015-03-26 23:30:41'),(2,404,5,3,1,'2015-02-19 15:31:17'),(2,405,5,3,3,'2015-03-25 06:13:08'),(2,406,5,3,1,'2015-03-26 23:33:28'),(2,407,5,3,3,'2015-03-26 23:50:48'),(2,408,5,3,3,'2015-02-19 15:32:45'),(2,409,5,3,1,'2015-03-05 18:38:45'),(2,410,5,3,2,'2015-02-19 15:27:10'),(2,411,5,3,3,'2015-03-05 18:39:25'),(2,412,5,3,3,'2015-04-20 01:05:48'),(2,413,5,3,1,'2015-03-25 06:11:30'),(2,414,5,3,1,'2015-02-19 15:31:42'),(2,415,5,3,1,'2015-03-05 18:22:33'),(2,416,5,3,3,'2015-04-20 00:54:36'),(2,417,5,3,2,'2015-03-26 23:29:09'),(2,418,5,4,0,'2015-04-14 05:45:25'),(2,420,5,3,3,'2015-04-20 00:51:44'),(2,421,5,3,3,'2015-03-26 23:27:54'),(2,422,5,3,2,'2015-03-05 18:38:25'),(2,423,5,3,3,'2015-03-05 18:29:02'),(2,424,5,3,2,'2015-04-20 00:52:26'),(2,425,5,3,2,'2015-03-05 18:27:12'),(2,426,5,3,1,'2015-03-05 18:28:03'),(2,427,5,3,1,'2015-03-05 18:23:58'),(2,428,5,3,3,'2015-04-20 01:30:30'),(2,430,5,3,1,'2015-03-25 06:11:21'),(2,431,5,3,2,'2015-02-12 12:59:49'),(2,432,5,3,1,'2015-02-19 15:24:32'),(2,433,5,3,2,'2015-03-26 23:27:35'),(2,434,5,3,2,'2015-04-20 00:55:46'),(2,435,5,3,3,'2015-04-20 01:05:42'),(2,436,5,3,3,'2015-04-20 00:56:01'),(2,437,5,3,3,'2015-04-20 01:10:52'),(2,438,5,3,1,'2015-04-20 11:38:27'),(2,439,5,3,2,'2015-02-19 15:32:09'),(2,440,5,3,1,'2015-04-20 11:29:05'),(2,441,5,3,1,'2015-02-19 15:23:30'),(2,442,5,3,1,'2015-04-21 06:02:43'),(2,443,5,2,2,'2015-02-12 12:56:25'),(2,444,5,3,2,'2015-04-22 06:49:44'),(2,445,5,3,2,'2015-04-20 11:40:03'),(2,446,5,3,1,'2015-04-20 01:30:58'),(2,447,5,3,1,'2015-04-21 05:52:22'),(2,448,5,3,3,'2015-04-22 06:39:17'),(2,449,5,3,0,'2015-02-12 12:57:56'),(2,450,5,3,1,'2015-04-20 11:35:52'),(2,451,5,3,1,'2015-02-12 12:58:21'),(2,452,5,3,1,'2015-04-20 11:34:21'),(2,453,5,3,1,'2015-03-05 18:23:48'),(2,454,5,3,1,'2015-04-20 11:28:53'),(2,455,5,3,1,'2015-02-12 13:00:16'),(2,456,5,3,1,'2015-02-12 12:59:34'),(2,457,5,3,1,'2015-04-20 11:38:58'),(2,458,5,3,1,'2015-04-21 06:02:56'),(2,459,5,3,1,'2015-04-21 05:48:59'),(2,460,5,3,1,'2015-04-20 11:39:08'),(2,461,5,3,1,'2015-04-20 11:35:32'),(2,462,5,3,2,'2015-04-28 06:48:32'),(2,463,5,3,0,'2015-02-12 12:57:45'),(2,464,5,3,2,'2015-04-20 01:10:37'),(2,465,5,3,1,'2015-04-20 11:35:40'),(2,466,5,3,2,'2015-02-12 13:01:34'),(2,467,5,3,3,'2015-04-22 06:39:43'),(2,468,5,3,2,'2015-02-12 12:59:58'),(2,469,5,3,2,'2015-07-07 22:59:32'),(2,470,5,3,2,'2015-07-07 22:57:48'),(2,471,5,3,3,'2015-04-20 11:30:23'),(2,472,5,3,3,'2015-07-07 22:54:13'),(2,473,5,3,3,'2015-07-07 22:41:12'),(2,474,5,3,2,'2015-02-12 12:58:26'),(2,475,5,3,2,'2015-04-21 05:59:44'),(2,476,5,3,2,'2015-04-22 06:54:51'),(2,477,5,3,3,'2015-04-28 06:50:15'),(2,478,5,3,3,'2015-04-28 06:49:54'),(2,479,5,3,3,'2015-07-14 00:06:14'),(2,480,5,3,3,'2015-07-14 00:06:53'),(2,481,5,3,2,'2015-04-22 06:55:56'),(2,482,5,3,3,'2015-04-22 06:10:54'),(2,483,5,3,3,'2015-04-28 06:51:38'),(2,484,5,3,2,'2015-02-12 13:00:06'),(2,485,5,3,3,'2015-07-07 22:57:56'),(2,486,5,2,2,'2015-02-12 12:56:52'),(2,487,5,3,3,'2015-04-22 06:57:09'),(2,488,5,3,3,'2015-04-28 06:45:39'),(2,489,5,3,3,'2015-04-22 06:57:33'),(2,490,5,3,3,'2015-04-22 06:49:14'),(2,491,5,3,3,'2015-04-28 06:49:27'),(2,492,5,3,1,'2015-04-21 05:54:23'),(2,493,5,3,2,'2015-07-14 00:03:41'),(2,494,5,3,1,'2015-02-12 13:01:05'),(2,495,5,3,2,'2015-02-12 12:59:37'),(2,496,5,2,2,'2015-02-12 12:41:32'),(2,497,5,3,3,'2015-04-22 06:55:29'),(2,498,5,3,2,'2015-04-20 01:15:26'),(2,499,5,3,1,'2015-04-21 05:56:47'),(2,500,5,3,2,'2015-04-20 01:14:51'),(2,501,5,3,2,'2015-04-22 06:57:31'),(2,502,5,3,1,'2015-04-20 11:39:35'),(2,503,5,2,2,'2015-02-12 12:56:13'),(2,504,5,3,3,'2015-07-14 00:05:49'),(2,505,5,3,2,'2015-04-28 06:48:12'),(2,506,5,3,1,'2015-03-05 18:39:08'),(2,507,5,3,2,'2015-02-12 12:58:32'),(2,510,5,3,2,'2015-04-21 05:38:36'),(2,511,5,3,2,'2015-02-19 15:23:49'),(2,512,5,3,2,'2015-04-20 11:28:01'),(2,513,5,3,2,'2015-02-19 15:25:44'),(2,514,5,3,3,'2015-04-22 06:57:54'),(2,515,5,3,3,'2015-04-22 06:55:00'),(2,516,5,3,2,'2015-02-12 12:58:57'),(2,517,5,3,3,'2015-07-14 00:04:10'),(2,518,5,3,3,'2015-07-07 22:40:34'),(2,519,5,2,2,'2015-02-12 12:41:28'),(2,520,5,2,2,'2015-02-12 12:56:40'),(2,521,5,3,2,'2015-04-20 11:27:21'),(2,522,5,3,3,'2015-07-14 00:03:46'),(2,523,5,3,3,'2015-04-22 06:38:57'),(2,524,5,2,2,'2015-02-12 12:56:01'),(2,525,5,3,3,'2015-07-14 00:06:43'),(2,526,5,3,2,'2015-04-22 06:55:27'),(2,527,5,2,2,'2015-02-12 12:43:01'),(2,528,5,3,3,'2015-04-22 06:49:25'),(2,529,5,3,2,'2015-02-19 15:32:36'),(2,530,5,3,2,'2015-04-22 06:11:06'),(2,533,5,3,3,'2015-07-07 22:57:39'),(2,534,5,2,2,'2015-02-12 12:56:44'),(2,535,5,2,2,'2015-02-10 06:55:22'),(2,536,5,3,2,'2015-07-07 22:40:32'),(2,537,5,3,3,'2015-04-22 06:39:52'),(2,538,5,3,0,'2015-02-12 12:57:52'),(2,539,5,2,2,'2015-02-12 12:42:22'),(2,540,5,3,1,'2015-04-20 11:26:38'),(2,541,5,3,1,'2015-04-20 01:29:58'),(2,542,5,3,3,'2015-07-07 22:54:50'),(2,543,5,2,2,'2015-02-12 12:56:11'),(2,544,5,2,2,'2015-02-12 12:38:47'),(2,545,5,3,3,'2015-04-22 06:11:13'),(2,546,5,3,2,'2015-04-21 06:00:16'),(2,547,5,2,2,'2015-02-12 12:44:04'),(2,548,5,3,1,'2015-04-20 11:27:54'),(2,549,5,3,2,'2015-04-22 06:49:11'),(2,550,5,2,2,'2015-02-10 06:55:58'),(2,551,5,3,0,'2015-02-12 12:57:38'),(2,552,5,3,0,'2015-02-12 12:57:02'),(2,553,5,3,1,'2015-04-20 11:25:29'),(2,554,5,3,3,'2015-04-22 06:49:20'),(2,555,5,3,1,'2015-02-12 12:59:54'),(2,556,5,2,2,'2015-02-12 12:40:27'),(2,557,5,3,3,'2015-04-21 05:57:18'),(2,558,5,3,3,'2015-04-22 06:39:29'),(2,560,5,2,2,'2015-02-12 12:41:57'),(2,561,5,3,3,'2015-04-22 06:56:32'),(2,562,5,3,2,'2015-04-21 05:56:35'),(2,563,5,3,2,'2015-07-14 00:05:11'),(2,564,5,3,3,'2015-04-22 06:56:03'),(2,565,5,3,3,'2015-04-22 06:40:05'),(2,566,5,3,2,'2015-04-22 06:55:07'),(2,567,5,3,1,'2015-04-21 05:37:05'),(2,568,5,3,2,'2015-04-22 06:54:44'),(2,569,5,3,1,'2015-04-20 11:36:48'),(2,570,5,3,3,'2015-07-07 22:54:16'),(2,571,5,2,2,'2015-02-12 12:56:36'),(2,572,5,3,3,'2015-07-07 22:51:06'),(2,573,5,3,2,'2015-04-22 06:57:24'),(2,574,5,3,1,'2015-03-05 18:25:23'),(2,575,5,3,2,'2015-02-19 15:24:21'),(2,576,5,3,1,'2015-04-20 11:29:58'),(2,577,5,3,2,'2015-02-12 13:00:09'),(2,578,5,3,2,'2015-04-22 06:39:09'),(2,579,5,3,2,'2015-04-28 06:51:54'),(2,580,5,3,3,'2015-04-22 06:49:00'),(2,581,5,2,2,'2015-02-10 06:59:12'),(2,582,5,3,2,'2015-04-21 05:51:05'),(2,583,5,2,2,'2015-02-12 12:43:23'),(2,584,5,2,2,'2015-02-12 12:43:18'),(2,585,5,3,1,'2015-02-12 13:00:23'),(2,586,5,2,2,'2015-02-12 12:42:58'),(2,587,5,3,2,'2015-04-22 06:38:38'),(2,588,5,3,3,'2015-04-28 06:51:12'),(2,589,5,3,3,'2015-04-28 06:47:49'),(2,590,5,3,2,'2015-04-28 06:49:11'),(2,591,5,3,3,'2015-07-07 22:49:22'),(2,592,5,3,3,'2015-04-28 06:47:46'),(2,593,5,3,3,'2015-04-22 06:57:46'),(2,594,5,3,2,'2015-04-22 06:57:21'),(2,596,5,3,2,'2015-04-22 06:11:38'),(2,597,5,3,1,'2015-04-20 11:33:08'),(2,598,5,3,1,'2015-04-20 11:30:36'),(2,599,5,3,2,'2015-04-22 06:49:48'),(2,600,5,3,1,'2015-02-12 12:58:40'),(2,601,5,3,2,'2015-03-05 18:39:19'),(2,602,5,2,2,'2015-02-12 12:41:30'),(2,603,5,3,3,'2015-04-22 06:40:07'),(2,604,5,3,2,'2015-04-21 05:56:08'),(2,605,5,3,2,'2015-04-20 01:15:45'),(2,606,5,3,1,'2015-02-12 13:01:37'),(2,607,5,3,2,'2015-04-22 06:54:40'),(2,608,5,3,2,'2015-04-20 11:29:12'),(2,609,5,3,3,'2015-07-07 22:54:52'),(2,610,5,3,3,'2015-04-22 06:39:32'),(2,611,5,3,3,'2015-04-28 06:45:35'),(2,612,5,3,3,'2015-04-22 06:39:38'),(2,613,5,3,2,'2015-04-22 06:40:21'),(2,614,5,3,3,'2015-07-07 22:46:02'),(2,615,5,3,2,'2015-04-22 06:38:55'),(2,616,5,3,3,'2015-04-28 06:51:47'),(2,617,5,3,3,'2015-04-28 06:48:36'),(2,618,5,3,2,'2015-04-22 06:39:02'),(2,619,5,3,3,'2015-04-22 06:57:51'),(2,620,5,3,3,'2015-04-22 06:38:34'),(2,621,5,3,3,'2015-04-22 06:38:25'),(2,622,5,3,1,'2015-04-21 05:56:30'),(2,623,5,3,3,'2015-04-20 11:35:05'),(2,624,5,3,3,'2015-07-07 22:54:48'),(2,625,5,3,3,'2015-04-20 11:25:43'),(2,626,5,3,3,'2015-07-07 22:46:16'),(2,627,5,3,1,'2015-02-19 15:32:33'),(2,628,5,3,3,'2015-04-22 06:56:11'),(2,629,5,3,3,'2015-04-21 05:58:38'),(2,630,5,3,3,'2015-04-28 06:50:09'),(2,631,5,3,2,'2015-04-22 06:10:38'),(2,632,5,3,3,'2015-04-22 06:10:14'),(2,633,5,2,2,'2015-02-19 15:26:59'),(2,634,5,3,1,'2015-04-20 11:36:26'),(2,635,5,3,1,'2015-04-21 05:35:45'),(2,636,5,3,1,'2015-03-05 18:28:20'),(2,637,5,3,1,'2015-02-19 15:31:09'),(2,638,5,3,1,'2015-04-20 11:29:42'),(2,639,5,3,1,'2015-04-20 11:31:06'),(2,640,5,3,1,'2015-04-20 11:26:46'),(2,641,5,3,3,'2015-04-22 06:57:41'),(2,642,5,3,3,'2015-04-22 06:38:23'),(2,643,5,2,2,'2015-02-19 15:25:54'),(2,644,5,2,2,'2015-02-19 15:29:37'),(2,645,5,2,2,'2015-02-19 15:25:11'),(2,646,5,3,3,'2015-04-22 06:11:20'),(2,647,5,2,2,'2015-02-19 15:29:45'),(2,648,5,2,2,'2015-02-19 15:30:44'),(2,649,5,2,2,'2015-02-19 15:26:38'),(2,650,5,2,2,'2015-02-19 15:30:54'),(2,651,5,2,2,'2015-02-19 15:29:53'),(2,652,5,2,2,'2015-02-19 15:24:05'),(2,653,5,3,1,'2015-04-21 05:48:41'),(2,654,5,3,3,'2015-04-22 06:56:09'),(2,655,5,3,3,'2015-04-22 06:11:22'),(2,656,5,3,1,'2015-04-21 05:58:48'),(2,657,5,2,2,'2015-03-05 18:27:07'),(2,659,5,2,2,'2015-03-05 18:23:16'),(2,660,5,2,2,'2015-03-05 18:27:56'),(2,661,5,3,1,'2015-04-20 11:40:17'),(2,662,5,3,1,'2015-04-20 11:27:07'),(2,663,5,3,2,'2015-03-05 18:39:21'),(2,664,5,2,2,'2015-03-05 18:08:57'),(2,665,5,3,3,'2015-04-22 06:40:24'),(2,668,5,3,1,'2015-03-05 18:30:24'),(2,669,5,3,1,'2015-04-22 06:10:31'),(2,670,5,3,2,'2015-03-05 18:30:02'),(2,671,5,3,1,'2015-04-20 11:30:56'),(2,672,5,2,2,'2015-03-05 18:22:38'),(2,673,5,3,3,'2015-04-22 06:57:01'),(2,674,5,3,3,'2015-04-22 06:39:20'),(2,675,5,2,2,'2015-04-20 01:12:03'),(2,676,5,2,2,'2015-04-20 01:11:46'),(2,677,5,2,2,'2015-04-20 01:10:47'),(2,678,5,3,0,'2015-04-20 01:14:04'),(2,679,5,3,1,'2015-04-20 01:30:27'),(2,680,5,3,1,'2015-04-22 06:10:43'),(2,681,5,2,2,'2015-04-20 01:11:59'),(2,682,5,3,2,'2015-04-20 11:39:27'),(2,683,5,2,2,'2015-03-26 23:33:24'),(2,684,5,2,2,'2015-03-26 23:33:08'),(2,685,5,2,2,'2015-04-20 01:11:51'),(2,686,5,3,3,'2015-04-22 06:57:48'),(2,687,5,2,2,'2015-04-20 01:10:41'),(2,688,5,2,2,'2015-03-26 23:30:45'),(2,689,5,3,2,'2015-04-22 06:56:49'),(2,690,5,3,3,'2015-04-22 06:56:07'),(2,691,5,3,1,'2015-04-20 01:15:38'),(2,692,5,3,3,'2015-04-22 06:39:22'),(2,693,5,3,2,'2015-04-21 05:56:40'),(2,694,5,2,2,'2015-03-26 23:52:11'),(2,695,5,2,2,'2015-03-26 23:33:40'),(2,696,5,2,2,'2015-03-26 23:53:02'),(2,697,5,2,2,'2015-03-26 23:50:51'),(2,698,5,3,0,'2015-04-20 01:13:35'),(2,699,5,3,3,'2015-04-22 06:56:52'),(2,700,5,3,2,'2015-04-20 01:30:14'),(2,701,5,3,1,'2015-04-21 05:57:10'),(2,702,5,3,1,'2015-04-21 06:02:00'),(2,703,5,3,2,'2015-04-21 05:52:12'),(2,704,5,2,2,'2015-03-25 06:11:38'),(2,705,5,2,2,'2015-04-14 16:08:35'),(2,706,5,2,2,'2015-03-26 23:27:58'),(2,707,5,3,2,'2015-04-20 11:30:30'),(2,708,5,3,3,'2015-04-22 06:49:31'),(2,709,5,3,2,'2015-04-21 05:55:22'),(2,710,5,2,2,'2015-04-20 01:12:19'),(2,711,5,2,2,'2015-04-20 01:11:21'),(2,712,5,2,2,'2015-04-20 00:52:07'),(2,713,5,2,2,'2015-04-20 01:11:41'),(2,714,5,3,2,'2015-04-20 11:30:50'),(2,715,5,2,2,'2015-04-20 01:10:44'),(2,716,5,2,2,'2015-03-26 23:54:20'),(2,717,5,3,1,'2015-04-20 11:39:40'),(2,718,5,3,2,'2015-04-20 11:28:11'),(2,719,5,3,1,'2015-04-20 11:38:21'),(2,720,5,3,1,'2015-04-20 11:26:31'),(2,721,5,3,1,'2015-04-20 11:32:12'),(2,722,5,3,3,'2015-04-22 06:38:33'),(2,723,5,3,1,'2015-04-20 11:30:18'),(2,724,5,3,1,'2015-04-21 05:54:57'),(2,725,5,2,2,'2015-04-20 01:09:53'),(2,726,5,3,1,'2015-04-21 05:35:59'),(2,728,5,2,2,'2015-03-26 23:50:43'),(2,729,5,3,3,'2015-04-22 06:56:42'),(2,730,5,3,0,'2015-04-20 01:13:13'),(2,731,5,3,2,'2015-04-20 11:38:04'),(2,732,5,3,1,'2015-04-22 06:10:50'),(2,733,5,3,1,'2015-04-21 05:49:18'),(2,734,5,2,2,'2015-04-20 00:52:03'),(2,735,5,3,1,'2015-04-20 11:38:45'),(2,736,5,3,0,'2015-04-20 01:13:56'),(2,738,5,3,0,'2015-04-20 01:15:12'),(2,739,5,2,2,'2015-03-26 23:52:09'),(2,742,5,3,1,'2015-04-20 11:26:16'),(2,743,5,3,3,'2015-04-22 06:58:07'),(2,744,5,3,1,'2015-04-20 11:27:39'),(2,745,5,3,0,'2015-04-20 01:13:23'),(2,746,5,3,2,'2015-04-20 11:25:36'),(2,747,5,3,2,'2015-04-20 01:30:50'),(2,748,5,3,2,'2015-04-21 06:03:00'),(2,750,5,3,0,'2015-04-20 01:15:30'),(2,751,5,3,1,'2015-04-20 11:25:53'),(2,752,5,3,1,'2015-04-21 05:48:51'),(2,753,5,3,2,'2015-04-21 05:52:33'),(2,754,5,3,0,'2015-04-20 01:14:56'),(2,755,5,2,2,'2015-04-20 01:02:21'),(2,756,5,2,2,'2015-03-26 23:50:09'),(2,757,5,2,2,'2015-03-25 06:13:13'),(2,758,5,3,2,'2015-04-20 11:37:45'),(2,759,5,3,2,'2015-04-20 11:34:47'),(2,760,5,2,2,'2015-04-14 16:11:22'),(2,761,5,3,2,'2015-04-20 11:28:22'),(2,763,5,3,2,'2015-04-20 11:26:22'),(2,764,5,2,2,'2015-03-26 23:52:26'),(2,765,5,3,2,'2015-04-20 11:30:46'),(2,766,5,3,2,'2015-04-22 06:49:51'),(2,767,5,3,2,'2015-04-22 06:38:21'),(2,769,5,3,2,'2015-04-22 06:11:01'),(2,770,5,2,2,'2015-04-20 00:51:35'),(2,771,5,3,1,'2015-04-21 05:54:46'),(2,772,5,3,1,'2015-04-20 11:36:08'),(2,773,5,3,1,'2015-04-21 05:59:02'),(2,774,5,3,1,'2015-04-21 05:38:28'),(2,775,5,2,2,'2015-03-26 23:53:05'),(2,776,5,3,1,'2015-04-20 11:38:38'),(2,777,5,3,0,'2015-04-20 01:13:42'),(2,778,5,3,1,'2015-04-21 05:35:26'),(2,779,5,3,1,'2015-04-20 11:31:46'),(2,780,5,2,2,'2015-03-26 23:52:46'),(2,781,5,3,1,'2015-04-20 01:13:51'),(2,782,5,3,0,'2015-04-20 01:13:31'),(2,783,5,3,1,'2015-04-20 11:32:52'),(2,784,5,3,3,'2015-04-22 06:55:38'),(2,785,5,3,1,'2015-04-20 01:29:44'),(2,786,5,3,2,'2015-04-21 06:00:57'),(2,787,5,3,0,'2015-04-20 01:15:07'),(2,788,5,3,2,'2015-04-20 11:30:10'),(2,789,5,3,1,'2015-04-20 11:29:49'),(2,790,5,3,3,'2015-04-22 06:49:22'),(2,791,5,2,2,'2015-04-20 01:12:13'),(2,793,5,2,1,'2015-07-07 22:41:08'),(2,794,5,2,2,'2015-07-07 22:16:54'),(2,795,5,2,2,'2015-04-28 06:51:48'),(2,796,5,2,2,'2015-04-28 06:50:28'),(2,798,5,2,2,'2015-04-28 06:51:42'),(2,799,5,2,2,'2015-04-28 06:49:30'),(2,800,5,2,2,'2015-07-07 22:45:13'),(2,801,5,2,2,'2015-04-28 06:49:45'),(2,802,5,2,1,'2015-04-28 06:49:25'),(2,803,5,2,2,'2015-04-28 06:51:56'),(2,805,5,2,1,'2015-07-07 22:16:49'),(2,809,5,3,1,'2015-07-14 00:06:39'),(2,810,5,2,2,'2015-04-28 06:51:45'),(2,814,5,2,2,'2015-04-28 06:50:26'),(2,817,5,2,2,'2015-04-28 06:51:14'),(2,818,5,2,2,'2015-04-28 06:50:29'),(2,819,5,2,2,'2015-04-28 06:50:12'),(2,822,5,3,2,'2015-07-07 22:45:21'),(2,823,5,2,2,'2015-04-28 06:50:17'),(2,830,5,2,1,'2015-07-07 22:54:09'),(2,833,5,2,1,'2015-07-07 22:54:06'),(2,836,5,2,1,'2015-07-07 22:16:37'),(2,841,5,2,2,'2015-07-07 22:17:22'),(2,843,5,3,2,'2015-07-07 22:45:29'),(2,859,5,2,2,'2015-07-14 00:05:27'),(2,861,5,2,1,'2015-07-07 22:15:53'),(2,870,5,2,1,'2015-07-07 22:49:10'),(2,876,5,2,2,'2015-07-14 00:05:43'),(2,888,5,2,2,'2015-07-07 22:57:54'),(2,892,5,2,2,'2015-07-07 22:49:24'),(2,900,5,1,0,'2015-07-14 00:07:54'),(2,901,5,2,1,'2015-07-14 00:05:58'),(2,902,5,3,2,'2015-07-07 22:58:11'),(2,909,5,3,2,'2015-07-14 00:06:03'),(2,914,5,2,1,'2015-07-14 00:07:18'),(2,926,5,2,2,'2015-07-14 00:05:16'),(2,933,5,2,2,'2015-07-07 22:57:34'),(2,934,5,1,0,'2015-07-14 00:06:51'),(2,935,5,2,1,'2015-07-07 22:57:32'),(2,937,5,2,1,'2015-07-07 22:46:12'),(2,938,5,2,1,'2015-07-07 22:53:57'),(2,939,5,2,1,'2015-07-07 22:51:36'),(2,943,5,2,1,'2015-07-14 00:04:06'),(2,948,5,3,2,'2015-07-14 00:07:02'),(2,955,5,2,1,'2015-07-07 22:54:45'),(2,958,5,2,2,'2015-07-07 22:45:17'),(2,964,5,3,1,'2015-07-14 00:07:10'),(2,993,5,2,2,'2015-07-07 22:16:30'),(2,995,5,2,1,'2015-07-07 22:40:52'),(2,998,5,2,1,'2015-07-07 22:51:15'),(2,1004,5,2,2,'2015-07-14 00:05:46'),(3,20,3,2,2,'2015-07-14 00:00:09'),(3,22,3,2,2,'2015-07-14 00:00:37'),(3,24,3,2,1,'2015-07-14 00:00:04'),(3,32,3,3,3,'2013-04-20 00:16:32'),(3,34,3,2,0,'2015-07-13 23:59:38'),(3,43,3,1,1,'2013-04-16 21:35:38'),(3,44,3,2,2,'2015-07-14 00:00:22'),(3,45,3,2,2,'2013-04-20 00:15:54'),(3,47,3,2,1,'2013-04-20 00:17:16'),(3,49,3,1,1,'2013-04-20 00:16:25'),(3,53,3,3,2,'2015-07-14 00:00:50'),(3,292,3,1,1,'2015-07-14 00:00:34'),(3,307,3,1,0,'2015-07-13 23:59:49'),(3,455,3,1,1,'2015-07-14 00:00:27'),(3,594,3,1,1,'2015-07-13 23:59:55'),(3,853,3,1,0,'2015-07-14 00:00:17'),(3,985,3,1,1,'2015-07-14 00:00:54'),(4,40,6,3,3,'2013-04-17 23:47:21'),(4,40,7,3,3,'2013-04-17 23:47:21'),(4,40,8,3,0,'2013-04-17 23:47:21'),(4,40,9,3,0,'2013-04-17 23:47:21'),(4,40,10,3,0,'2013-04-17 23:47:21'),(4,40,11,3,0,'2013-04-17 23:47:21'),(4,57,6,1,0,'2013-04-18 16:56:41'),(4,57,7,1,0,'2013-04-18 16:56:41'),(4,57,8,1,0,'2013-04-18 16:56:41'),(4,57,9,1,1,'2013-04-18 16:56:41'),(4,57,10,1,1,'2013-04-18 16:56:41'),(4,57,11,1,1,'2013-04-18 16:56:41'),(4,75,6,1,1,'2013-04-19 21:23:47'),(4,75,7,1,1,'2013-04-19 21:23:47'),(4,75,8,1,1,'2013-04-19 21:23:47'),(4,75,9,1,1,'2013-04-19 21:23:47'),(4,75,10,1,1,'2013-04-19 21:23:47'),(4,75,11,1,1,'2013-04-19 21:23:47'),(5,14,16,3,2,'2015-09-17 00:16:13'),(5,25,16,3,3,'2015-07-13 23:56:52'),(5,26,16,2,2,'2015-07-13 23:55:36'),(5,27,16,2,2,'2015-09-17 00:20:45'),(5,28,16,4,4,'2015-09-17 00:10:45'),(5,29,16,3,3,'2015-09-17 00:07:43'),(5,30,16,3,3,'2015-09-17 00:16:04'),(5,31,16,3,2,'2015-07-13 23:57:58'),(5,36,16,3,3,'2015-07-14 00:03:12'),(5,37,16,3,3,'2015-07-13 23:57:43'),(5,38,16,3,3,'2015-07-13 23:57:38'),(5,40,16,3,3,'2015-07-13 23:56:58'),(5,41,16,2,1,'2015-07-13 23:55:25'),(5,57,16,3,3,'2015-07-13 23:55:11'),(5,58,16,3,3,'2015-07-13 23:52:10'),(5,59,16,3,3,'2015-07-13 23:56:01'),(5,60,16,4,0,'2015-09-17 00:16:54'),(5,61,16,4,4,'2015-09-17 00:22:58'),(5,62,16,4,4,'2015-09-17 00:21:54'),(5,63,16,4,4,'2015-09-17 00:21:58'),(5,68,16,2,2,'2015-07-14 00:03:05'),(5,75,16,3,3,'2015-07-14 00:01:44'),(5,76,16,4,4,'2015-09-17 00:21:40'),(5,90,16,2,2,'2015-09-17 00:18:00'),(5,92,16,4,3,'2015-09-17 00:17:01'),(5,93,16,3,3,'2015-09-17 00:06:23'),(5,94,16,4,4,'2015-09-17 00:10:53'),(5,95,16,3,2,'2015-07-13 23:52:29'),(5,97,16,3,3,'2015-07-13 20:27:58'),(5,98,16,4,3,'2015-09-17 00:08:01'),(5,100,16,2,2,'2015-07-13 23:52:19'),(5,113,16,4,4,'2015-09-17 00:10:01'),(5,114,16,3,3,'2015-09-17 00:16:36'),(5,117,16,3,3,'2015-09-17 00:10:41'),(5,118,16,2,2,'2015-07-13 23:55:44'),(5,119,16,3,3,'2015-07-14 00:01:32'),(5,124,16,3,3,'2015-07-13 23:57:33'),(5,125,16,2,2,'2015-09-17 00:20:32'),(5,126,16,5,5,'2015-09-17 00:06:05'),(5,154,16,3,3,'2015-09-17 00:06:55'),(5,155,16,4,2,'2015-09-17 00:07:31'),(5,156,16,4,4,'2015-09-17 00:21:12'),(5,160,16,3,2,'2015-09-17 00:22:09'),(5,162,16,3,3,'2015-07-13 23:55:51'),(5,167,16,4,4,'2015-09-17 00:12:06'),(5,171,16,4,3,'2015-09-17 00:07:55'),(5,173,16,3,3,'2015-09-17 00:04:29'),(5,174,16,3,1,'2015-07-13 23:57:06'),(5,175,16,4,2,'2015-09-17 00:05:58'),(5,176,16,4,3,'2015-09-17 00:17:47'),(5,177,16,3,3,'2015-09-17 00:05:39'),(5,178,16,3,2,'2015-07-13 23:56:05'),(5,179,16,4,3,'2015-09-17 00:11:34'),(5,219,16,4,4,'2015-09-17 00:11:17'),(5,221,16,2,2,'2015-07-14 00:03:02'),(5,255,16,3,3,'2015-09-17 00:04:50'),(5,261,16,2,2,'2015-09-17 00:08:05'),(5,281,16,2,2,'2015-09-17 00:06:17'),(5,282,16,3,3,'2015-09-17 00:05:19'),(5,290,16,3,3,'2015-09-19 05:48:21'),(5,291,16,2,1,'2015-09-17 00:11:44'),(5,298,16,2,1,'2015-09-17 00:11:04'),(5,299,16,3,3,'2015-09-17 00:22:19'),(5,328,16,3,3,'2015-09-17 00:17:07'),(5,335,16,2,2,'2015-09-17 00:16:20'),(5,340,16,1,1,'2015-09-17 00:21:49'),(5,350,16,2,2,'2015-07-13 23:52:54'),(5,353,16,2,2,'2015-09-17 00:20:22'),(5,363,16,1,1,'2015-09-19 05:48:30'),(5,366,16,1,1,'2015-09-17 00:22:27'),(5,369,16,2,2,'2015-09-17 00:07:39'),(5,374,16,1,1,'2015-09-19 05:48:11'),(5,376,16,2,1,'2015-07-13 23:55:00'),(5,378,16,2,2,'2015-09-17 00:06:51'),(5,380,16,2,2,'2015-09-17 00:19:38'),(5,402,16,2,2,'2015-09-17 00:17:27'),(5,403,16,1,1,'2015-09-17 00:11:11'),(5,408,16,2,2,'2015-09-17 00:16:26'),(5,409,16,1,1,'2015-09-19 05:48:49'),(5,414,16,2,1,'2015-09-17 00:11:51'),(5,416,16,2,2,'2015-09-17 00:04:59'),(5,417,16,2,2,'2015-09-17 00:05:22'),(5,421,16,2,2,'2015-09-17 00:20:14'),(5,423,16,1,1,'2015-09-17 00:20:49'),(5,424,16,2,1,'2015-09-19 05:48:07'),(5,425,16,2,1,'2015-09-17 00:10:18'),(5,465,16,2,1,'2015-07-13 23:52:01'),(5,506,16,1,1,'2015-09-17 00:21:36'),(5,582,16,1,0,'2015-09-17 00:21:00'),(5,723,16,2,2,'2015-07-14 00:01:37'),(5,742,16,3,1,'2015-09-19 05:47:53'),(5,791,16,2,1,'2015-09-17 00:19:42'),(5,807,16,3,3,'2015-09-17 00:20:29'),(5,823,16,3,2,'2015-09-17 00:11:55'),(5,833,16,2,1,'2015-07-13 23:54:44'),(5,842,16,3,2,'2015-09-17 00:17:42'),(5,870,16,2,1,'2015-09-19 05:48:42'),(5,880,16,2,2,'2015-07-13 23:55:04'),(5,883,16,2,1,'2015-09-17 00:19:29'),(5,885,16,1,0,'2015-09-17 00:22:12'),(5,886,16,2,2,'2015-09-17 00:16:39'),(5,911,16,2,2,'2015-09-17 00:04:32'),(5,931,16,2,2,'2015-07-13 23:52:33'),(5,951,16,2,2,'2015-09-17 00:20:08'),(5,978,16,2,2,'2015-07-14 00:01:16'),(5,984,16,2,2,'2015-07-14 00:01:50'),(5,986,16,2,2,'2015-07-13 23:56:47'),(5,993,16,2,2,'2015-09-17 00:17:54'),(5,995,16,2,2,'2015-07-13 23:55:56'),(5,1003,16,1,1,'2015-09-17 00:21:25'),(5,1004,16,2,2,'2015-09-17 00:10:26'),(5,1012,16,1,1,'2015-09-17 00:20:41'),(5,1071,16,2,1,'2015-09-17 00:20:02'),(5,1081,16,1,1,'2015-09-17 00:21:15'),(5,1082,16,2,2,'2015-09-17 00:16:30'),(5,1083,16,2,0,'2015-09-17 00:07:23'),(5,1084,16,2,2,'2015-09-17 00:11:13'),(5,1088,16,2,2,'2015-09-17 00:05:41'),(5,1089,16,2,2,'2015-09-17 00:21:44'),(5,1095,16,2,2,'2015-09-17 00:18:03'),(5,1102,16,2,0,'2015-09-17 00:17:33'),(5,1111,16,1,1,'2015-09-17 00:21:31'),(5,1137,16,1,1,'2015-09-19 05:48:02'),(6,14,17,1,1,'2015-08-31 21:57:18'),(6,40,17,1,0,'2015-09-01 20:10:04'),(6,56,17,2,1,'2015-09-01 20:10:28'),(6,59,17,2,2,'2015-08-31 21:52:04'),(6,126,17,1,1,'2015-08-31 21:48:31'),(6,280,17,1,1,'2015-08-31 21:51:23'),(6,284,17,1,1,'2015-09-01 20:09:24'),(6,290,17,2,0,'2015-09-01 20:09:00'),(6,345,17,2,2,'2015-08-30 06:40:42'),(6,376,17,2,0,'2015-08-31 21:49:50'),(6,433,17,2,2,'2015-09-01 20:09:56'),(6,465,17,2,1,'2015-08-31 21:51:11'),(6,478,17,2,1,'2015-08-31 21:50:00'),(6,506,17,2,2,'2015-08-31 21:56:22'),(6,672,17,1,1,'2015-08-31 21:51:28'),(6,683,17,2,1,'2015-08-30 06:40:38'),(6,689,17,1,1,'2015-09-01 20:08:42'),(6,723,17,1,1,'2015-08-30 06:44:17'),(6,742,17,2,1,'2015-08-31 21:50:24'),(6,809,17,2,1,'2015-08-30 06:45:34'),(6,812,17,2,1,'2015-08-30 17:56:52'),(6,818,17,2,1,'2015-08-31 21:48:25'),(6,823,17,2,1,'2015-08-31 21:48:01'),(6,825,17,1,1,'2015-08-31 21:56:39'),(6,827,17,1,1,'2015-08-30 17:56:37'),(6,829,17,2,0,'2015-08-30 06:43:19'),(6,833,17,2,2,'2015-09-01 20:09:49'),(6,842,17,2,2,'2015-09-01 20:08:46'),(6,866,17,2,1,'2015-08-30 06:41:35'),(6,870,17,2,1,'2015-09-01 20:09:37'),(6,882,17,2,1,'2015-08-30 06:45:01'),(6,883,17,2,1,'2015-08-31 21:49:43'),(6,886,17,2,2,'2015-08-31 21:55:00'),(6,896,17,2,1,'2015-08-31 21:54:52'),(6,911,17,1,1,'2015-09-01 20:09:21'),(6,931,17,2,1,'2015-08-30 06:40:52'),(6,952,17,2,2,'2015-08-30 06:42:54'),(6,959,17,2,1,'2015-09-01 20:08:52'),(6,961,17,1,1,'2015-08-31 21:50:49'),(6,962,17,2,1,'2015-08-30 06:43:13'),(6,984,17,2,0,'2015-08-30 17:56:45'),(6,986,17,2,1,'2015-09-01 20:10:34'),(6,990,17,2,1,'2015-08-31 21:55:08'),(6,993,17,1,1,'2015-08-31 21:52:01'),(6,998,17,1,1,'2015-08-31 21:48:53'),(6,1003,17,1,1,'2015-08-31 21:54:32'),(6,1006,17,1,1,'2015-08-31 21:50:11'),(6,1009,17,2,2,'2015-08-30 06:41:48'),(6,1010,17,2,1,'2015-08-31 21:48:19'),(6,1011,17,2,2,'2015-08-30 06:45:04'),(6,1012,17,2,1,'2015-08-31 21:52:10'),(6,1051,17,2,0,'2015-08-30 06:43:55'),(6,1056,17,2,0,'2015-08-31 21:51:37'),(6,1057,17,1,1,'2015-08-31 21:56:47'),(6,1058,17,2,2,'2015-08-31 21:56:56'),(6,1059,17,2,1,'2015-08-31 21:56:29'),(6,1060,17,2,1,'2015-08-30 17:57:14'),(6,1061,17,1,1,'2015-08-31 21:52:15'),(6,1062,17,1,1,'2015-08-31 21:57:01'),(6,1063,17,2,2,'2015-08-30 06:41:01'),(6,1065,17,2,2,'2015-08-30 06:44:26'),(6,1066,17,2,2,'2015-08-31 21:54:36'),(6,1067,17,1,1,'2015-08-30 06:40:33'),(6,1068,17,2,2,'2015-08-31 21:57:05'),(6,1069,17,1,1,'2015-09-01 20:10:24'),(6,1070,17,2,2,'2015-08-31 21:56:51'),(6,1071,17,2,1,'2015-08-31 21:51:02'),(6,1072,17,2,1,'2015-08-31 21:47:54'),(6,1074,17,2,2,'2015-08-30 06:42:58'),(6,1075,17,2,2,'2015-08-30 06:40:55'),(6,1076,17,2,2,'2015-08-30 06:44:37'),(6,1077,17,2,1,'2015-08-30 06:42:01'),(6,1080,17,1,1,'2015-09-01 20:10:10'),(6,1083,17,1,1,'2015-09-01 20:09:42'),(6,1087,17,1,1,'2015-09-01 20:09:05'),(6,1088,17,1,1,'2015-09-01 20:10:37');
/*!40000 ALTER TABLE `quiz_score` ENABLE KEYS */;
UNLOCK TABLES;

--
-- Table structure for table `quiz_structure`
--

DROP TABLE IF EXISTS `quiz_structure`;
/*!40101 SET @saved_cs_client     = @@character_set_client */;
/*!40101 SET character_set_client = utf8 */;
CREATE TABLE `quiz_structure` (
  `quiz_id` int(11) NOT NULL,
  `pos_id` int(11) NOT NULL,
  `attribute_id` int(11) NOT NULL,
  UNIQUE KEY `quiz_id` (`quiz_id`,`pos_id`,`attribute_id`),
  KEY `attribute_id` (`attribute_id`),
  KEY `pos_id` (`pos_id`),
  CONSTRAINT `quiz_structure_ibfk_1` FOREIGN KEY (`quiz_id`) REFERENCES `quiz` (`id`) ON DELETE CASCADE,
  CONSTRAINT `quiz_structure_ibfk_2` FOREIGN KEY (`attribute_id`) REFERENCES `attribute` (`id`) ON DELETE CASCADE,
  CONSTRAINT `quiz_structure_ibfk_3` FOREIGN KEY (`pos_id`) REFERENCES `pos` (`id`) ON DELETE CASCADE
) ENGINE=InnoDB DEFAULT CHARSET=utf8;
/*!40101 SET character_set_client = @saved_cs_client */;

--
-- Dumping data for table `quiz_structure`
--

LOCK TABLES `quiz_structure` WRITE;
/*!40000 ALTER TABLE `quiz_structure` DISABLE KEYS */;
INSERT INTO `quiz_structure` VALUES (1,1,1),(3,1,3),(2,1,5),(2,2,5),(2,3,5),(4,2,6),(4,2,7),(4,2,8),(4,2,9),(4,2,10),(4,2,11),(5,2,16),(6,2,17);
/*!40000 ALTER TABLE `quiz_structure` ENABLE KEYS */;
UNLOCK TABLES;

--
-- Table structure for table `word`
--

DROP TABLE IF EXISTS `word`;
/*!40101 SET @saved_cs_client     = @@character_set_client */;
/*!40101 SET character_set_client = utf8 */;
CREATE TABLE `word` (
  `id` int(11) NOT NULL AUTO_INCREMENT,
  `pos_id` int(11) NOT NULL,
  `word` varchar(64) NOT NULL,
  `added` timestamp NOT NULL DEFAULT CURRENT_TIMESTAMP,
  PRIMARY KEY (`id`),
  UNIQUE KEY `pos_id` (`pos_id`,`word`),
  CONSTRAINT `word_ibfk_1` FOREIGN KEY (`pos_id`) REFERENCES `pos` (`id`) ON DELETE CASCADE
) ENGINE=InnoDB AUTO_INCREMENT=1178 DEFAULT CHARSET=utf8;
/*!40101 SET character_set_client = @saved_cs_client */;

--
-- Dumping data for table `word`
--

LOCK TABLES `word` WRITE;
/*!40000 ALTER TABLE `word` DISABLE KEYS */;
INSERT INTO `word` VALUES (14,2,'werfen','0000-00-00 00:00:00'),(15,1,'blume','0000-00-00 00:00:00'),(16,1,'familie','0000-00-00 00:00:00'),(17,1,'lrm','0000-00-00 00:00:00'),(18,1,'blumenkohl','0000-00-00 00:00:00'),(19,1,'speck','0000-00-00 00:00:00'),(20,1,'schuh','0000-00-00 00:00:00'),(21,1,'zwiebel','0000-00-00 00:00:00'),(22,1,'erdbeere','0000-00-00 00:00:00'),(23,1,'kneipe','0000-00-00 00:00:00'),(24,1,'fugnger','0000-00-00 00:00:00'),(25,2,'arbeiten','0000-00-00 00:00:00'),(26,2,'tanken','0000-00-00 00:00:00'),(27,2,'mieten','0000-00-00 00:00:00'),(28,2,'feiern','0000-00-00 00:00:00'),(29,2,'schicken','0000-00-00 00:00:00'),(30,2,'heiraten','0000-00-00 00:00:00'),(31,2,'dauern','0000-00-00 00:00:00'),(32,1,'beruf','0000-00-00 00:00:00'),(33,1,'zitrone','0000-00-00 00:00:00'),(34,1,'bad','0000-00-00 00:00:00'),(35,1,'dorf','0000-00-00 00:00:00'),(36,2,'haben','0000-00-00 00:00:00'),(37,2,'zeigen','0000-00-00 00:00:00'),(38,2,'besuchen','0000-00-00 00:00:00'),(40,2,'wissen','0000-00-00 00:00:00'),(41,2,'kennen','0000-00-00 00:00:00'),(42,3,'kalt','0000-00-00 00:00:00'),(43,1,'apfel','0000-00-00 00:00:00'),(44,1,'lffel','0000-00-00 00:00:00'),(45,1,'teppich','0000-00-00 00:00:00'),(46,1,'tapete','0000-00-00 00:00:00'),(47,1,'menge','0000-00-00 00:00:00'),(49,1,'blatt','0000-00-00 00:00:00'),(52,3,'rot','0000-00-00 00:00:00'),(53,1,'freizeit','0000-00-00 00:00:00'),(54,1,'sahne','0000-00-00 00:00:00'),(55,1,'brot','0000-00-00 00:00:00'),(56,2,'greifen','0000-00-00 00:00:00'),(57,2,'setzen','0000-00-00 00:00:00'),(58,2,'verbessern','0000-00-00 00:00:00'),(59,2,'essen','0000-00-00 00:00:00'),(60,2,'stechen','0000-00-00 00:00:00'),(61,2,'gehen','0000-00-00 00:00:00'),(62,2,'kitzeln','0000-00-00 00:00:00'),(63,2,'trsten','0000-00-00 00:00:00'),(64,3,'dmlich','0000-00-00 00:00:00'),(65,1,'vorwurf','0000-00-00 00:00:00'),(66,3,'rgerlich','0000-00-00 00:00:00'),(67,3,'ntig','0000-00-00 00:00:00'),(68,2,'sticheln','0000-00-00 00:00:00'),(69,2,'schelten','0000-00-00 00:00:00'),(70,1,'ziererei','0000-00-00 00:00:00'),(71,1,'greuel','0000-00-00 00:00:00'),(73,1,'saal','0000-00-00 00:00:00'),(74,3,'kostbar','0000-00-00 00:00:00'),(75,2,'zerren','0000-00-00 00:00:00'),(76,2,'nachmachen','0000-00-00 00:00:00'),(79,1,'glanzstck','0000-00-00 00:00:00'),(80,1,'kopf','0000-00-00 00:00:00'),(81,3,'merkwrdig','0000-00-00 00:00:00'),(82,1,'sache','0000-00-00 00:00:00'),(83,1,'stunde','0000-00-00 00:00:00'),(84,1,'absicht','0000-00-00 00:00:00'),(86,1,'klemme','0000-00-00 00:00:00'),(87,1,'beleidigung','0000-00-00 00:00:00'),(88,1,'versagen','0000-00-00 00:00:00'),(89,3,'schlimmer','0000-00-00 00:00:00'),(90,2,'schtteln','0000-00-00 00:00:00'),(91,1,'gesicht','0000-00-00 00:00:00'),(92,2,'raffen','0000-00-00 00:00:00'),(93,2,'lauschen','0000-00-00 00:00:00'),(94,2,'fortfahren','0000-00-00 00:00:00'),(95,2,'tragen','0000-00-00 00:00:00'),(96,3,'gewi','0000-00-00 00:00:00'),(97,2,'annehmen','0000-00-00 00:00:00'),(98,2,'schaffen','0000-00-00 00:00:00'),(100,2,'geben','0000-00-00 00:00:00'),(109,1,'eigentum','0000-00-00 00:00:00'),(110,1,'loch','0000-00-00 00:00:00'),(111,3,'heiss','0000-00-00 00:00:00'),(112,1,'abenteuer','0000-00-00 00:00:00'),(113,2,'strzen','0000-00-00 00:00:00'),(114,2,'schtzen','0000-00-00 00:00:00'),(115,1,'hufeisen','0000-00-00 00:00:00'),(116,3,'senkrecht','0000-00-00 00:00:00'),(117,2,'montieren','0000-00-00 00:00:00'),(118,2,'erinnern','0000-00-00 00:00:00'),(119,2,'vermissen','0000-00-00 00:00:00'),(120,3,'kleinlich','0000-00-00 00:00:00'),(121,3,'dster','0000-00-00 00:00:00'),(122,3,'gruselig','0000-00-00 00:00:00'),(123,1,'bett','0000-00-00 00:00:00'),(124,2,'erwarten','0000-00-00 00:00:00'),(125,2,'einladen','0000-00-00 00:00:00'),(126,2,'vorstellen','0000-00-00 00:00:00'),(127,3,'kurz','0000-00-00 00:00:00'),(128,3,'lockig','0000-00-00 00:00:00'),(129,3,'glatt','0000-00-00 00:00:00'),(130,3,'lustig','0000-00-00 00:00:00'),(131,1,'spitzname','0000-00-00 00:00:00'),(132,1,'auge','0000-00-00 00:00:00'),(133,1,'brille','0000-00-00 00:00:00'),(134,1,'hobby','0000-00-00 00:00:00'),(135,1,'durst','0000-00-00 00:00:00'),(136,1,'haar','0000-00-00 00:00:00'),(137,1,'farbe','0000-00-00 00:00:00'),(138,2,'bedienen','0000-00-00 00:00:00'),(139,1,'rad','0000-00-00 00:00:00'),(140,1,'lenkrad','0000-00-00 00:00:00'),(141,1,'raupe','0000-00-00 00:00:00'),(142,1,'wissenschaft','0000-00-00 00:00:00'),(143,1,'wirtschaft','0000-00-00 00:00:00'),(144,1,'gesellschaft','0000-00-00 00:00:00'),(145,1,'gesprch','0000-00-00 00:00:00'),(146,1,'meinung','0000-00-00 00:00:00'),(147,1,'wolke','0000-00-00 00:00:00'),(148,1,'teller','0000-00-00 00:00:00'),(149,3,'wsserig','0000-00-00 00:00:00'),(150,3,'lecker','0000-00-00 00:00:00'),(151,1,'auswahl','0000-00-00 00:00:00'),(152,1,'ergebnis','0000-00-00 00:00:00'),(153,1,'forscher','0000-00-00 00:00:00'),(154,2,'prfen','0000-00-00 00:00:00'),(155,2,'auswiegen','0000-00-00 00:00:00'),(156,2,'auftischen','0000-00-00 00:00:00'),(157,2,'feststellen','0000-00-00 00:00:00'),(158,1,'hhnchen','0000-00-00 00:00:00'),(159,3,'unzufrieden','0000-00-00 00:00:00'),(160,2,'flieen','0000-00-00 00:00:00'),(161,3,'dick','0000-00-00 00:00:00'),(162,2,'eilen','0000-00-00 00:00:00'),(163,1,'kind','0000-00-00 00:00:00'),(164,1,'hai','0000-00-00 00:00:00'),(165,3,'sicher','0000-00-00 00:00:00'),(166,1,'berraschung','0000-00-00 00:00:00'),(167,2,'verstecken','0000-00-00 00:00:00'),(168,1,'maulwurf','0000-00-00 00:00:00'),(169,1,'ente','0000-00-00 00:00:00'),(170,1,'vogel','0000-00-00 00:00:00'),(171,2,'werden','0000-00-00 00:00:00'),(172,3,'bissig','0000-00-00 00:00:00'),(173,2,'putzen','0000-00-00 00:00:00'),(174,2,'berholen','0000-00-00 00:00:00'),(175,2,'berqueren','0000-00-00 00:00:00'),(176,2,'umkehren','0000-00-00 00:00:00'),(177,2,'richten','0000-00-00 00:00:00'),(178,2,'mgen','0000-00-00 00:00:00'),(179,2,'drfen','0000-00-00 00:00:00'),(180,1,'decke','0000-00-00 00:00:00'),(181,1,'fluss','0000-00-00 00:00:00'),(182,1,'saft','0000-00-00 00:00:00'),(183,1,'ahnung','0000-00-00 00:00:00'),(184,1,'schild','0000-00-00 00:00:00'),(185,1,'tankstelle','0000-00-00 00:00:00'),(186,1,'vater','0000-00-00 00:00:00'),(187,1,'bild','0000-00-00 00:00:00'),(188,1,'base','0000-00-00 00:00:00'),(189,1,'mutter','0000-00-00 00:00:00'),(190,1,'stadt','0000-00-00 00:00:00'),(191,1,'sohn','0000-00-00 00:00:00'),(192,1,'tochter','0000-00-00 00:00:00'),(193,1,'landwirt','0000-00-00 00:00:00'),(194,1,'aufsatz','0000-00-00 00:00:00'),(195,1,'biologie','0000-00-00 00:00:00'),(196,1,'sozialkunde','0000-00-00 00:00:00'),(197,1,'antwort','0000-00-00 00:00:00'),(198,1,'aufgabe','0000-00-00 00:00:00'),(199,1,'bleistift','0000-00-00 00:00:00'),(200,1,'etui','0000-00-00 00:00:00'),(201,1,'kuli','0000-00-00 00:00:00'),(202,1,'schler','0000-00-00 00:00:00'),(203,1,'morgen','0000-00-00 00:00:00'),(204,1,'unterricht','0000-00-00 00:00:00'),(205,1,'tafel','0000-00-00 00:00:00'),(206,1,'schwamm','0000-00-00 00:00:00'),(207,1,'seite','0000-00-00 00:00:00'),(208,1,'geschichte','0000-00-00 00:00:00'),(209,1,'erdkunde','0000-00-00 00:00:00'),(210,1,'nummer','0000-00-00 00:00:00'),(211,1,'verbindung','0000-00-00 00:00:00'),(212,1,'einladung','0000-00-00 00:00:00'),(213,1,'nuss','0000-00-00 00:00:00'),(214,1,'fell','0000-00-00 00:00:00'),(215,1,'wrfel','0000-00-00 00:00:00'),(216,1,'kotflgel','0000-00-00 00:00:00'),(217,1,'bagger','0000-00-00 00:00:00'),(218,1,'kipplaster','0000-00-00 00:00:00'),(219,2,'befestigen','0000-00-00 00:00:00'),(220,1,'hufigkeit','0000-00-00 00:00:00'),(221,2,'verringern','0000-00-00 00:00:00'),(222,2,'steigern','0000-00-00 00:00:00'),(223,1,'stostange','0000-00-00 00:00:00'),(224,1,'schaufellader','0000-00-00 00:00:00'),(226,1,'auspuff','0000-00-00 00:00:00'),(227,1,'reifen','0000-00-00 00:00:00'),(228,1,'rauch','0000-00-00 00:00:00'),(229,1,'schornstein','0000-00-00 00:00:00'),(230,1,'bullauge','0000-00-00 00:00:00'),(231,1,'stern','0000-00-00 00:00:00'),(232,1,'dreieck','0000-00-00 00:00:00'),(233,1,'quadrat','0000-00-00 00:00:00'),(234,1,'kreis','0000-00-00 00:00:00'),(235,1,'hubschrauber','0000-00-00 00:00:00'),(236,1,'mauer','0000-00-00 00:00:00'),(237,1,'grenze','0000-00-00 00:00:00'),(239,1,'anzug','0000-00-00 00:00:00'),(240,1,'grtel','0000-00-00 00:00:00'),(241,1,'grsse','0000-00-00 00:00:00'),(242,1,'hemd','0000-00-00 00:00:00'),(243,1,'hose','0000-00-00 00:00:00'),(244,1,'hut','0000-00-00 00:00:00'),(245,1,'jacke','0000-00-00 00:00:00'),(246,1,'mantel','0000-00-00 00:00:00'),(247,1,'bundweite','0000-00-00 00:00:00'),(248,1,'oberweite','0000-00-00 00:00:00'),(249,1,'krperhhe','0000-00-00 00:00:00'),(250,1,'meter','0000-00-00 00:00:00'),(251,1,'fuss','0000-00-00 00:00:00'),(252,1,'krawatte','0000-00-00 00:00:00'),(253,1,'laster','0000-00-00 00:00:00'),(254,1,'schlitten','0000-00-00 00:00:00'),(255,2,'ernhren','0000-00-00 00:00:00'),(256,2,'sollen','0000-00-00 00:00:00'),(257,3,'wichtig','0000-00-00 00:00:00'),(258,4,'deswegen','0000-00-00 00:00:00'),(259,2,'anbieten','0000-00-00 00:00:00'),(260,1,'gericht','0000-00-00 00:00:00'),(261,2,'anrufen','0000-00-00 00:00:00'),(262,1,'urlaub','0000-00-00 00:00:00'),(263,1,'ruhe','0000-00-00 00:00:00'),(264,3,'herrlich','0000-00-00 00:00:00'),(265,3,'ruhig','0000-00-00 00:00:00'),(266,1,'konzert','0000-00-00 00:00:00'),(267,1,'boot','0000-00-00 00:00:00'),(268,1,'nachmittag','0000-00-00 00:00:00'),(269,1,'erholung','0000-00-00 00:00:00'),(270,4,'sogar','0000-00-00 00:00:00'),(271,2,'beneiden','0000-00-00 00:00:00'),(272,1,'entscheidung','0000-00-00 00:00:00'),(274,1,'klotz','0000-00-00 00:00:00'),(275,1,'kugel','0000-00-00 00:00:00'),(276,1,'matrose','0000-00-00 00:00:00'),(277,1,'stadtplan','0000-00-00 00:00:00'),(278,1,'frage','0000-00-00 00:00:00'),(279,1,'see','0000-00-00 00:00:00'),(280,2,'sehen','0000-00-00 00:00:00'),(281,2,'wollen','0000-00-00 00:00:00'),(282,2,'mssen','0000-00-00 00:00:00'),(283,2,'knnen','0000-00-00 00:00:00'),(284,2,'halten','0000-00-00 00:00:00'),(285,1,'boden','0000-00-00 00:00:00'),(286,1,'klavier','0000-00-00 00:00:00'),(287,3,'bestimmt','0000-00-00 00:00:00'),(288,3,'hufig','0000-00-00 00:00:00'),(289,1,'angst','0000-00-00 00:00:00'),(290,2,'verlangen','0000-00-00 00:00:00'),(291,2,'verwenden','0000-00-00 00:00:00'),(292,1,'verhltnis','0000-00-00 00:00:00'),(293,1,'wort','0000-00-00 00:00:00'),(294,1,'geschenk','0000-00-00 00:00:00'),(295,4,'trotzdem','0000-00-00 00:00:00'),(296,1,'wohlfhlen','0000-00-00 00:00:00'),(297,2,'losgehen','0000-00-00 00:00:00'),(298,2,'zustimmen','0000-00-00 00:00:00'),(299,2,'erwhnen','0000-00-00 00:00:00'),(300,1,'ereignis','0000-00-00 00:00:00'),(301,1,'raum','0000-00-00 00:00:00'),(302,1,'bller','0000-00-00 00:00:00'),(303,2,'schaukeln','0000-00-00 00:00:00'),(304,3,'ehrlich','0000-00-00 00:00:00'),(305,1,'rhein','0000-00-00 00:00:00'),(306,1,'affe','0000-00-00 00:00:00'),(307,1,'laden','0000-00-00 00:00:00'),(308,1,'wal','0000-00-00 00:00:00'),(309,1,'krhe','0000-00-00 00:00:00'),(310,1,'maus','0000-00-00 00:00:00'),(311,1,'schildkrte','0000-00-00 00:00:00'),(312,1,'schlange','0000-00-00 00:00:00'),(313,1,'adler','0000-00-00 00:00:00'),(314,1,'gabel','0000-00-00 00:00:00'),(315,1,'messer','0000-00-00 00:00:00'),(316,1,'zahnbrste','0000-00-00 00:00:00'),(317,1,'zahn','0000-00-00 00:00:00'),(318,4,'tatschlich','0000-00-00 00:00:00'),(319,2,'verbringen','0000-00-00 00:00:00'),(320,1,'korb','0000-00-00 00:00:00'),(321,1,'ende','0000-00-00 00:00:00'),(322,4,'kaum','0000-00-00 00:00:00'),(323,2,'vermuten','0000-00-00 00:00:00'),(324,3,'verdchtig','0000-00-00 00:00:00'),(325,4,'angeblich','0000-00-00 00:00:00'),(326,1,'redaktion','0000-00-00 00:00:00'),(327,3,'mehrere','0000-00-00 00:00:00'),(328,2,'festnehmen','0000-00-00 00:00:00'),(329,1,'angriff','0000-00-00 00:00:00'),(330,1,'anschlag','0000-00-00 00:00:00'),(331,2,'beobachten','0000-00-00 00:00:00'),(332,2,'tten','0000-00-00 00:00:00'),(333,2,'fordern','0000-00-00 00:00:00'),(334,3,'mutmasslich','0000-00-00 00:00:00'),(335,2,'versumen','0000-00-00 00:00:00'),(336,1,'gedchtnis','0000-00-00 00:00:00'),(337,1,'ortung','0000-00-00 00:00:00'),(338,1,'heck','0000-00-00 00:00:00'),(339,2,'abstrzen','0000-00-00 00:00:00'),(340,2,'borgen','0000-00-00 00:00:00'),(341,1,'wahl','0000-00-00 00:00:00'),(342,1,'tier','0000-00-00 00:00:00'),(343,1,'sugetier','0000-00-00 00:00:00'),(344,2,'zchten','2015-01-09 06:39:25'),(345,2,'fressen','2015-01-09 06:42:02'),(346,2,'stren','2015-01-09 06:46:08'),(347,2,'bellen','2015-01-09 06:48:26'),(348,1,'hamster','2015-01-09 06:50:20'),(349,1,'futter','2015-01-09 06:51:45'),(350,2,'heien','2015-01-09 06:54:23'),(351,2,'anfassen','2015-01-09 07:19:07'),(352,2,'streicheln','2015-01-09 07:20:13'),(353,2,'kratzen','2015-01-09 07:23:58'),(354,1,'hase','2015-01-09 07:34:50'),(355,2,'holen','2015-01-09 07:45:43'),(356,1,'hals','2015-01-09 07:48:48'),(357,1,'hirsch','2015-01-09 07:49:08'),(358,1,'pavian','2015-01-09 07:49:39'),(359,2,'erklren','2015-01-09 07:54:54'),(360,1,'hauptstadt','2015-01-12 18:29:00'),(361,1,'brett','2015-01-12 18:30:07'),(362,1,'knochen','2015-01-12 18:31:25'),(363,2,'wrfeln','2015-01-12 18:35:57'),(364,1,'opfer','2015-01-12 21:27:12'),(365,1,'gebude','2015-01-12 21:28:46'),(366,2,'anznden','2015-01-12 21:30:32'),(367,1,'brandsatz','2015-01-12 21:34:46'),(368,2,'brennen','2015-01-12 21:35:24'),(369,2,'lagern','2015-01-12 21:37:17'),(370,1,'tter','2015-01-13 08:03:00'),(371,2,'lschen','2015-01-13 08:06:00'),(372,1,'spur','2015-01-13 08:09:37'),(373,1,'schmetterling','2015-01-13 08:11:11'),(374,2,'antworten','2015-01-13 17:40:23'),(375,2,'danken','2015-01-13 17:41:21'),(376,2,'fehlen','2015-01-13 17:42:56'),(377,2,'folgen','2015-01-13 17:43:42'),(378,2,'gefallen','2015-01-13 17:45:11'),(379,2,'gehren','2015-01-13 17:45:49'),(380,2,'glauben','2015-01-13 17:46:47'),(381,2,'helfen','2015-01-13 17:47:50'),(382,2,'passieren','2015-01-13 17:49:00'),(383,2,'verzeihen','2015-01-13 17:50:05'),(385,2,'schmecken','2015-01-13 18:22:25'),(386,1,'anrede','2015-01-15 07:20:20'),(387,1,'brief','2015-01-15 07:21:59'),(388,1,'datum','2015-01-15 07:22:14'),(389,1,'erwachsene','2015-01-15 07:22:40'),(390,1,'gruss','2015-01-15 07:22:59'),(391,1,'monat','2015-01-15 07:23:15'),(392,1,'ort','2015-01-15 07:25:40'),(393,1,'post','2015-01-15 07:25:53'),(394,1,'unterschrift','2015-01-15 07:26:16'),(395,1,'essen','2015-01-15 07:26:28'),(396,1,'kuchen','2015-01-15 07:26:46'),(397,1,'snger','2015-01-15 07:27:18'),(398,1,'absender','2015-01-15 07:27:43'),(399,1,'briefmarke','2015-01-15 07:28:03'),(400,4,'zuletzt','2015-01-15 07:28:40'),(401,2,'abfahren','2015-01-15 07:31:04'),(402,2,'ankommen','2015-01-15 07:31:54'),(403,2,'aufrumen','2015-01-15 07:33:00'),(404,2,'ausgeben','2015-01-15 07:34:39'),(405,2,'abnehmen','2015-01-15 07:37:14'),(406,2,'beibringen','2015-01-15 07:38:17'),(407,2,'mitgehen','2015-01-15 07:39:22'),(408,2,'nachdenken','2015-01-15 07:41:08'),(409,2,'vorbereiten','2015-01-15 07:41:47'),(410,2,'umbringen','2015-01-15 07:43:18'),(411,2,'weglaufen','2015-01-15 07:45:20'),(412,2,'zurckgehen','2015-01-15 07:47:52'),(413,2,'zumachen','2015-01-15 07:48:43'),(414,2,'absplen','2015-01-15 07:50:03'),(415,2,'aufmachen','2015-01-15 07:51:58'),(416,2,'aussehen','2015-01-15 07:52:41'),(417,2,'beistehen','2015-01-15 07:53:35'),(418,2,'fortbleiben','2015-01-15 07:54:19'),(420,2,'mitnehmen','2015-01-15 07:55:52'),(421,2,'nachfolgen','2015-01-15 07:56:20'),(422,2,'vorlesen','2015-01-15 07:57:54'),(423,2,'umkommen','2015-01-15 07:59:04'),(424,2,'weggehen','2015-01-15 08:00:59'),(425,2,'zurckbleiben','2015-01-15 08:01:44'),(426,2,'zunehmen','2015-01-15 08:03:12'),(427,2,'abreien','2015-01-15 08:04:25'),(428,2,'anfangen','2015-01-15 08:05:18'),(430,2,'verletzen','2015-01-15 20:42:12'),(431,1,'entscheid','2015-01-15 20:45:01'),(432,1,'kehrtwende','2015-01-15 20:46:16'),(433,2,'stehlen','2015-01-20 07:23:42'),(434,3,'scheusslich','2015-01-20 13:04:38'),(435,2,'empfehlen','2015-01-21 06:45:01'),(436,1,'paar','2015-01-21 07:07:16'),(437,2,'stattfinden','2015-01-21 07:21:23'),(438,3,'offenbar','2015-01-24 01:15:49'),(439,2,'zerrissen','2015-01-24 01:17:09'),(440,2,'auskommen','2015-01-24 01:21:51'),(441,1,'keim','2015-01-24 01:22:40'),(442,1,'gleis','2015-01-24 01:24:01'),(443,1,'zug','2015-01-24 01:26:17'),(444,2,'bekommen','2015-01-24 01:27:03'),(445,1,'rangierbahnhof','2015-01-24 01:30:57'),(446,2,'rechnen','2015-01-24 01:38:50'),(447,2,'mitrechnen','2015-01-24 01:39:58'),(448,3,'berlebensfhig','2015-01-24 01:40:55'),(449,3,'angespannt','2015-01-24 01:47:28'),(450,1,'lage','2015-01-24 01:48:01'),(451,2,'verteidigen','2015-01-24 01:49:57'),(452,1,'trauschein','2015-01-29 07:34:12'),(453,3,'wortgetreu','2015-01-29 07:35:35'),(454,1,'verzeichnis','2015-01-29 07:36:22'),(455,1,'bezirk','2015-01-29 07:37:08'),(456,1,'gemeinde','2015-01-29 07:37:56'),(457,2,'besttigen','2015-01-29 07:39:32'),(458,1,'bereinstimmung','2015-01-29 07:40:47'),(459,1,'siegel','2015-01-29 07:44:11'),(460,1,'beifgung','2015-01-29 07:45:26'),(461,1,'auszug','2015-01-29 07:47:28'),(462,1,'kreide','2015-01-29 19:09:58'),(463,3,'bunte','2015-01-29 19:11:44'),(464,1,'schrze','2015-01-29 19:12:58'),(465,2,'auflsen','2015-01-29 19:17:06'),(466,2,'verblffen','2015-01-29 19:21:15'),(467,1,'stiefel','2015-01-29 19:28:27'),(468,2,'anfeuern','2015-02-02 15:46:08'),(469,1,'leistung','2015-02-02 15:50:40'),(470,1,'schritt','2015-02-02 15:51:10'),(471,1,'platz','2015-02-02 15:51:38'),(472,1,'kampf','2015-02-02 15:52:13'),(473,1,'ziel','2015-02-02 15:52:32'),(474,2,'erreichen','2015-02-02 15:53:10'),(475,2,'hinunterlaufen','2015-02-02 16:00:11'),(476,2,'siegen','2015-02-02 16:00:57'),(477,2,'umringen','2015-02-02 16:01:14'),(478,2,'schlagen','2015-02-02 16:02:35'),(479,3,'morgens','2015-02-02 16:02:58'),(480,1,'butter','2015-02-02 16:03:45'),(481,1,'fischkutter','2015-02-02 16:04:16'),(482,1,'hafen','2015-02-02 16:04:34'),(483,1,'klima','2015-02-02 16:04:47'),(484,1,'krabbe','2015-02-02 16:05:05'),(485,1,'kuh','2015-02-02 16:05:23'),(486,1,'makrele','2015-02-02 16:06:18'),(487,1,'mast','2015-02-02 16:06:35'),(488,1,'meer','2015-02-02 16:06:58'),(489,1,'milch','2015-02-02 16:07:08'),(490,1,'muschel','2015-02-02 16:07:27'),(491,1,'netz','2015-02-02 16:07:47'),(492,1,'scholle','2015-02-02 16:08:02'),(493,1,'viehwirtschaft','2015-02-02 16:08:20'),(494,1,'weide','2015-02-02 16:08:29'),(495,1,'wiese','2015-02-02 16:08:51'),(496,1,'wind','2015-02-02 16:09:03'),(497,1,'gasthof','2015-02-02 16:09:55'),(498,1,'geschftszentrum','2015-02-02 16:10:36'),(499,1,'grund','2015-02-02 16:10:49'),(500,3,'grosszgig','2015-02-02 16:11:04'),(501,1,'kche','2015-02-02 16:11:30'),(502,1,'kunde','2015-02-02 16:11:44'),(503,1,'vertreter','2015-02-02 16:12:26'),(504,1,'zimmer','2015-02-02 16:12:37'),(505,2,'vergleichen','2015-02-03 15:53:27'),(506,2,'liefern','2015-02-03 15:54:12'),(507,2,'wehen','2015-02-03 15:55:15'),(508,4,'stndig','2015-02-03 15:55:36'),(509,4,'besonders','2015-02-03 15:55:50'),(510,3,'schwarzbunt','2015-02-03 15:56:14'),(511,3,'ziemlich','2015-02-03 15:56:29'),(512,3,'einige','2015-02-03 15:56:49'),(513,3,'sauber','2015-02-03 15:57:05'),(514,1,'bier','2015-02-03 15:57:33'),(515,1,'dicke','2015-02-03 15:57:50'),(516,1,'handtuch','2015-02-03 15:58:25'),(517,1,'leute','2015-02-03 15:59:07'),(518,1,'kaffee','2015-02-03 15:59:20'),(519,1,'lokal','2015-02-03 15:59:41'),(520,1,'schlssel','2015-02-03 16:00:07'),(521,1,'tablett','2015-02-03 16:00:23'),(522,1,'tee','2015-02-03 16:00:30'),(523,1,'tisch','2015-02-03 16:00:44'),(524,1,'trinkgeld','2015-02-03 16:00:59'),(525,1,'wsche','2015-02-03 16:01:16'),(526,2,'bestellen','2015-02-03 16:02:04'),(527,2,'mangeln','2015-02-03 16:02:54'),(528,2,'schulden','2015-02-03 16:03:36'),(529,2,'bernachten','2015-02-03 16:04:57'),(530,3,'gehssig','2015-02-03 16:05:35'),(531,4,'gestern','2015-02-03 16:06:57'),(532,4,'gleich','2015-02-03 16:07:11'),(533,1,'geschirr','2015-02-03 16:07:53'),(534,1,'serviette','2015-02-03 16:08:17'),(535,1,'splmaschine','2015-02-03 16:08:38'),(536,2,'ausrumen','2015-02-03 16:09:31'),(537,2,'einfllen','2015-02-03 16:10:41'),(538,2,'abfllen','2015-02-03 21:01:40'),(539,1,'bub','2015-02-04 15:32:34'),(540,1,'hecke','2015-02-04 15:32:54'),(541,1,'heckenschere','2015-02-04 15:33:31'),(542,1,'ingenieur','2015-02-04 15:34:33'),(543,1,'mher','2015-02-04 15:34:52'),(544,1,'molch','2015-02-04 15:35:11'),(545,1,'nest','2015-02-04 15:35:27'),(546,1,'pflanze','2015-02-04 15:35:48'),(547,1,'plastiksack','2015-02-04 15:36:16'),(548,1,'rasen','2015-02-04 15:36:26'),(549,1,'reise','2015-02-04 15:36:53'),(550,1,'rose','2015-02-04 15:37:05'),(551,1,'strauch','2015-02-04 15:37:28'),(552,1,'unkraut','2015-02-04 15:38:35'),(553,2,'jten','2015-02-04 15:39:03'),(554,2,'legen','2015-02-04 15:40:12'),(555,2,'verrichten','2015-02-04 15:41:01'),(556,2,'festbinden','2015-02-04 15:43:20'),(557,2,'giessen','2015-02-04 15:43:59'),(558,2,'schneiden','2015-02-04 15:44:14'),(559,4,'deshalb','2015-02-04 15:44:40'),(560,3,'leer','2015-02-04 15:44:55'),(561,1,'baum','2015-02-04 15:45:26'),(562,1,'biene','2015-02-04 15:45:53'),(563,1,'fliege','2015-02-04 15:46:06'),(564,1,'honig','2015-02-04 15:46:17'),(565,1,'maikfer','2015-02-04 15:46:45'),(566,1,'marienkfer','2015-02-04 15:47:13'),(567,1,'mcke','2015-02-04 15:47:50'),(568,1,'regenwurm','2015-02-04 15:48:48'),(569,1,'schnecke','2015-02-04 15:49:14'),(570,1,'wespe','2015-02-04 15:49:24'),(571,2,'fliegen','2015-02-04 15:49:41'),(572,2,'kreichen','2015-02-04 15:49:51'),(573,2,'summen','2015-02-04 15:50:07'),(574,2,'kehren','2015-02-04 15:50:30'),(575,2,'rechen','2015-02-04 15:50:40'),(576,1,'besen','2015-02-04 15:50:55'),(577,1,'eingang','2015-02-04 15:51:17'),(578,1,'gert','2015-02-04 15:51:35'),(579,1,'leiter','2015-02-04 15:52:07'),(580,1,'nelke','2015-02-04 15:52:36'),(581,1,'rechen','2015-02-04 15:52:57'),(582,2,'wachsen','2015-02-04 15:53:40'),(583,1,'schlauch','2015-02-04 15:54:41'),(584,1,'bewegung','2015-02-04 15:56:57'),(585,2,'verdrngen','2015-02-04 15:59:40'),(586,1,'impfung','2015-02-04 16:02:51'),(587,1,'armband','2015-02-07 19:04:24'),(588,1,'bluse','2015-02-07 19:04:37'),(589,1,'geburtstag','2015-02-07 19:05:00'),(590,1,'kassenzettel','2015-02-07 19:05:39'),(591,1,'kleid','2015-02-07 19:06:02'),(592,1,'pulli','2015-02-07 19:06:37'),(593,1,'schlafanzug','2015-02-07 19:07:35'),(594,1,'tasche','2015-02-07 19:07:50'),(596,2,'auspacken','2015-02-07 19:08:39'),(597,2,'umtauschen','2015-02-07 19:09:31'),(598,2,'ansehen','2015-02-07 19:10:22'),(599,2,'aufheben','2015-02-07 19:11:12'),(600,2,'einlaufen','2015-02-07 19:11:42'),(601,2,'raten','2015-02-07 19:11:56'),(602,3,'eng','2015-02-07 19:12:09'),(603,3,'neugierig','2015-02-07 19:12:20'),(604,2,'anziehen','2015-02-07 19:13:07'),(605,1,'strumpf','2015-02-07 19:13:48'),(606,1,'becher','2015-02-07 19:19:45'),(607,1,'birne','2015-02-07 19:20:25'),(608,1,'bund','2015-02-07 19:20:45'),(609,1,'ei','2015-02-07 19:21:05'),(610,1,'gurke','2015-02-07 19:21:25'),(611,1,'kse','2015-02-07 19:21:36'),(612,1,'kirsche','2015-02-07 19:21:52'),(613,1,'lebensmittel','2015-02-07 19:22:24'),(614,1,'mehl','2015-02-07 19:22:37'),(615,1,'milcherzeugnis','2015-02-07 19:23:24'),(616,1,'obst','2015-02-07 19:24:00'),(617,1,'pfirsich','2015-02-07 19:24:52'),(618,1,'pflaume','2015-02-07 19:25:10'),(619,1,'salat','2015-02-07 19:25:32'),(620,1,'salz','2015-02-07 19:25:41'),(621,1,'tomate','2015-02-07 19:26:20'),(622,1,'traube','2015-02-07 19:26:33'),(623,1,'zucker','2015-02-07 19:26:41'),(624,1,'joghurt','2015-02-07 19:27:12'),(625,1,'rindfleisch','2015-02-07 19:27:27'),(626,1,'inhaber','2015-02-07 19:27:56'),(627,1,'gewicht','2015-02-07 19:28:14'),(628,1,'fleisch','2015-02-07 19:28:38'),(629,1,'fleischer','2015-02-07 19:28:52'),(630,1,'fleischerei','2015-02-07 19:29:27'),(631,2,'wiegen','2015-02-07 19:30:03'),(632,2,'abschneiden','2015-02-07 19:30:31'),(633,1,'obdach','2015-02-13 20:28:15'),(634,3,'obdachlos','2015-02-13 20:28:25'),(635,1,'regierung','2015-02-13 20:29:45'),(636,2,'besprechen','2015-02-13 20:31:11'),(637,1,'erzeugnis','2015-02-13 20:33:23'),(638,2,'belassen','2015-02-13 20:34:12'),(639,3,'vermeintlich','2015-02-13 20:37:42'),(640,2,'ergattern','2015-02-13 20:39:21'),(641,3,'ntzlich','2015-02-13 20:39:52'),(642,2,'gratulieren','2015-02-19 07:00:45'),(643,2,'passen','2015-02-19 07:03:23'),(644,1,'boutique','2015-02-19 07:13:46'),(645,1,'halstuch','2015-02-19 07:14:12'),(646,1,'hosenanzug','2015-02-19 07:14:50'),(647,1,'kleidung','2015-02-19 07:15:09'),(648,1,'kostm','2015-02-19 07:15:36'),(649,1,'mtze','2015-02-19 07:15:56'),(650,1,'preis','2015-02-19 07:16:12'),(651,1,'rock','2015-02-19 07:16:26'),(652,1,'grusel','2015-02-19 07:31:15'),(653,2,'geschehen','2015-02-26 07:20:25'),(654,1,'hitze','2015-02-26 07:20:52'),(655,1,'schnee','2015-02-26 07:20:59'),(656,1,'gewitter','2015-02-26 07:21:21'),(657,1,'frhling','2015-02-26 07:23:07'),(658,1,'sommer','2015-02-26 07:23:14'),(659,1,'herbst','2015-02-26 07:23:26'),(660,1,'winter','2015-02-26 07:23:34'),(661,2,'verursachen','2015-02-26 07:24:03'),(662,3,'unbestndig','2015-02-26 07:24:56'),(663,2,'beeinflussen','2015-02-26 07:25:41'),(664,1,'vorhersage','2015-02-26 07:26:21'),(665,3,'mssig','2015-02-26 07:26:44'),(666,4,'hauptschlich','2015-02-26 07:28:23'),(667,4,'zeitweilig','2015-02-26 07:29:35'),(668,2,'begreifen','2015-02-26 21:13:49'),(669,3,'zaghaft','2015-02-26 21:15:08'),(670,3,'erblich','2015-02-26 21:16:26'),(671,1,'rtsel','2015-02-26 21:17:50'),(672,2,'verlieren','2015-02-26 21:20:06'),(673,1,'wut','2015-02-26 21:20:52'),(674,1,'mut','2015-02-26 21:21:20'),(675,1,'gras','2015-03-22 18:00:57'),(676,1,'schatten','2015-03-22 18:01:16'),(677,1,'strand','2015-03-22 18:01:54'),(678,1,'schlacht','2015-03-22 18:04:00'),(679,2,'wehren','2015-03-22 18:05:24'),(680,2,'abholen','2015-03-22 18:05:59'),(681,2,'abtrocknen','2015-03-22 18:06:46'),(682,2,'anspritzen','2015-03-22 18:07:16'),(683,2,'packen','2015-03-22 18:07:27'),(684,3,'gemein','2015-03-22 18:07:43'),(685,1,'bauch','2015-03-22 18:08:13'),(686,1,'stein','2015-03-22 18:08:28'),(687,2,'verschwinden','2015-03-22 18:14:48'),(688,2,'umziehen','2015-03-22 18:15:51'),(689,2,'tauchen','2015-03-22 18:16:18'),(690,1,'rcken','2015-03-22 18:16:52'),(691,2,'ausziehen','2015-03-22 18:18:12'),(692,1,'arm','2015-03-22 18:18:41'),(693,1,'bein','2015-03-22 18:18:55'),(694,1,'kinn','2015-03-22 18:19:28'),(695,1,'lippe','2015-03-22 18:19:40'),(696,1,'nase','2015-03-22 18:19:51'),(697,1,'stirn','2015-03-22 18:20:04'),(698,1,'besteck','2015-03-22 18:20:51'),(699,1,'kellnerin','2015-03-22 18:22:08'),(700,1,'panne','2015-03-22 18:22:42'),(701,2,'umrhren','2015-03-22 18:24:09'),(702,1,'braten','2015-03-22 18:24:41'),(703,1,'hauptgericht','2015-03-22 18:25:18'),(704,1,'mahlzeit','2015-03-22 18:25:40'),(705,1,'sorge','2015-03-22 18:26:51'),(706,1,'nachspeise','2015-03-22 18:27:11'),(707,1,'mnze','2015-03-22 18:27:33'),(708,1,'keller','2015-03-22 18:38:46'),(709,1,'kram','2015-03-22 18:38:52'),(710,1,'stock','2015-03-22 18:41:32'),(711,1,'toilette','2015-03-22 18:42:11'),(712,1,'treppe','2015-03-22 18:42:29'),(713,2,'erben','2015-03-22 18:42:59'),(714,1,'dachboden','2015-03-22 18:46:40'),(715,3,'grinsend','2015-03-22 19:04:22'),(716,3,'fleiig','2015-03-22 19:05:39'),(717,2,'seufzen','2015-03-22 19:06:25'),(718,1,'abschluprfung','2015-03-22 19:10:03'),(719,2,'bffeln','2015-03-22 19:12:59'),(720,1,'erlebnis','2015-03-22 19:14:28'),(721,2,'whlen','2015-03-22 19:23:28'),(722,1,'jammer','2015-03-22 21:21:34'),(723,2,'aufregen','2015-03-22 21:23:16'),(724,1,'schmaus','2015-03-22 21:24:09'),(725,3,'tolpatschig','2015-03-24 06:27:39'),(726,1,'schachteln','2015-03-24 06:28:41'),(727,4,'beinahe','2015-03-24 06:31:47'),(728,1,'ohnmacht','2015-03-24 06:32:35'),(729,2,'sthnen','2015-03-24 06:33:59'),(730,2,'entdecken','2015-03-24 06:35:14'),(731,1,'hhle','2015-03-24 06:35:44'),(732,2,'hineinschauen','2015-03-24 06:36:52'),(733,2,'beschlossen','2015-03-24 06:37:37'),(734,1,'kstchen','2015-03-24 06:39:37'),(735,2,'ermuntern','2015-03-24 06:40:36'),(736,2,'erfunden','2015-03-24 06:43:14'),(737,4,'furchtbar','2015-03-24 06:46:21'),(738,2,'steuern','2015-03-24 06:48:21'),(739,2,'zerschellen','2015-03-24 06:48:55'),(740,4,'sonst','2015-03-24 06:51:59'),(741,4,'unbedingt','2015-03-24 06:52:45'),(742,2,'gelingen','2015-03-24 06:54:55'),(743,1,'docht','2015-03-24 06:55:38'),(744,1,'aufregung','2015-03-24 06:57:46'),(745,1,'zweig','2015-03-24 08:24:33'),(746,3,'drall','2015-03-24 08:26:01'),(747,2,'beugen','2015-03-24 08:26:32'),(748,1,'raureif','2015-03-24 08:27:36'),(750,2,'schallen','2015-03-24 08:29:09'),(751,3,'prall','2015-03-24 08:30:19'),(752,2,'verwahren','2015-03-24 08:31:54'),(753,3,'unterbrochen','2015-03-24 08:33:54'),(754,2,'ersonnen','2015-03-24 08:34:48'),(755,1,'sieg','2015-03-24 08:36:49'),(756,2,'whlen','2015-03-24 08:37:36'),(757,1,'kasten','2015-03-24 08:39:40'),(758,1,'strau','2015-03-24 08:41:21'),(759,1,'kasse','2015-03-24 08:42:17'),(760,2,'schmen','2015-03-24 08:43:45'),(761,2,'bcken','2015-03-24 08:44:37'),(763,2,'zwinkern','2015-03-24 08:47:35'),(764,3,'grausam','2015-03-24 08:50:57'),(765,1,'hinrichtung','2015-03-24 08:52:35'),(766,1,'mll','2015-03-24 08:55:29'),(767,2,'chten','2015-03-24 08:57:17'),(768,4,'irgendwann','2015-03-24 08:58:00'),(769,1,'flchtling','2015-03-24 09:00:42'),(770,3,'blutrnstig','2015-03-24 18:42:23'),(771,1,'beweis','2015-03-24 18:47:23'),(772,3,'ausfhrlich','2015-03-24 20:04:02'),(773,2,'abdecken','2015-03-25 22:52:47'),(774,2,'erstellen','2015-03-25 22:53:25'),(775,1,'sicherheit','2015-03-26 19:56:30'),(776,1,'vorkehrung','2015-03-26 19:58:17'),(777,1,'anwaltschaft','2015-03-26 20:00:42'),(778,2,'aussperren','2015-03-26 20:01:35'),(779,3,'vorstzlich','2015-03-26 20:03:13'),(780,1,'muster','2015-03-26 22:00:06'),(781,2,'herstellen','2015-03-26 22:06:49'),(782,1,'zweifel','2015-03-27 17:35:41'),(783,2,'erfahren','2015-03-27 17:36:58'),(784,1,'unglck','2015-03-27 17:39:56'),(785,1,'botschaft','2015-04-03 16:54:04'),(786,1,'vergebung','2015-04-03 16:55:17'),(787,1,'verzweiflung','2015-04-03 16:56:06'),(788,2,'lohnen','2015-04-03 16:57:42'),(789,3,'ffentlich','2015-04-03 16:59:46'),(790,2,'trauen','2015-04-03 17:05:44'),(791,2,'wnschen','2015-04-10 06:34:40'),(792,1,'fernrohr','2015-04-27 06:40:51'),(793,1,'bchse','2015-04-27 06:41:54'),(794,1,'blech','2015-04-27 06:43:00'),(795,1,'dampf','2015-04-27 06:43:20'),(796,1,'gemse','2015-04-27 06:43:35'),(798,1,'gletscher','2015-04-27 06:50:33'),(799,1,'sammlung','2015-04-27 06:51:03'),(800,1,'trockenobst','2015-04-27 06:51:26'),(801,1,'schiene','2015-04-27 06:52:33'),(802,1,'schalter','2015-04-27 06:53:35'),(803,1,'streich','2015-04-27 14:34:34'),(804,1,'scherz','2015-04-27 14:39:39'),(805,2,'flunkern','2015-04-27 14:40:53'),(806,2,'treiben','2015-04-27 14:42:15'),(807,2,'verscheuchen','2015-04-27 14:43:59'),(808,1,'unheil','2015-04-27 14:46:27'),(809,2,'anrichten','2015-04-27 14:47:53'),(810,1,'gef','2015-04-27 14:51:38'),(811,1,'kunststoff','2015-04-27 14:52:59'),(812,2,'verzieren','2015-04-27 14:56:46'),(813,1,'zutaten','2015-04-27 14:59:12'),(814,2,'verrhren','2015-04-27 15:04:22'),(815,2,'beziehen','2015-04-28 06:02:14'),(816,4,'eigentlich','2015-04-28 06:03:33'),(817,1,'zunge','2015-04-28 06:10:31'),(818,2,'drcken','2015-04-28 06:12:43'),(819,1,'speichel','2015-04-28 06:16:24'),(820,1,'knchel','2015-04-28 06:26:48'),(821,1,'sprssling','2015-04-28 06:30:14'),(822,1,'grausamkeit','2015-04-28 06:33:15'),(823,2,'tauschen','2015-04-28 06:35:02'),(824,1,'handel','2015-04-28 14:35:06'),(825,2,'schtzen','2015-04-28 14:40:16'),(826,1,'gewalt','2015-04-28 14:41:02'),(827,2,'betrachten','2015-04-28 14:45:13'),(828,1,'fang','2015-04-28 14:46:02'),(829,2,'zhmen','2015-04-28 14:48:05'),(830,1,'ufer','2015-04-28 14:51:02'),(831,1,'grte','2015-04-28 14:52:40'),(832,1,'flosse','2015-04-28 14:53:35'),(833,2,'erschpfen','2015-04-28 14:57:50'),(834,1,'geweih','2015-04-28 15:00:11'),(835,1,'weisheit','2015-04-30 18:40:16'),(836,1,'trotz','2015-04-30 18:41:22'),(837,1,'abgrund','2015-04-30 23:13:09'),(838,1,'bedingung','2015-05-02 15:10:58'),(839,1,'galgen','2015-05-02 15:12:19'),(840,1,'wagnis','2015-05-02 15:16:30'),(841,3,'nahe','2015-05-02 15:24:25'),(842,2,'verbergen','2015-05-02 15:28:58'),(843,2,'erzhlen','2015-05-02 15:44:19'),(844,1,'mhe','2015-05-02 15:47:15'),(845,1,'kranich','2015-05-03 05:26:35'),(846,3,'frchterlich','2015-05-03 05:27:48'),(847,1,'feder','2015-05-03 05:30:42'),(848,1,'fuchs','2015-05-03 05:31:49'),(849,3,'selben','2015-05-03 05:33:40'),(850,1,'narr','2015-05-03 05:42:20'),(851,2,'zucken','2015-05-03 05:43:00'),(852,1,'schloss','2015-05-03 05:53:33'),(853,1,'aufschub','2015-05-03 06:02:01'),(854,3,'unschuldig','2015-05-03 06:09:04'),(855,1,'not','2015-05-03 14:14:55'),(856,1,'krach','2015-05-04 00:05:20'),(857,1,'kerl','2015-05-04 03:50:35'),(858,1,'verkehr','2015-05-04 13:46:50'),(859,1,'durchhnger','2015-05-04 13:50:29'),(860,1,'gehege','2015-05-10 05:46:18'),(861,1,'kralle','2015-05-10 05:48:03'),(862,1,'raubtier','2015-05-10 05:51:01'),(863,1,'einzelgnger','2015-05-10 05:56:27'),(864,1,'rudel','2015-05-10 05:58:20'),(865,4,'tagsber','2015-05-10 06:00:08'),(866,2,'schleichen','2015-05-10 06:02:31'),(867,1,'beute','2015-05-10 06:05:25'),(868,1,'tarnung','2015-05-10 06:07:27'),(869,1,'schinken','2015-05-10 14:47:13'),(870,2,'abstammen','2015-05-10 14:50:55'),(871,1,'rasse','2015-05-10 14:54:51'),(872,1,'schwan','2015-05-10 15:06:49'),(873,3,'angriffslustig','2015-05-10 15:08:12'),(874,3,'brtende','2015-05-10 15:11:32'),(875,3,'zahlungsunfhig','2015-05-10 19:38:44'),(876,3,'pleite','2015-05-10 19:40:26'),(877,1,'gehalt','2015-05-10 19:49:12'),(878,1,'miete','2015-05-10 19:49:32'),(879,1,'ware','2015-05-10 19:51:16'),(880,2,'anregen','2015-05-11 00:41:04'),(881,1,'gebiet','2015-05-11 00:42:21'),(882,2,'riechen','2015-05-11 00:46:13'),(883,2,'enthalten','2015-05-11 00:48:59'),(884,1,'beuteltier','2015-05-11 00:55:01'),(885,2,'saugen','2015-05-11 00:57:39'),(886,2,'wirken','2015-05-11 01:22:41'),(887,2,'berlegen','2015-05-11 01:32:01'),(888,3,'faul','2015-05-23 16:24:24'),(889,2,'ersetzen','2015-05-23 16:25:42'),(890,2,'hinlegen','2015-05-23 16:31:38'),(891,1,'mrchen','2015-05-23 18:02:54'),(892,1,'fee','2015-05-23 18:03:32'),(893,2,'bestrafen','2015-05-23 18:04:34'),(894,2,'erfllen','2015-05-23 18:05:31'),(895,2,'versprechen','2015-05-24 14:28:01'),(896,2,'ghnen','2015-05-24 16:12:11'),(897,1,'samen','2015-05-25 02:16:19'),(898,1,'bestubung','2015-05-25 02:17:09'),(899,1,'pilz','2015-05-25 02:18:55'),(900,1,'korn','2015-05-25 02:19:53'),(901,1,'wurzel','2015-05-25 02:23:33'),(902,3,'wertvoll','2015-05-25 02:25:11'),(903,3,'knstlich','2015-05-25 02:26:15'),(904,1,'raumfahrt','2015-05-25 02:27:30'),(905,4,'schlielich','2015-05-25 02:29:08'),(906,1,'lebewesen','2015-05-25 02:29:47'),(907,1,'ferkel','2015-05-25 02:30:14'),(908,1,'nagetier','2015-05-25 02:31:53'),(909,1,'eichhrnchen','2015-05-25 02:33:32'),(910,1,'essig','2015-05-25 02:34:00'),(911,2,'bestehen','2015-05-25 02:35:19'),(912,3,'verdnnt','2015-05-25 04:36:56'),(913,1,'sure','2015-05-25 04:38:30'),(914,1,'haut','2015-05-25 04:41:05'),(915,1,'flssigkeit','2015-05-25 04:42:21'),(916,3,'geniebar','2015-05-25 04:43:24'),(917,1,'ausweis','2015-05-25 05:07:57'),(918,3,'scheulich','2015-05-25 05:18:14'),(919,3,'geheim','2015-05-25 05:53:55'),(920,1,'wahnsinn','2015-05-25 05:59:48'),(921,2,'frchten','2015-05-25 06:30:04'),(922,2,'ausmerzen','2015-05-25 07:25:52'),(923,2,'verfluchen','2015-05-25 08:00:08'),(924,1,'volltreffer','2015-05-25 08:03:11'),(925,1,'gegenwehr','2015-05-25 08:30:07'),(926,1,'krieg','2015-05-25 08:35:05'),(927,1,'rennfahrer','2015-05-26 15:01:44'),(928,6,'solcher','2015-05-26 15:15:59'),(929,1,'motorrad','2015-05-26 15:19:06'),(930,1,'rente','2015-05-26 15:20:04'),(931,2,'anstellen','2015-05-26 15:25:15'),(932,4,'ebenfalls','2015-05-26 15:26:08'),(933,1,'witwe','2015-05-26 15:26:40'),(934,1,'scheibe','2015-05-26 15:30:18'),(935,2,'bestreuen','2015-05-26 15:31:53'),(936,1,'rettich','2015-05-26 15:32:37'),(937,1,'frst','2015-05-26 15:33:15'),(938,1,'macht','2015-05-26 15:34:56'),(939,1,'rbe','2015-05-26 15:41:57'),(940,1,'steuer','2015-05-26 22:27:45'),(941,2,'senken','2015-05-26 22:27:59'),(942,1,'uerung','2015-05-26 22:30:34'),(943,3,'wrtlich','2015-05-26 22:32:47'),(944,2,'unterschieden','2015-05-26 22:34:19'),(945,2,'bilden','2015-05-26 23:26:29'),(946,1,'gegenwart','2015-05-26 23:28:45'),(947,1,'anwendung','2015-05-26 23:41:07'),(948,3,'erfllbar','2015-05-26 23:49:05'),(949,1,'trichter','2015-05-30 16:24:40'),(950,4,'daneben','2015-05-30 16:26:46'),(951,2,'schtten','2015-05-30 16:28:35'),(952,2,'vorschlagen','2015-05-30 16:33:57'),(953,1,'rohr','2015-05-30 16:40:44'),(954,1,'frisr','2015-05-30 16:41:47'),(955,1,'mehrbetrag','2015-05-30 16:42:29'),(956,1,'sitte','2015-05-30 16:43:29'),(957,3,'dumpf','2015-05-30 16:44:54'),(958,2,'untermalen','2015-05-30 16:46:32'),(959,2,'spannen','2015-05-30 16:47:11'),(960,2,'wlben','2015-05-30 16:49:06'),(961,2,'verstrken','2015-05-30 16:50:51'),(962,2,'rgern','2015-05-30 18:02:53'),(963,1,'fehler','2015-05-30 18:07:34'),(964,1,'truthahn','2015-05-30 18:09:46'),(965,1,'schwanz','2015-05-30 18:12:50'),(966,3,'ursprnglich','2015-05-30 18:15:41'),(967,1,'einhorn','2015-05-30 18:30:51'),(968,1,'dieb','2015-05-30 19:08:40'),(969,2,'entfernen','2015-07-03 09:28:30'),(970,1,'knguru','2015-07-03 09:35:38'),(972,5,'zwar','2015-07-03 15:41:44'),(973,1,'kaninchen','2015-07-03 15:43:58'),(974,2,'abfeuern','2015-07-03 15:49:25'),(975,1,'wucht','2015-07-03 15:51:36'),(976,1,'flugbahn','2015-07-03 15:55:34'),(977,2,'entstehen','2015-07-03 16:00:24'),(978,2,'aushhlen','2015-07-03 16:02:35'),(979,1,'funk','2015-07-04 03:11:26'),(980,1,'empfnger','2015-07-04 03:13:28'),(981,1,'meldung','2015-07-04 03:16:32'),(982,1,'leitung','2015-07-04 03:19:29'),(983,3,'drahtlos','2015-07-04 03:20:30'),(984,2,'ausstrahlen','2015-07-04 03:22:19'),(985,1,'hindernis','2015-07-04 03:23:46'),(986,2,'bertragen','2015-07-04 03:28:20'),(987,1,'mitteilung','2015-07-04 03:29:53'),(988,1,'strmer','2015-07-04 03:48:41'),(989,1,'verteidiger','2015-07-04 03:50:48'),(990,2,'sperren','2015-07-04 03:55:18'),(991,1,'heu','2015-07-04 04:23:41'),(992,1,'hafer','2015-07-04 04:24:53'),(993,2,'davontragen','2015-07-04 13:16:18'),(994,1,'gerusch','2015-07-04 13:20:38'),(995,2,'verirren','2015-07-04 13:22:47'),(996,3,'seltsam','2015-07-04 13:23:39'),(997,3,'zottellig','2015-07-04 13:25:16'),(998,2,'huschen','2015-07-04 13:26:49'),(999,1,'strahl','2015-07-05 15:51:59'),(1000,1,'laterne','2015-07-05 15:53:32'),(1001,3,'besonnen','2015-07-05 15:56:31'),(1002,6,'obwohl','2015-07-05 15:57:59'),(1003,2,'benachrichtigen','2015-07-05 15:59:59'),(1004,2,'stolpern','2015-07-05 16:16:39'),(1005,2,'scheinen','2015-07-05 16:23:48'),(1006,2,'fhren','2015-07-05 16:25:23'),(1007,2,'ausrutschen','2015-07-13 06:00:45'),(1008,1,'brunnen','2015-07-13 06:26:13'),(1009,2,'frieren','2015-07-13 07:15:10'),(1010,2,'leihen','2015-07-13 07:17:21'),(1011,2,'lgen','2015-07-13 07:47:33'),(1012,2,'ziehen','2015-07-13 07:49:17'),(1013,2,'hecheln','2015-07-14 00:51:12'),(1014,1,'feuchtigkeit','2015-07-14 01:01:54'),(1015,2,'verdunsten','2015-07-14 01:02:52'),(1016,1,'luftzug','2015-07-14 01:04:06'),(1017,2,'sorgen','2015-07-14 01:08:28'),(1018,2,'bewegen','2015-07-14 01:15:35'),(1019,2,'verblhen','2015-07-19 15:40:46'),(1020,1,'herstellung','2015-07-19 15:43:21'),(1021,1,'teich','2015-07-19 15:51:44'),(1022,1,'ansteckung','2015-08-13 23:37:12'),(1023,1,'stoff','2015-08-13 23:43:19'),(1024,1,'berhrung','2015-08-13 23:46:43'),(1025,1,'grippe','2015-08-13 23:48:38'),(1026,2,'rollen','2015-08-22 21:33:49'),(1027,1,'schliefach','2015-08-22 21:36:45'),(1028,1,'abteil','2015-08-22 21:38:11'),(1029,2,'schweien','2015-08-22 21:56:14'),(1030,1,'druck','2015-08-22 21:56:36'),(1031,1,'schraubzwinge','2015-08-22 21:59:32'),(1032,4,'aneinander','2015-08-22 21:59:57'),(1033,1,'naht','2015-08-22 22:02:16'),(1034,3,'glhend','2015-08-22 22:04:18'),(1035,1,'stab','2015-08-22 22:11:02'),(1036,1,'gleichgewicht','2015-08-22 22:15:22'),(1037,3,'gestrt','2015-08-22 22:16:29'),(1038,2,'erbrechen','2015-08-22 22:20:57'),(1039,3,'schwindlig','2015-08-22 22:21:56'),(1040,3,'angenehm','2015-08-22 22:24:03'),(1041,4,'nmlich','2015-08-22 22:29:50'),(1042,2,'kraulen','2015-08-22 22:32:34'),(1043,1,'delfinstil','2015-08-22 22:35:54'),(1044,1,'becken','2015-08-22 22:39:01'),(1045,4,'ungefhr','2015-08-24 17:10:26'),(1046,1,'verleger','2015-08-24 19:31:21'),(1047,3,'schawanger','2015-08-28 06:38:40'),(1048,3,'trchtig','2015-08-28 06:40:12'),(1049,3,'winzig','2015-08-28 06:41:37'),(1050,1,'gebrmutter','2015-08-28 06:47:43'),(1051,2,'spren','2015-08-28 06:55:18'),(1052,1,'drse','2015-08-28 06:56:44'),(1053,2,'ausscheiden','2015-08-28 07:06:32'),(1054,1,'dichter','2015-08-29 15:24:31'),(1055,1,'fhigkeit','2015-08-29 15:25:57'),(1056,2,'beien','2015-08-29 22:14:43'),(1057,2,'pfeifen','2015-08-29 22:15:37'),(1058,2,'schreiben','2015-08-29 22:16:04'),(1059,2,'schweigen','2015-08-29 22:17:01'),(1060,2,'streiten','2015-08-29 22:17:20'),(1061,2,'befehlen','2015-08-29 22:18:26'),(1062,2,'brechen','2015-08-29 22:18:45'),(1063,2,'heben','2015-08-29 22:19:34'),(1064,2,'nehmen','2015-08-29 22:20:45'),(1065,2,'schlieen','2015-08-29 22:21:11'),(1066,2,'treffen','2015-08-29 22:22:55'),(1067,2,'binden','2015-08-29 22:24:57'),(1068,2,'finden','2015-08-29 22:25:14'),(1069,2,'singen','2015-08-29 22:25:33'),(1070,2,'trinken','2015-08-29 22:25:52'),(1071,2,'bitten','2015-08-29 22:26:42'),(1072,2,'liegen','2015-08-30 06:29:07'),(1073,2,'rufen','2015-08-30 06:30:03'),(1074,2,'schlafen','2015-08-30 06:30:45'),(1075,2,'sitzen','2015-08-30 06:32:55'),(1076,2,'tun','2015-08-30 06:33:12'),(1077,2,'waschen','2015-08-30 06:33:33'),(1078,2,'bleiben','2015-09-01 05:47:19'),(1079,2,'einschlafen','2015-09-01 05:47:49'),(1080,2,'ertrinken','2015-09-01 05:48:17'),(1081,2,'fahren','2015-09-01 05:51:35'),(1082,2,'fallen','2015-09-01 05:53:05'),(1083,2,'gebren','2015-09-01 05:54:46'),(1084,2,'kommen','2015-09-01 05:58:22'),(1085,2,'laufen','2015-09-01 05:59:05'),(1086,2,'schwimmen','2015-09-01 05:59:42'),(1087,2,'springen','2015-09-01 06:00:36'),(1088,2,'sein','2015-09-01 06:01:42'),(1089,2,'sterben','2015-09-01 06:02:38'),(1090,1,'frucht','2015-09-02 00:09:21'),(1091,1,'kastanie','2015-09-02 00:10:02'),(1092,4,'berall','2015-09-02 00:23:00'),(1093,2,'basteln','2015-09-02 00:26:12'),(1094,3,'stachelig','2015-09-02 00:28:56'),(1095,2,'wippen','2015-09-02 00:32:52'),(1096,2,'deuten','2015-09-02 00:36:51'),(1097,1,'zukunft','2015-09-02 00:38:49'),(1098,1,'deutsch','2015-09-06 18:19:28'),(1099,3,'schlicht','2015-09-06 18:21:26'),(1100,3,'hrbar','2015-09-06 18:24:10'),(1101,3,'strafbar','2015-09-06 18:30:04'),(1102,2,'berraschen','2015-09-06 18:40:02'),(1103,3,'muffig','2015-09-10 00:08:14'),(1104,1,'kapitel','2015-09-11 04:05:39'),(1105,1,'grammatik','2015-09-11 04:18:32'),(1106,1,'eheleute','2015-09-11 20:38:33'),(1107,2,'spazieren','2015-09-11 23:44:07'),(1108,4,'wahrscheinlich','2015-09-12 06:45:57'),(1109,3,'streunend','2015-09-12 06:46:49'),(1110,1,'wchter','2015-09-12 06:50:05'),(1111,2,'vertreiben','2015-09-12 06:52:11'),(1112,2,'flstern','2015-09-12 13:31:14'),(1113,3,'kuschelig','2015-09-12 13:33:47'),(1114,1,'baldachin','2015-09-12 13:35:55'),(1115,3,'sanft','2015-09-12 13:37:13'),(1116,1,'duft','2015-09-12 13:37:52'),(1117,4,'sowieso','2015-09-12 13:39:27'),(1118,2,'einrichten','2015-09-12 13:43:04'),(1119,1,'wald','2015-09-13 01:35:26'),(1120,1,'weg','2015-09-13 01:35:51'),(1121,1,'wolf','2015-09-13 01:37:54'),(1122,1,'schiff','2015-09-13 17:00:03'),(1123,1,'mund','2015-09-15 05:48:15'),(1124,1,'kanzler','2015-09-15 05:59:58'),(1125,2,'kaufen','2015-09-15 06:33:19'),(1126,2,'aufnehmen','2015-09-15 06:36:26'),(1127,2,'aussuchen','2015-09-15 06:46:50'),(1128,1,'rahmen','2015-09-15 06:47:40'),(1129,1,'schublade','2015-09-15 06:51:39'),(1130,1,'geheimnis','2015-09-15 06:52:44'),(1131,3,'mrchenhaft','2015-09-15 06:54:28'),(1132,2,'berreden','2015-09-15 07:05:09'),(1133,1,'pantoffel','2015-09-15 07:06:57'),(1134,3,'wohlttig','2015-09-15 07:09:21'),(1135,2,'abstatten','2015-09-15 07:11:11'),(1136,1,'spalt','2015-09-15 07:14:04'),(1137,2,'sausen','2015-09-15 07:16:47'),(1138,1,'rstung','2015-09-15 07:17:48'),(1139,1,'treppengelnder','2015-09-15 07:19:58'),(1140,2,'rutschen','2015-09-15 07:21:36'),(1141,4,'tadellos','2015-09-15 07:22:45'),(1142,1,'pech','2015-09-15 23:26:25'),(1143,1,'tadel','2015-09-15 23:28:04'),(1144,2,'vereinbaren','2015-09-17 01:44:15'),(1145,2,'klappen','2015-09-17 01:46:35'),(1146,2,'abzocken','2015-09-17 20:09:56'),(1147,1,'gleiche','2015-09-19 05:44:18'),(1148,1,'schallplatte','2015-09-19 05:46:37'),(1149,2,'murren','2015-09-19 05:58:38'),(1150,2,'benehmen','2015-09-19 06:00:24'),(1151,2,'bemhen','2015-09-19 06:01:56'),(1152,2,'ablehnen','2015-09-19 06:03:51'),(1153,2,'anhren','2015-09-19 06:06:45'),(1154,1,'taube','2015-09-19 06:09:08'),(1155,1,'truhe','2015-09-19 06:12:07'),(1156,1,'schatz','2015-09-19 06:12:50'),(1157,3,'zahlreich','2015-09-20 07:39:04'),(1158,2,'stbern','2015-09-20 07:40:40'),(1159,1,'stckelschuh','2015-09-20 07:43:54'),(1160,1,'watte','2015-09-20 07:44:50'),(1161,2,'runzeln','2015-09-20 07:47:03'),(1162,2,'zunicken','2015-09-20 07:48:30'),(1163,1,'wollknuel','2015-09-20 08:02:08'),(1164,1,'matsch','2015-09-20 08:04:36'),(1165,2,'winseln','2015-09-20 08:07:19'),(1166,2,'kichern','2015-09-20 08:08:04'),(1167,1,'wahrheit','2015-09-20 08:09:18'),(1169,2,'wedeln','2015-09-20 08:21:12'),(1170,2,'wackeln','2015-09-20 08:21:59'),(1171,2,'entronnen','2015-09-20 08:27:18'),(1172,1,'erschpfung','2015-09-20 08:30:15'),(1173,1,'rettung','2015-09-20 08:30:48'),(1174,2,'zerschlagen','2015-09-20 08:32:53'),(1175,1,'auftritt','2015-09-20 08:38:12'),(1176,1,'heide','2015-09-22 06:31:51'),(1177,2,'scharren','2015-09-22 06:36:47');
/*!40000 ALTER TABLE `word` ENABLE KEYS */;
UNLOCK TABLES;

--
-- Table structure for table `word_attribute`
--

DROP TABLE IF EXISTS `word_attribute`;
/*!40101 SET @saved_cs_client     = @@character_set_client */;
/*!40101 SET character_set_client = utf8 */;
CREATE TABLE `word_attribute` (
  `attribute_id` int(11) NOT NULL,
  `word_id` int(11) NOT NULL,
  `value` varchar(1024) DEFAULT NULL,
  PRIMARY KEY (`attribute_id`,`word_id`),
  KEY `word_id` (`word_id`),
  CONSTRAINT `word_attribute_ibfk_1` FOREIGN KEY (`attribute_id`) REFERENCES `attribute` (`id`) ON DELETE CASCADE,
  CONSTRAINT `word_attribute_ibfk_2` FOREIGN KEY (`word_id`) REFERENCES `word` (`id`) ON DELETE CASCADE
) ENGINE=InnoDB DEFAULT CHARSET=utf8;
/*!40101 SET character_set_client = @saved_cs_client */;

--
-- Dumping data for table `word_attribute`
--

LOCK TABLES `word_attribute` WRITE;
/*!40000 ALTER TABLE `word_attribute` DISABLE KEYS */;
INSERT INTO `word_attribute` VALUES (1,15,'die'),(1,16,'die'),(1,17,'der'),(1,18,'der'),(1,19,'der'),(1,20,'der'),(1,21,'die'),(1,22,'die'),(1,23,'die'),(1,24,'der'),(1,32,'der'),(1,33,'die'),(1,34,'das'),(1,35,'das'),(1,43,'der'),(1,44,'der'),(1,45,'der'),(1,46,'die'),(1,47,'die'),(1,49,'das'),(1,53,'die'),(1,54,'die'),(1,55,'das'),(1,65,'der'),(1,70,'die'),(1,71,'der'),(1,73,'der'),(1,79,'das'),(1,80,'der'),(1,82,'die'),(1,83,'die'),(1,84,'die'),(1,86,'die'),(1,87,'die'),(1,88,'das'),(1,91,'das'),(1,109,'das'),(1,110,'das'),(1,112,'das'),(1,115,'das'),(1,123,'der'),(1,131,'der'),(1,132,'das'),(1,133,'die'),(1,134,'das'),(1,135,'der'),(1,136,'das'),(1,137,'die'),(1,139,'das'),(1,140,'das'),(1,141,'die'),(1,142,'die'),(1,143,'die'),(1,144,'die'),(1,145,'das'),(1,146,'die'),(1,147,'die'),(1,148,'der'),(1,151,'die'),(1,152,'das'),(1,153,'der'),(1,158,'das'),(1,163,'das'),(1,164,'der'),(1,166,'die'),(1,168,'der'),(1,169,'die'),(1,170,'der'),(1,180,'die'),(1,181,'der'),(1,182,'der'),(1,183,'die'),(1,184,'das'),(1,185,'die'),(1,186,'der'),(1,187,'das'),(1,188,'die'),(1,189,'die'),(1,190,'die'),(1,191,'der'),(1,192,'die'),(1,193,'der'),(1,194,'der'),(1,195,'die'),(1,196,'die'),(1,197,'die'),(1,198,'die'),(1,199,'der'),(1,200,'das'),(1,201,'der'),(1,202,'der'),(1,203,'der'),(1,204,'der'),(1,205,'die'),(1,206,'der'),(1,207,'die'),(1,208,'die'),(1,209,'die'),(1,210,'die'),(1,211,'die'),(1,212,'die'),(1,213,'die'),(1,214,'das'),(1,215,'der'),(1,216,'der'),(1,217,'der'),(1,218,'der'),(1,220,'die'),(1,223,'die'),(1,224,'der'),(1,226,'der'),(1,227,'der'),(1,228,'der'),(1,229,'der'),(1,230,'das'),(1,231,'der'),(1,232,'das'),(1,233,'das'),(1,234,'der'),(1,235,'der'),(1,236,'die'),(1,237,'die'),(1,239,'der'),(1,240,'der'),(1,241,'die'),(1,242,'das'),(1,243,'die'),(1,244,'der'),(1,245,'die'),(1,246,'der'),(1,247,'die'),(1,248,'die'),(1,249,'die'),(1,250,'der'),(1,251,'der'),(1,252,'die'),(1,253,'der'),(1,254,'der'),(1,260,'das'),(1,262,'der'),(1,263,'die'),(1,266,'das'),(1,267,'das'),(1,268,'der'),(1,269,'die'),(1,272,'die'),(1,274,'der'),(1,275,'die'),(1,276,'der'),(1,277,'der'),(1,278,'die'),(1,279,'der'),(1,285,'der'),(1,286,'das'),(1,289,'die'),(1,292,'das'),(1,293,'das'),(1,294,'das'),(1,296,'das'),(1,300,'das'),(1,301,'der'),(1,302,'der'),(1,305,'der'),(1,306,'der'),(1,307,'der'),(1,308,'der'),(1,309,'die'),(1,310,'die'),(1,311,'die'),(1,312,'die'),(1,313,'der'),(1,314,'die'),(1,315,'das'),(1,316,'die'),(1,317,'der'),(1,320,'der'),(1,321,'das'),(1,326,'die'),(1,329,'der'),(1,330,'der'),(1,336,'das'),(1,337,'die'),(1,338,'das'),(1,341,'die'),(1,342,'das'),(1,343,'das'),(1,348,'der'),(1,349,'das'),(1,354,'der'),(1,356,'der'),(1,357,'der'),(1,358,'der'),(1,360,'die'),(1,361,'das'),(1,362,'der'),(1,364,'die'),(1,365,'das'),(1,367,'das'),(1,370,'der'),(1,372,'die'),(1,373,'der'),(1,386,'die'),(1,387,'der'),(1,388,'das'),(1,389,'der'),(1,390,'der'),(1,391,'der'),(1,392,'der'),(1,393,'die'),(1,394,'die'),(1,395,'das'),(1,396,'der'),(1,397,'der'),(1,398,'der'),(1,399,'die'),(1,431,'der'),(1,432,'die'),(1,436,'das'),(1,441,'der'),(1,442,'der'),(1,443,'der'),(1,445,'der'),(1,450,'die'),(1,452,'der'),(1,454,'das'),(1,455,'der'),(1,456,'die'),(1,458,'die'),(1,459,'das'),(1,460,'die'),(1,461,'der'),(1,462,'die'),(1,464,'die'),(1,467,'der'),(1,469,'die'),(1,470,'der'),(1,471,'der'),(1,472,'der'),(1,473,'das'),(1,480,'die'),(1,481,'der'),(1,482,'der'),(1,483,'das'),(1,484,'die'),(1,485,'die'),(1,486,'die'),(1,487,'der'),(1,488,'das'),(1,489,'die'),(1,490,'die'),(1,491,'das'),(1,492,'die'),(1,493,'die'),(1,494,'die'),(1,495,'die'),(1,496,'der'),(1,497,'der'),(1,498,'das'),(1,499,'der'),(1,501,'die'),(1,502,'der'),(1,503,'der'),(1,504,'das'),(1,514,'das'),(1,515,'der'),(1,516,'das'),(1,517,'die'),(1,518,'der'),(1,519,'das'),(1,520,'der'),(1,521,'das'),(1,522,'der'),(1,523,'der'),(1,524,'das'),(1,525,'die'),(1,533,'das'),(1,534,'die'),(1,535,'die'),(1,539,'der'),(1,540,'die'),(1,541,'die'),(1,542,'der'),(1,543,'der'),(1,544,'der'),(1,545,'das'),(1,546,'die'),(1,547,'der'),(1,548,'der'),(1,549,'die'),(1,550,'die'),(1,551,'der'),(1,552,'das'),(1,561,'der'),(1,562,'die'),(1,563,'die'),(1,564,'der'),(1,565,'der'),(1,566,'der'),(1,567,'die'),(1,568,'der'),(1,569,'die'),(1,570,'die'),(1,576,'der'),(1,577,'der'),(1,578,'das'),(1,579,'die'),(1,580,'die'),(1,581,'der'),(1,583,'der'),(1,584,'die'),(1,586,'die'),(1,587,'das'),(1,588,'die'),(1,589,'der'),(1,590,'der'),(1,591,'das'),(1,592,'der'),(1,593,'der'),(1,594,'die'),(1,605,'der'),(1,606,'der'),(1,607,'die'),(1,608,'das'),(1,609,'das'),(1,610,'die'),(1,611,'der'),(1,612,'die'),(1,613,'die'),(1,614,'das'),(1,615,'das'),(1,616,'das'),(1,617,'der'),(1,618,'die'),(1,619,'der'),(1,620,'das'),(1,621,'die'),(1,622,'die'),(1,623,'der'),(1,624,'der'),(1,625,'das'),(1,626,'der'),(1,627,'das'),(1,628,'das'),(1,629,'der'),(1,630,'die'),(1,633,'das'),(1,635,'die'),(1,637,'das'),(1,644,'die'),(1,645,'das'),(1,646,'der'),(1,647,'die'),(1,648,'das'),(1,649,'die'),(1,650,'der'),(1,651,'der'),(1,652,'der'),(1,654,'die'),(1,655,'der'),(1,656,'das'),(1,657,'der'),(1,658,'der'),(1,659,'der'),(1,660,'der'),(1,664,'die'),(1,671,'das'),(1,673,'die'),(1,674,'der'),(1,675,'das'),(1,676,'der'),(1,677,'der'),(1,678,'die'),(1,685,'der'),(1,686,'der'),(1,690,'der'),(1,692,'der'),(1,693,'das'),(1,694,'das'),(1,695,'die'),(1,696,'die'),(1,697,'die'),(1,698,'das'),(1,699,'die'),(1,700,'die'),(1,702,'der'),(1,703,'das'),(1,704,'die'),(1,705,'die'),(1,706,'die'),(1,707,'die'),(1,708,'der'),(1,709,'der'),(1,710,'der'),(1,711,'die'),(1,712,'die'),(1,714,'der'),(1,718,'die'),(1,720,'das'),(1,722,'der'),(1,724,'der'),(1,726,'die'),(1,728,'die'),(1,731,'die'),(1,734,'das'),(1,743,'der'),(1,744,'die'),(1,745,'der'),(1,748,'der'),(1,755,'der'),(1,757,'der'),(1,758,'der'),(1,759,'die'),(1,765,'die'),(1,766,'der'),(1,769,'der'),(1,771,'der'),(1,775,'die'),(1,776,'die'),(1,777,'die'),(1,780,'der'),(1,782,'der'),(1,784,'das'),(1,785,'die'),(1,786,'die'),(1,787,'die'),(1,792,'das'),(1,793,'die'),(1,794,'das'),(1,795,'der'),(1,796,'die'),(1,798,'der'),(1,799,'die'),(1,800,'das'),(1,801,'die'),(1,802,'der'),(1,803,'der'),(1,804,'der'),(1,808,'das'),(1,810,'das'),(1,811,'der'),(1,813,'die'),(1,817,'die'),(1,819,'der'),(1,820,'der'),(1,821,'der'),(1,822,'die'),(1,824,'der'),(1,826,'die'),(1,828,'der'),(1,830,'das'),(1,831,'die'),(1,832,'die'),(1,834,'das'),(1,835,'die'),(1,836,'der'),(1,837,'der'),(1,838,'die'),(1,839,'der'),(1,840,'der'),(1,844,'die'),(1,845,'der'),(1,847,'die'),(1,848,'der'),(1,850,'der'),(1,852,'das'),(1,853,'der'),(1,855,'die'),(1,856,'der'),(1,857,'der'),(1,858,'der'),(1,859,'der'),(1,860,'das'),(1,861,'die'),(1,862,'das'),(1,863,'der'),(1,864,'das'),(1,867,'die'),(1,868,'die'),(1,869,'der'),(1,871,'die'),(1,872,'der'),(1,877,'das'),(1,878,'die'),(1,879,'die'),(1,881,'das'),(1,884,'das'),(1,891,'das'),(1,892,'die'),(1,897,'der'),(1,898,'die'),(1,899,'der'),(1,900,'das'),(1,901,'die'),(1,904,'die'),(1,906,'das'),(1,907,'das'),(1,908,'das'),(1,909,'das'),(1,910,'der'),(1,913,'die'),(1,914,'die'),(1,915,'die'),(1,917,'der'),(1,920,'der'),(1,924,'der'),(1,925,'die'),(1,926,'der'),(1,927,'der'),(1,929,'das'),(1,930,'die'),(1,933,'die'),(1,934,'die'),(1,936,'der'),(1,937,'der'),(1,938,'die'),(1,939,'die'),(1,940,'die'),(1,942,'die'),(1,946,'die'),(1,947,'die'),(1,949,'der'),(1,953,'das'),(1,954,'der'),(1,955,'der'),(1,956,'die'),(1,963,'der'),(1,964,'der'),(1,965,'der'),(1,967,'der'),(1,968,'der'),(1,970,'das'),(1,973,'das'),(1,975,'die'),(1,976,'die'),(1,979,'der'),(1,980,'der'),(1,981,'die'),(1,982,'die'),(1,985,'das'),(1,987,'die'),(1,988,'der'),(1,989,'der'),(1,991,'das'),(1,992,'der'),(1,994,'das'),(1,999,'der'),(1,1000,'die'),(1,1008,'der'),(1,1014,'die'),(1,1016,'der'),(1,1020,'die'),(1,1021,'der'),(1,1022,'die'),(1,1023,'der'),(1,1024,'die'),(1,1025,'die'),(1,1027,'das'),(1,1028,'das'),(1,1030,'der'),(1,1031,'die'),(1,1033,'die'),(1,1035,'der'),(1,1036,'das'),(1,1043,'der'),(1,1044,'das'),(1,1046,'der'),(1,1050,'die'),(1,1052,'die'),(1,1054,'der'),(1,1055,'die'),(1,1090,'die'),(1,1091,'die'),(1,1097,'die'),(1,1098,'das'),(1,1104,'das'),(1,1105,'die'),(1,1106,'die'),(1,1110,'der'),(1,1114,'der'),(1,1116,'der'),(1,1119,'der'),(1,1120,'der'),(1,1121,'der'),(1,1122,'der'),(1,1123,'der'),(1,1124,'der'),(1,1128,'der'),(1,1129,'die'),(1,1130,'das'),(1,1133,'der'),(1,1136,'der'),(1,1138,'die'),(1,1139,'das'),(1,1142,'das'),(1,1143,'der'),(1,1147,'das'),(1,1148,'die'),(1,1154,'die'),(1,1155,'die'),(1,1156,'die'),(1,1159,'der'),(1,1160,'die'),(1,1163,'der'),(1,1164,'der'),(1,1167,'die'),(1,1172,'die'),(1,1173,'die'),(1,1175,'der'),(1,1176,'die'),(3,15,'blumen'),(3,20,'schuhe'),(3,21,'zwiebeln'),(3,22,'erdbeeren'),(3,23,'kneipen'),(3,24,'fugnger'),(3,32,'berufe'),(3,33,'zitronen'),(3,34,'bder'),(3,35,'drfer'),(3,43,'pfel'),(3,44,'lffel'),(3,45,'teppiche'),(3,46,'tapeten'),(3,47,'mengen'),(3,49,'bltter'),(3,53,'freizeit'),(3,54,'sahne'),(3,55,'brote'),(3,65,'vorwrfe'),(3,70,'zierereien'),(3,71,'greuel'),(3,73,'sle'),(3,79,'glanzstcke'),(3,80,'kpfe'),(3,82,'sachen'),(3,83,'stunden'),(3,84,'absichten'),(3,86,'klemmen'),(3,87,'beleidigungen'),(3,91,'gesichter'),(3,110,'lcher'),(3,112,'abenteuer'),(3,115,'hufeisen'),(3,123,'betten'),(3,131,'spitznamen'),(3,132,'augen'),(3,133,'brillen'),(3,134,'hobbys'),(3,136,'haare'),(3,137,'farben'),(3,139,'rder'),(3,140,'lenkrder'),(3,141,'raupen'),(3,142,'wissenschaften'),(3,143,'die wirtschaften'),(3,144,'gesellschaften'),(3,145,'gesprche'),(3,146,'meinungen'),(3,147,'wolken'),(3,148,'teller'),(3,151,'auswahlen'),(3,152,'ergebnisse'),(3,153,'forscher'),(3,158,'hhnchen'),(3,163,'kinder'),(3,164,'haie'),(3,166,'berraschungen'),(3,168,'maulwrfe'),(3,169,'enten'),(3,170,'vgel'),(3,180,'decken'),(3,181,'flsse'),(3,182,'sfte'),(3,183,'ahnungen'),(3,184,'schilder'),(3,185,'tankstellen'),(3,186,'vter'),(3,187,'bilder'),(3,188,'basen'),(3,189,'mtter'),(3,190,'stdte'),(3,191,'shne'),(3,192,'tchter'),(3,193,'landwirte'),(3,194,'aufstze'),(3,197,'antworten'),(3,198,'aufgaben'),(3,199,'bleistifte'),(3,200,'etuis'),(3,201,'kulis'),(3,202,'schler'),(3,203,'morgen'),(3,205,'tafeln'),(3,206,'schwmme'),(3,207,'seiten'),(3,210,'nummern'),(3,211,'verbindungen'),(3,212,'einladungen'),(3,213,'nsse'),(3,214,'felle'),(3,215,'wrfel'),(3,216,'kotflgel'),(3,217,'bagger'),(3,218,'kipplaster'),(3,223,'stostangen'),(3,224,'schaufellader'),(3,226,'auspuffe'),(3,227,'reifen'),(3,229,'schornsteine'),(3,231,'sterne'),(3,232,'dreiecke'),(3,233,'quadrate'),(3,234,'kreise'),(3,235,'hubschrauber'),(3,236,'mauern'),(3,237,'grenzen'),(3,239,'anzge'),(3,240,'grtel'),(3,241,'grssen'),(3,242,'hemden'),(3,243,'hosen'),(3,244,'hte'),(3,245,'jacken'),(3,246,'mntel'),(3,247,'bundweiten'),(3,250,'meter'),(3,251,'fsse'),(3,252,'krawatten'),(3,253,'laster'),(3,254,'schlitten'),(3,260,'gerichte'),(3,266,'konzerte'),(3,267,'boote'),(3,268,'nachmattage'),(3,272,'entscheidungen'),(3,274,'kltze'),(3,275,'kugeln'),(3,276,'matrosen'),(3,277,'stadtplne'),(3,278,'fragen'),(3,279,'seen'),(3,285,'bden'),(3,286,'klaviere'),(3,289,'ngste'),(3,292,'verhltnisse'),(3,293,'wrter'),(3,294,'geschenke'),(3,300,'ereignisse'),(3,301,'rume'),(3,302,'bller'),(3,306,'affen'),(3,307,'lden'),(3,308,'wale'),(3,309,'krhen'),(3,310,'muse'),(3,311,'schildkrten'),(3,312,'schlangen'),(3,313,'adler'),(3,314,'gabeln'),(3,315,'messer'),(3,316,'zahnbrsten'),(3,317,'zhne'),(3,320,'krbe'),(3,326,'redaktionen'),(3,329,'angriffe'),(3,330,'anschlge'),(3,338,'hecke'),(3,341,'wahlen'),(3,342,'tiere'),(3,343,'sugetiere'),(3,348,'hamster'),(3,354,'hasen'),(3,356,'hlse'),(3,357,'hirsche'),(3,358,'paviane'),(3,360,'hauptstdte'),(3,361,'bretter'),(3,362,'knochen'),(3,364,'opfer'),(3,365,'gebude'),(3,367,'brandstze'),(3,370,'tter'),(3,372,'spuren'),(3,373,'schmetterlinge'),(3,386,'anreden'),(3,387,'briefe'),(3,388,'daten'),(3,389,'erwachsenen'),(3,390,'grsse'),(3,391,'monate'),(3,392,'orte'),(3,394,'unterschriften'),(3,396,'kuchen'),(3,397,'snger'),(3,398,'absender'),(3,399,'briefmarken'),(3,431,'entscheide'),(3,432,'kehrtwenden'),(3,436,'parre'),(3,441,'keimen'),(3,442,'gleise'),(3,443,'zge'),(3,445,'rangierbahnhfe'),(3,450,'lagen'),(3,452,'trauscheine'),(3,454,'verzeichnisse'),(3,455,'bezirke'),(3,456,'gemeinden'),(3,458,'bereinstimmungen'),(3,459,'siegel'),(3,460,'beifgungen'),(3,461,'auszge'),(3,464,'schrzen'),(3,467,'stiefel'),(3,469,'leistungen'),(3,470,'schritte'),(3,471,'pltze'),(3,472,'kmpfe'),(3,473,'ziele'),(3,481,'fischkutter'),(3,482,'hfen'),(3,484,'krabben'),(3,485,'khe'),(3,486,'makrelen'),(3,487,'masten'),(3,488,'meere'),(3,490,'muscheln'),(3,491,'netze'),(3,492,'schollen'),(3,494,'weiden'),(3,495,'wiesen'),(3,496,'winde'),(3,497,'gasthfe'),(3,498,'geschftszentren'),(3,499,'grnde'),(3,502,'kunden'),(3,503,'vertreter'),(3,504,'zimmer'),(3,514,'biere'),(3,515,'dicken'),(3,516,'handtcher'),(3,517,'leute'),(3,518,'kaffees'),(3,519,'lokale'),(3,520,'schlssel'),(3,521,'tablette'),(3,522,'tees'),(3,523,'tische'),(3,524,'trinkgelder'),(3,534,'servietten'),(3,535,'splmachinen'),(3,539,'buben'),(3,540,'hecken'),(3,541,'heckenscheren'),(3,542,'ingenieure'),(3,543,'mher'),(3,544,'molche'),(3,545,'nester'),(3,546,'pflanzen'),(3,547,'plasticscke'),(3,548,'rasen'),(3,549,'reisen'),(3,550,'rosen'),(3,551,'strucher'),(3,561,'bume'),(3,562,'bienen'),(3,563,'fliegen'),(3,565,'maikfer'),(3,566,'marienkfer'),(3,567,'mcken'),(3,568,'regenwrme'),(3,569,'schnecken'),(3,570,'wespen'),(3,576,'besen'),(3,577,'eingnge'),(3,578,'gerte'),(3,579,'leitern'),(3,580,'nelken'),(3,581,'rechen'),(3,583,'schluche'),(3,584,'bewegungen'),(3,586,'impfungen'),(3,587,'armbnder'),(3,588,'blusen'),(3,589,'geburtstage'),(3,590,'kassenzettel'),(3,591,'kleider'),(3,592,'pullis'),(3,593,'schlafanzge'),(3,594,'taschen'),(3,605,'strmpfe'),(3,606,'becher'),(3,607,'birnen'),(3,609,'eier'),(3,610,'gurken'),(3,611,'kse'),(3,612,'kirschen'),(3,613,'lebensmittel'),(3,615,'milcherzeugnisse'),(3,617,'pfirsiche'),(3,618,'pflaumen'),(3,619,'salate'),(3,621,'tomaten'),(3,622,'trauben'),(3,624,'joghurts'),(3,626,'inhaber'),(3,627,'gewichte'),(3,630,'fleischereien'),(3,637,'erzeugnisse'),(3,644,'boutiquen'),(3,645,'halstcher'),(3,646,'hosenanzge'),(3,648,'kostme'),(3,649,'mtzen'),(3,650,'preise'),(3,651,'rcke'),(3,656,'gewitter'),(3,658,'summer'),(3,664,'vorhersagen'),(3,671,'rtsel'),(3,676,'schatten'),(3,677,'strnde'),(3,678,'schlachten'),(3,685,'buche'),(3,686,'steine'),(3,690,'rcken'),(3,692,'arme'),(3,693,'beine'),(3,694,'kinne'),(3,695,'lippen'),(3,696,'nasen'),(3,697,'stirnen'),(3,698,'bestecke'),(3,699,'kellnerinnen'),(3,700,'pannen'),(3,702,'braten'),(3,703,'hauptgerichte'),(3,704,'mahlzeiten'),(3,705,'sorgen'),(3,706,'nachspeisen'),(3,707,'mnzen'),(3,708,'keller'),(3,710,'stcke'),(3,711,'toiletten'),(3,712,'treppen'),(3,714,'dachbden'),(3,718,'abschluprfungen'),(3,720,'erlebnisse'),(3,726,'schachteln'),(3,731,'hhlen'),(3,734,'kstchen'),(3,743,'dochte'),(3,745,'zweigen'),(3,755,'siege'),(3,757,'ksten'),(3,758,'straue'),(3,759,'kassen'),(3,765,'hinrichtungen'),(3,769,'flchtlinge'),(3,771,'beweise'),(3,775,'sicherheiten'),(3,776,'vorkehrungen'),(3,780,'mustern'),(3,782,'zweifel'),(3,784,'unglcke'),(3,785,'botschaften'),(3,792,'fernrohre'),(3,793,'bchsen'),(3,794,'bleche'),(3,796,'gemsen'),(3,798,'gletscher'),(3,799,'sammlungen'),(3,801,'schienen'),(3,802,'schalter'),(3,803,'streiche'),(3,804,'scherze'),(3,810,'gefe'),(3,813,'zutaten'),(3,817,'zungen'),(3,820,'knchel'),(3,821,'sprsslinge'),(3,822,'grausamkeiten'),(3,831,'grten'),(3,832,'flossen'),(3,834,'geweih'),(3,835,'weisheiten'),(3,837,'abgrnde'),(3,838,'bedingungen'),(3,840,'wagnisse'),(3,844,'mhen'),(3,845,'kraniche'),(3,847,'federn'),(3,848,'fchse'),(3,852,'schlsser'),(3,853,'aufschbe'),(3,857,'kerle'),(3,860,'gehege'),(3,861,'krallen'),(3,862,'raubtiere'),(3,863,'einzelgnger'),(3,864,'rudel'),(3,868,'tarnungen'),(3,871,'rassen'),(3,872,'schwne'),(3,877,'gehlter'),(3,878,'mieten'),(3,879,'waren'),(3,881,'gebiete'),(3,884,'beuteltiere'),(3,891,'mrchen'),(3,892,'feen'),(3,897,'samen'),(3,899,'pilze'),(3,900,'krner'),(3,901,'wurzeln'),(3,906,'lebewesen'),(3,907,'ferkel'),(3,908,'nagetiere'),(3,909,'eichhrnchen'),(3,913,'suren'),(3,914,'hute'),(3,915,'flssigkeiten'),(3,917,'ausweise'),(3,926,'kriege'),(3,927,'rennfahrer'),(3,929,'motorrder'),(3,933,'witwen'),(3,934,'scheiben'),(3,936,'rettiche'),(3,937,'frsten'),(3,938,'mchte'),(3,939,'rben'),(3,940,'steuern'),(3,942,'uerungen'),(3,947,'anwendungen'),(3,949,'trichter'),(3,953,'rohre'),(3,954,'frisre'),(3,955,'mehrbetrge'),(3,956,'sitten'),(3,963,'fehler'),(3,964,'truthhne'),(3,965,'schwnze'),(3,967,'einhorne'),(3,968,'diebe'),(3,970,'kungurus'),(3,973,'kaninchen'),(3,975,'wuchten'),(3,976,'fluhbahnen'),(3,980,'empfnger'),(3,981,'meldungen'),(3,982,'leitungen'),(3,985,'hindernisse'),(3,987,'mitteilungen'),(3,988,'strmer'),(3,989,'verteidiger'),(3,992,'hafer'),(3,994,'gerusche'),(3,999,'strahlen'),(3,1000,'laternen'),(3,1008,'brunnen'),(3,1014,'feuchtigkeiten'),(3,1016,'luftzge'),(3,1021,'teiche'),(3,1022,'ansteckungen'),(3,1023,'stoffe'),(3,1024,'berhrungen'),(3,1027,'schliefcher'),(3,1028,'abteile'),(3,1030,'drucke'),(3,1031,'schraubzwingen'),(3,1033,'nhte'),(3,1035,'stbe'),(3,1044,'becken'),(3,1046,'verleger'),(3,1052,'drsen'),(3,1054,'dichter'),(3,1055,'fhigkeiten'),(3,1090,'frchte'),(3,1091,'kastanien'),(3,1104,'kapitel'),(3,1105,'grammatiken'),(3,1106,'eheleute'),(3,1110,'wchter'),(3,1114,'baldachine'),(3,1116,'dfte'),(3,1119,'wlder'),(3,1120,'wege'),(3,1121,'wlfe'),(3,1122,'schiffe'),(3,1123,'mnder'),(3,1124,'kanzler'),(3,1128,'rahmen'),(3,1129,'schubladen'),(3,1130,'geheimnisse'),(3,1133,'pantoffeln'),(3,1136,'spalten'),(3,1138,'rstungen'),(3,1139,'treppengelnder'),(3,1148,'schallplatten'),(3,1154,'tauben'),(3,1155,'truhen'),(3,1156,'schtze'),(3,1159,'stckelschuhe'),(3,1163,'wollknuel'),(3,1167,'wahrheiten'),(3,1175,'auftritte'),(3,1176,'heiden'),(5,14,'to throw'),(5,15,'flower'),(5,16,'family'),(5,17,'noise'),(5,18,'cauliflower'),(5,19,'bacon'),(5,20,'shoe'),(5,21,'onion'),(5,22,'strawberry'),(5,23,'bar'),(5,24,'pedestrian'),(5,25,'to work'),(5,26,'to get gas'),(5,27,'to rent'),(5,28,'to celebrate'),(5,29,'to send, mail'),(5,30,'to marry'),(5,31,'to last, to take time'),(5,32,'profession'),(5,33,'lemon'),(5,34,'bath'),(5,35,'village'),(5,36,'to have'),(5,37,'to show, indicate'),(5,38,'to visit'),(5,40,'to know something (a fact)'),(5,41,'to know a person/place/thing'),(5,42,'cold'),(5,43,'apple'),(5,44,'spoon'),(5,45,'carpet'),(5,46,'wallpaper'),(5,47,'amount; much, a lot'),(5,49,'leaf'),(5,52,'red'),(5,53,'leisure time'),(5,54,'cream'),(5,55,'bread'),(5,56,'to grasp, to grip'),(5,57,'to set, put down; to sit down'),(5,58,'to improve'),(5,59,'to eat'),(5,60,'to stick, prick, sting'),(5,61,'to go'),(5,62,'to tickle, tittilate'),(5,63,'to comfort, soothe'),(5,64,'silly'),(5,65,'charge, reproach, accusation'),(5,66,'annoying, irritating'),(5,67,'necessary, due, required'),(5,68,'to tease, taunt'),(5,69,'to chide, rebuke, berate'),(5,70,'affectation, preciosity'),(5,71,'abomination, something loathesome'),(5,73,'hall, large room'),(5,74,'precious, valuable'),(5,75,'to pull, to tug'),(5,76,'to imitate, mimic, clone'),(5,79,'gem, piece de resistance'),(5,80,'the head'),(5,81,'strange, peculiar'),(5,82,'matter, thing, affair'),(5,83,'an hour, a time period'),(5,84,'purpose, objective'),(5,86,'dilemma, awkward position'),(5,87,'an affront, insult'),(5,88,'a failure, flop'),(5,89,'worse'),(5,90,'to shake something'),(5,91,'face, countenance'),(5,92,'to gather'),(5,93,'to eavesdrop'),(5,94,'to continue, to proceed'),(5,95,'to carry, wear, support, bear'),(5,96,'certainly'),(5,97,'to assume, infer'),(5,98,'to accomplish, to create'),(5,100,'to give'),(5,109,'property, assets'),(5,110,'a hole'),(5,111,'hot'),(5,112,'adventure, escapade'),(5,113,'to fall, crash'),(5,114,'to estimate, reckon, value, assess'),(5,115,'horseshoe'),(5,116,'upright, vertical'),(5,117,'to mount, install'),(5,118,'to recollect, remember, recall'),(5,119,'to miss (someone), to long for'),(5,120,'petty, small-minded'),(5,121,'bleak, gloomy'),(5,122,'sinister, creepy'),(5,123,'bed'),(5,124,'to await, to expect'),(5,125,'to invite'),(5,126,'to introduce (someone), present, suggest'),(5,127,'short'),(5,128,'wavy, curly (of hair)'),(5,129,'straight (of hair)'),(5,130,'funny'),(5,131,'nickname'),(5,132,'eye'),(5,133,'a pair of eyeglasses (you don\'t wear brillen, you wear a brille)'),(5,134,'hobby'),(5,135,'thirst'),(5,136,'hair'),(5,137,'color'),(5,138,'to serve (guests)'),(5,139,'wheel'),(5,140,'steering wheel'),(5,141,'caterpillar'),(5,142,'science'),(5,143,'industry, business, commerce'),(5,144,'society'),(5,145,'a conversation'),(5,146,'view, opinion'),(5,147,'cloud'),(5,148,'(dinner) plate'),(5,149,'watery'),(5,150,'wohlschmeckend'),(5,151,'choice, selection'),(5,152,'result'),(5,153,'researcher, research scientist'),(5,154,'to test, check, survey'),(5,155,'to balance out'),(5,156,'to serve, to dish up'),(5,157,'to ascertain, experience, detect'),(5,158,'chicken'),(5,159,'unhappy, dissatisfied'),(5,160,'to run, stream, flow'),(5,161,'fat'),(5,162,'to hurry'),(5,163,'child'),(5,164,'shark'),(5,165,'certain'),(5,166,'surprise(!)'),(5,167,'to hide, stash'),(5,168,'mole (animal)'),(5,169,'duck (vogel)'),(5,170,'bird'),(5,171,'to become, to get (to a point)'),(5,172,'viscious (biting)'),(5,173,'to clean'),(5,174,'to pass (traffic)'),(5,175,'to cross (over)'),(5,176,'to turn around'),(5,177,'to fix, adjust'),(5,178,'to like something'),(5,179,'to be allowed to, may'),(5,180,'blanket.  also, ceiling.'),(5,181,'river'),(5,182,'juice'),(5,183,'idea, notion'),(5,184,'sign (shield)'),(5,185,'gas station'),(5,186,'father'),(5,187,'picture'),(5,188,'female cousin'),(5,189,'mother'),(5,190,'city'),(5,191,'son'),(5,192,'daughter'),(5,193,'farmer'),(5,194,'written composition'),(5,195,'biologie (as school subject)'),(5,196,'social studies'),(5,197,'answer'),(5,198,'assignment, homework'),(5,199,'pencil'),(5,200,'a case for holding something'),(5,201,'ballpoint pen'),(5,202,'pupil, student'),(5,203,'morning'),(5,204,'instruction, class'),(5,205,'table, blackboard'),(5,206,'sponge'),(5,207,'page (in a book)'),(5,208,'history'),(5,209,'geography'),(5,210,'number'),(5,211,'connection'),(5,212,'invitation'),(5,213,'nut (food)'),(5,214,'fur, hide'),(5,215,'die (cube with numbers)'),(5,216,'fender, mudguard'),(5,217,'bulldozer'),(5,218,'dump truck'),(5,219,'to mount, to fasten to something'),(5,220,'frequency, occurrence'),(5,221,'to reduce (something)'),(5,222,'to increase (something)'),(5,223,'bumper (car or truck part)'),(5,224,'steam shovel'),(5,226,'exhaust pipe'),(5,227,'tire (on a car, etc)'),(5,228,'smoke'),(5,229,'smokestack, chimney'),(5,230,'porthole on a ship'),(5,231,'star'),(5,232,'triangle'),(5,233,'square'),(5,234,'circle, ring'),(5,235,'helicopter'),(5,236,'wall'),(5,237,'border, limit'),(5,239,'suit (men\'s clothing)'),(5,240,'belt'),(5,241,'one\'s size (of clothing)'),(5,242,'shirt'),(5,243,'pants'),(5,244,'hat'),(5,245,'jacket'),(5,246,'coat'),(5,247,'waist size'),(5,248,'chest width'),(5,249,'one\'s height'),(5,250,'meter (unit of length)'),(5,251,'foot'),(5,252,'necktie'),(5,253,'heavy-duty truck, bigrig'),(5,254,'sleigh, sledge'),(5,255,'to support, maintain; sich ernhren to be nourished'),(5,256,'should, to have to'),(5,257,'important'),(5,258,'thereby, therefore'),(5,259,'to serve, offer, provide'),(5,260,'a dish, a serving'),(5,261,'to telephone, to call up'),(5,262,'vacation'),(5,263,'quiet, peace'),(5,264,'beautiful, splendid'),(5,265,'quiet'),(5,266,'a concert'),(5,267,'boat'),(5,268,'afternoon'),(5,269,'rest, relaxation'),(5,270,'even'),(5,271,'to envy'),(5,272,'a decision, a move'),(5,274,'toy blocks'),(5,275,'ball, sphere'),(5,276,'seefahrer'),(5,277,'city map'),(5,278,'a question'),(5,279,'lake'),(5,280,'to see'),(5,281,'to want to'),(5,282,'must, to have to'),(5,283,'to be able to, can'),(5,284,'to come to a stop; to keep'),(5,285,'floor'),(5,286,'piano'),(5,287,'certain'),(5,288,'often, frequently'),(5,289,'fear'),(5,290,'to request, ask; more at desire'),(5,291,'etwas benutzen'),(5,292,'relation, relationship'),(5,293,'word'),(5,294,'a present, a gift'),(5,295,'still, anyway'),(5,296,'good feeling, well-being'),(5,297,'to get started, to get going'),(5,298,'to agree, endorse'),(5,299,'to mention'),(5,300,'an event'),(5,301,'a room; room, space for'),(5,302,'firecracker'),(5,303,'to rock, to swing'),(5,304,'honest'),(5,305,'the rhine river'),(5,306,'monkey'),(5,307,'geschft'),(5,308,'whale'),(5,309,'crow'),(5,310,'mouse'),(5,311,'turtle'),(5,312,'snake'),(5,313,'eagle'),(5,314,'fork'),(5,315,'knife'),(5,316,'toothbrush'),(5,317,'tooth'),(5,318,'actually, effectively'),(5,319,'to spend, consume, use up'),(5,320,'basket'),(5,321,'the end or close of something'),(5,322,'hardly, barely'),(5,323,'to assume, suppose, suspect'),(5,324,'suspicious, suspect'),(5,325,'allegedly, supposedly'),(5,326,'editorial office (e.g. newspaper)'),(5,327,'several'),(5,328,'to arrest'),(5,329,'an attack'),(5,330,'an attack'),(5,331,'to watch, to observe'),(5,332,'to kill'),(5,333,'to request, proclaim'),(5,334,'supposed, suspected'),(5,335,'to miss, overlook, omit'),(5,336,'memory'),(5,337,'location'),(5,338,'back, rear of something (e.g. a craft)'),(5,339,'to crash, to fall down'),(5,340,'to lend'),(5,341,'election'),(5,342,'animal'),(5,343,'mammal'),(5,344,'to grow, to raise (something)'),(5,345,'als tier nahrung aufnehmen'),(5,346,'to worry, interrupt, disturb'),(5,347,'die fr einen hund typischen laute von sich geben'),(5,348,'hamster'),(5,349,'1. essen fr tiere.  2.  lining of a coat'),(5,350,'to be called, to be named (something)'),(5,351,'to handle'),(5,352,'to stroke, to pet'),(5,353,'to scratch'),(5,354,'rabbit'),(5,355,'to (go) get'),(5,356,'neck'),(5,357,'deer, stag'),(5,358,'baboon'),(5,359,'to explain'),(5,360,'capital city'),(5,361,'a board, a plank'),(5,362,'bone'),(5,363,'to throw dice'),(5,364,'victim, mark (of a con)'),(5,365,'a building'),(5,366,'to set fire to something'),(5,367,'an incendiary device'),(5,368,'to burn something'),(5,369,'to store something (vt), to be stored (vi)'),(5,370,'suspect, perpetrator'),(5,371,'to clear, delete, extinguish'),(5,372,'a lead, a trace, a hint'),(5,373,'butterfly'),(5,374,'to answer'),(5,375,'to thank'),(5,376,'to lack, to want, to be missing (something)'),(5,377,'to follow'),(5,378,'to be pleasing, to like'),(5,379,'to belong to'),(5,380,'to believe'),(5,381,'to help'),(5,382,'to happen, pass, occur'),(5,383,'to pardon, forgive'),(5,385,'to taste, have a flavor'),(5,386,'greeting, salutation (of a letter)'),(5,387,'a letter'),(5,388,'the date'),(5,389,'an adult'),(5,390,'greeting'),(5,391,'month'),(5,392,'a place, a locale'),(5,393,'post office'),(5,394,'signature'),(5,395,'food, a meal'),(5,396,'cake'),(5,397,'a singer'),(5,398,'sender (of a letter, etc)'),(5,399,'postal stamp'),(5,400,'finally, last of all'),(5,401,'to depart'),(5,402,'to arrive'),(5,403,'to tidy up'),(5,404,'to spend, issue, deal'),(5,405,'to drop, diminish, lose weight'),(5,406,'to teach, instill'),(5,407,'to go along'),(5,408,'to think about, consider'),(5,409,'to prepare'),(5,410,'to kill'),(5,411,'to run away'),(5,412,'to go back'),(5,413,'to close, shut'),(5,414,'to rinse off'),(5,415,'to open'),(5,416,'to look like, appear as'),(5,417,'to stand by'),(5,418,'to avoid, stay away'),(5,420,'to take along'),(5,421,'to follow'),(5,422,'to read aloud'),(5,423,'to die'),(5,424,'to go away'),(5,425,'to stay behind'),(5,426,'to increase'),(5,427,'to tear down, demolish'),(5,428,'to begin'),(5,430,'to injure, harm, violate'),(5,431,'a decision, judgement'),(5,432,'a sea change, an about face'),(5,433,'to steal'),(5,434,'awful, terrible, nasty'),(5,435,'to suggest, recommend'),(5,436,'a pair of something'),(5,437,'to occur, to take place'),(5,438,'obvious'),(5,439,'to rend, to tear up'),(5,440,'to manage with, get by on'),(5,441,'germ'),(5,442,'rails, tracks (of trains)'),(5,443,'a train'),(5,444,'to get, to obtain'),(5,445,'railroad switching yard'),(5,446,'to count'),(5,447,'to take into account, account for'),(5,448,'survivable'),(5,449,'uneasy, strained'),(5,450,'position, situation'),(5,451,'to defend'),(5,452,'marriage certificate'),(5,453,'verbatim'),(5,454,'list'),(5,455,'borough, district'),(5,456,'community'),(5,457,'to witness'),(5,458,'an agreement, a covenant'),(5,459,'a seal, a signet'),(5,460,'the affixing of a seal, a stamp of certification'),(5,461,'an excerpt, an extract'),(5,462,'chalk'),(5,463,'various, diverse, a mixed bag'),(5,464,'an apron'),(5,465,'to dissolve, disperse'),(5,466,'to astound, baffle, amaze'),(5,467,'a boot'),(5,468,'to spur on'),(5,469,'an achievement, score'),(5,470,'a step, a pace'),(5,471,'a location, a place'),(5,472,'a battle, a struggle'),(5,473,'a goal, an objective'),(5,474,'to reach, attain'),(5,475,'to run down (i.e. descending), to run along a path.  intransitive verb.'),(5,476,'to win'),(5,477,'to surround'),(5,478,'to beat, strike.  also, to defeat'),(5,479,'in the morning'),(5,480,'butter'),(5,481,'fishing boat'),(5,482,'harbor'),(5,483,'climate'),(5,484,'small shrimp'),(5,485,'cow'),(5,486,'mackerel'),(5,487,'mast (of a boat)'),(5,488,'the sea'),(5,489,'milk'),(5,490,'mussel'),(5,491,'a (fishing) net'),(5,492,'flounder'),(5,493,'animal husbandry'),(5,494,'pasture'),(5,495,'meadow, lawn'),(5,496,'the wind'),(5,497,'hotel, inn'),(5,498,'business center'),(5,499,'a reason'),(5,500,'generous'),(5,501,'kitchen; food'),(5,502,'customer'),(5,503,'a salesman'),(5,504,'a room'),(5,505,'to compare'),(5,506,'to deliver, provide, supply'),(5,507,'to blow (of wind)'),(5,508,'wie immer, hufig'),(5,509,'especially'),(5,510,'black and white'),(5,511,'rather'),(5,512,'several, some, a few'),(5,513,'frei von schmutz, rein'),(5,514,'beer'),(5,515,'a fat man'),(5,516,'a towel'),(5,517,'people (plural only)'),(5,518,'coffee'),(5,519,'restaurant'),(5,520,'key'),(5,521,'a tray'),(5,522,'tea'),(5,523,'table'),(5,524,'a tip'),(5,525,'laundry'),(5,526,'to order, e.g. in a restaurant'),(5,527,'to iron, press (of laundry)'),(5,528,'to owe'),(5,529,'to stay overnight'),(5,530,'mean, nasty'),(5,531,'yesterday'),(5,532,'right away'),(5,533,'dishes'),(5,534,'a napkin'),(5,535,'dishwasher'),(5,536,'to empty, to clear out'),(5,537,'to fill, pour'),(5,538,'to bottle a liquid'),(5,539,'boy'),(5,540,'a hedge'),(5,541,'hedge clippers'),(5,542,'engineer'),(5,543,'lawn mower'),(5,544,'salamander'),(5,545,'a bird\'s nest'),(5,546,'a plant'),(5,547,'plastic bag'),(5,548,'lawn'),(5,549,'a trip, journey'),(5,550,'a rose'),(5,551,'a bush'),(5,552,'a weed'),(5,553,'to weed a garden'),(5,554,'to lay, put'),(5,555,'to do, perform'),(5,556,'to tie, fasten to'),(5,557,'to water'),(5,558,'to cut'),(5,559,'therefore'),(5,560,'empty'),(5,561,'tree'),(5,562,'a bee'),(5,563,'a housefly'),(5,564,'honey'),(5,565,'june bug'),(5,566,'lady bug'),(5,567,'mosquito'),(5,568,'earthworm'),(5,569,'snail'),(5,570,'wasp'),(5,571,'to fly'),(5,572,'to crawl'),(5,573,'to buzz (e.g. a fly)'),(5,574,'to sweep'),(5,575,'to rake'),(5,576,'broom'),(5,577,'an entrance'),(5,578,'tool, utensil'),(5,579,'a ladder'),(5,580,'a carnation'),(5,581,'a rake'),(5,582,'to grow'),(5,583,'a hose'),(5,584,'a (social) movement'),(5,585,'to displace, force out'),(5,586,'immunization, vaccination'),(5,587,'bracelet'),(5,588,'blouse'),(5,589,'birthday'),(5,590,'a receipt'),(5,591,'a dress'),(5,592,'pullover (sweater, shirt, etc)'),(5,593,'pajamas'),(5,594,'a handbag'),(5,596,'to unpack, unwrap'),(5,597,'to exchange (of merchandise)'),(5,598,'to look at'),(5,599,'to keep, save'),(5,600,'to shrink'),(5,601,'to guess'),(5,602,'tight'),(5,603,'curious'),(5,604,'to put on clothes'),(5,605,'stocking, sock'),(5,606,'cup, container'),(5,607,'a pear'),(5,608,'a bunch (of radishes, etc)'),(5,609,'an egg'),(5,610,'cucumber'),(5,611,'cheese'),(5,612,'cherry'),(5,613,'groceries (pl. only)'),(5,614,'flour'),(5,615,'dairy products'),(5,616,'fruit'),(5,617,'peach'),(5,618,'plum'),(5,619,'lettuce'),(5,620,'salt'),(5,621,'tomato'),(5,622,'grape'),(5,623,'sugar'),(5,624,'yogurt'),(5,625,'beef'),(5,626,'proprietor, owner'),(5,627,'weight'),(5,628,'meat'),(5,629,'butcher'),(5,630,'butcher shop'),(5,631,'to weigh'),(5,632,'to cut off'),(5,633,'shelter'),(5,634,'ohne obdach'),(5,635,'government, administration'),(5,636,'to review, discuss, critique'),(5,637,'a product, an example'),(5,638,'to leave something'),(5,639,'supposed, putative'),(5,640,'to snag, to snare'),(5,641,'useful, helpful'),(5,642,'to congratulate'),(5,643,'to fit (of clothes)'),(5,644,'boutique'),(5,645,'scarf'),(5,646,'pantsuit'),(5,647,'clothing, clothes'),(5,648,'woman\'s suit'),(5,649,'cap (clothing)'),(5,650,'price'),(5,651,'skirt'),(5,652,'the willies, the creeps'),(5,653,'to happen, to occur'),(5,654,'heat'),(5,655,'snow'),(5,656,'thunderstorm'),(5,657,'spring'),(5,659,'autumn'),(5,660,'winter'),(5,661,'to cause'),(5,662,'unsettled, inclement'),(5,663,'to influence'),(5,664,'forecast, e.g. weather'),(5,665,'moderately'),(5,666,'mainly'),(5,667,'occasionally'),(5,668,'to recognize, see, understand'),(5,669,'tentative, timid'),(5,670,'hereditary'),(5,671,'mystery, puzzle'),(5,672,'to lose (something)'),(5,673,'anger, wrath'),(5,674,'courage'),(5,675,'grass'),(5,676,'shadow, shade'),(5,677,'beach'),(5,678,'battle'),(5,679,'to defend oneself'),(5,680,'to pick up someone, pay a call to someone'),(5,681,'to dry something off'),(5,682,'to splash'),(5,683,'to grab'),(5,684,'mean, cruel'),(5,685,'belly, abdomen'),(5,686,'stone'),(5,687,'to disappear'),(5,688,'to change clothes'),(5,689,'to submerge, dive'),(5,690,'one\'s back'),(5,691,'to get undressed'),(5,692,'arm'),(5,693,'leg'),(5,694,'chin'),(5,695,'lip'),(5,696,'nose'),(5,697,'forehead'),(5,698,'silverware, utensils'),(5,699,'waitress'),(5,700,'(car) breakdown'),(5,701,'to stir (e.g. a beverage)'),(5,702,'a roast'),(5,703,'entree, main course'),(5,704,'meal time'),(5,705,'a care, a worry'),(5,706,'dessert'),(5,707,'coin'),(5,708,'cellar'),(5,709,'junk'),(5,710,'(1) floor, story; (2) a stick, cane'),(5,711,'bathroom (toilet & sink only)'),(5,712,'stairs, staircase'),(5,713,'to inherit'),(5,714,'attic, loft'),(5,715,'grinning'),(5,716,'industrious, busy, diligent'),(5,717,'to sigh'),(5,718,'final exams'),(5,719,'to brush up; cram for a test'),(5,720,'experience'),(5,721,'to root around, glean'),(5,722,'sorrow, shame'),(5,723,'to upset, disturb'),(5,724,'a feast, a big spread'),(5,725,'clumsy, awkward'),(5,726,'carton, case of something'),(5,727,'almost, nearly'),(5,728,'swoon, fainting'),(5,729,'to moan, groan'),(5,730,'to discover'),(5,731,'a cave'),(5,732,'to look in, peek in'),(5,733,'to decide, conclude'),(5,734,'small box, checkbox (e.g. in a ledger or game)'),(5,735,'to encourage'),(5,736,'to make up or invent (e.g. a story)'),(5,737,'terrible, formidable, frightful'),(5,738,'to steer, pilot (e.g. a ship)'),(5,739,'to smash'),(5,740,'otherwise, or else'),(5,741,'absolutely, unconditionally'),(5,742,'to work out, to go smoothly'),(5,743,'wick of a candle'),(5,744,'excitement, a flustered state'),(5,745,'branch, twig of a tree'),(5,746,'shapely, buxom'),(5,747,'to bend'),(5,748,'frost'),(5,750,'to echo, resound, reverberate'),(5,751,'tight, taut.  also, plumped up'),(5,752,'to coffer, put away safely'),(5,753,'discontinuous, interrupted'),(5,754,'to construct, cobble together'),(5,755,'victory, triumph'),(5,756,'to choose, elect'),(5,757,'box'),(5,758,'ostrich'),(5,759,'cash drawer, a till'),(5,760,'to blush'),(5,761,'to bend, to stoop (reflexive verb)'),(5,763,'to blink, wink, bat one\'s eyelashes'),(5,764,'cruel'),(5,765,'execution (i.e. death sentence)'),(5,766,'waste'),(5,767,'to outlaw'),(5,768,'someday, sometime'),(5,769,'refugee'),(5,770,'bloodthirsty'),(5,771,'proof, evidence'),(5,772,'particular, detailed'),(5,773,'to cover (e.g. expenses, a course)'),(5,774,'to compile, create, devise'),(5,775,'safety, security'),(5,776,'precaution'),(5,777,'attorneyship, the bar'),(5,778,'to block, lock out'),(5,779,'intentionally, on purpose'),(5,780,'design, pattern'),(5,781,'to make, produce'),(5,782,'doubt'),(5,783,'to learn, to experience'),(5,784,'accident, misfortune'),(5,785,'a message, a meaning'),(5,786,'forgiveness'),(5,787,'distress, despair'),(5,788,'(vr) sich lohnen to be worth something, worthwhile'),(5,789,'public, publically'),(5,790,'to trust'),(5,791,'to wish (for)'),(5,792,'telescope'),(5,793,'can (for food)'),(5,794,'sheet metal'),(5,795,'steam'),(5,796,'mountain goat'),(5,798,'eine groe masse von eis im hochberge'),(5,799,'a collection'),(5,800,'dried fruit'),(5,801,'rails (for trains)'),(5,802,'counter, ticket window'),(5,803,'a prank'),(5,804,'fun, jokes, pleasantries'),(5,805,'to tell a fib'),(5,806,'to trade'),(5,807,'to scare away'),(5,808,'ereignis, das groen schaden anrichtet'),(5,809,'to target, to wreak'),(5,810,'container'),(5,811,'plastik'),(5,812,'to decorate'),(5,813,'ingredients (plural only)'),(5,814,'miteinander vermischen'),(5,815,'to get, to obtain'),(5,816,'tatschlich, wirklich'),(5,817,'tongue'),(5,818,'to push'),(5,819,'saliva'),(5,820,'knuckle'),(5,821,'sprout'),(5,822,'cruelty'),(5,823,'to swap'),(5,824,'trade'),(5,825,'to screen, guard, protect'),(5,826,'force, power'),(5,827,'to view, to regard'),(5,828,'a take, a catch (e.g. fishing)'),(5,829,'to tame'),(5,830,'bank (of a river)'),(5,831,'bones'),(5,832,'finne des fisch'),(5,833,'to exhaust something (make tired)'),(5,834,'horns, antlers'),(5,835,'wisdom'),(5,836,'defiance'),(5,837,'kluft'),(5,838,'condition, proviso'),(5,839,'gallows'),(5,840,'a chance, a risk'),(5,841,'naher, am nchsten'),(5,842,'verstecken'),(5,843,'to tell, explain, relate'),(5,844,'trouble, effort'),(5,845,'crane (bird)'),(5,846,'tremendous, redoubtable, fearsome'),(5,847,'feather, plume'),(5,848,'fox'),(5,849,'concurrent, the same (usu. time)'),(5,850,'dummkopf, schwachkopf, usw'),(5,851,'to shrug'),(5,852,'a castle'),(5,853,'delay, respite'),(5,854,'innocent, not culpable'),(5,855,'need, necessity'),(5,856,'racket, noise'),(5,857,'guy, chap, bloke'),(5,858,'roads, traffic'),(5,859,'being off-form, having a bad day.  also, sagging.'),(5,860,'ein platz, in dem tiere gehalten werden'),(5,861,'sharfer nagel bei tieren'),(5,862,'predator'),(5,863,'tier, das nicht im rudel lebt'),(5,864,'zusammenlebende gruppe wildlebender sugetiere'),(5,865,'whrend des tages'),(5,866,'to creep, prowl, tiptoe'),(5,867,'one\'s catch, one\'s prey'),(5,868,'camouflage'),(5,869,'ham'),(5,870,'to descend from, originate'),(5,871,'race, breed'),(5,872,'swan'),(5,873,'aggressive'),(5,874,'sitting (zb. brtende vgel, brtende hitze)'),(5,875,'bankrott, illiquide'),(5,876,'zahlungsunfhig, kein geld mehr haben'),(5,877,'salary'),(5,878,'the rent'),(5,879,'a good (econ.), usu. plural'),(5,880,'to excite, stimulate'),(5,881,'area, region'),(5,882,'to smell (vi and vt)'),(5,883,'to hold, contain'),(5,884,'marsupial'),(5,885,'to suckle'),(5,886,'to act (as), to appear'),(5,887,'to wonder (about), to deliberate, ponder'),(5,888,'lazy'),(5,889,'to replace'),(5,890,'to lay down'),(5,891,'fairy tale'),(5,892,'fairy'),(5,893,'to punish'),(5,894,'to fulfill'),(5,895,'to pledge, promise'),(5,896,'to yawn'),(5,897,'seed, also semen'),(5,898,'pollination'),(5,899,'mushroom'),(5,900,'grain'),(5,901,'root (of plants)'),(5,902,'von hohem wert; kostbar'),(5,903,'artificial'),(5,904,'aerospace, the space age'),(5,905,'endlich, zuletzt'),(5,906,'a living creature'),(5,907,'junges schwein'),(5,908,'rodent'),(5,909,'squirrel'),(5,910,'vinegar'),(5,911,'to remain, persist'),(5,912,'diluted'),(5,913,'acid'),(5,914,'skin'),(5,915,'a fluid, a liquid'),(5,916,'edible, palatable'),(5,917,'pass, id card'),(5,918,'awful, lousy, terrible'),(5,919,'secret'),(5,920,'madness, insanity'),(5,921,'to be afraid of, to regret'),(5,922,'to wipe out'),(5,923,'to curse, damn'),(5,924,'bullseye'),(5,925,'resistance (combat)'),(5,926,'war'),(5,927,'race car driver'),(5,928,'such (dieser word)'),(5,929,'motorcycle'),(5,930,'pension'),(5,931,'to employ'),(5,932,'as well, too, equally'),(5,933,'widow'),(5,934,'sheets, panes; dnne scheiben - plastic wrap'),(5,935,'to powder, dust, sprinkle'),(5,936,'radish'),(5,937,'prince'),(5,938,'power (over someone/something)'),(5,939,'beet or turnip (?)'),(5,940,'taxes'),(5,941,'to lower, reduce'),(5,942,'eine aussage, eine erklrung'),(5,943,'wortgetreu'),(5,944,'to distinguish, differentiate'),(5,945,'to form, construct, pattern'),(5,946,'the present'),(5,947,'benutzung, verwendung'),(5,948,'can be fulfilled or discharged'),(5,949,'funnel'),(5,950,'auerdem, darber hinaus'),(5,951,'to pour'),(5,952,'to propose, suggest'),(5,953,'pipe, tube'),(5,954,'hairdresser'),(5,955,'surplus, extra'),(5,956,'custom, convention'),(5,957,'dull, thudding (of sound)'),(5,958,'to accentuate'),(5,959,'to span, to stretch'),(5,960,'to curve, to arch (something)'),(5,961,'to enhance, accentuate'),(5,962,'to annoy, irritate, make angry'),(5,963,'a mistake, error, defect'),(5,964,'a turkey'),(5,965,'tail (of an animal)'),(5,966,'anfnglich'),(5,967,'unicorn'),(5,968,'a thief'),(5,969,'to clear away, remove'),(5,970,'ein beuteltier, der in austrailen wohnt'),(5,972,'eine konjunktion, die korrespondiert mit \"aber\".  zb \"um es genauer zu sagen\"'),(5,973,'ein nageltier, der mit den hasen verwandt'),(5,974,'to fire a weapon'),(5,975,'power, force'),(5,976,'trajectory'),(5,977,'to arise, be developed from something'),(5,978,'to hollow out something'),(5,979,'radio (more at broadcast range)'),(5,980,'radio receiver'),(5,981,'ein bericht, eine nachricht'),(5,982,'lines (for telephone, electricity, etc)'),(5,983,'wireless'),(5,984,'to beam, to transmit'),(5,985,'barrier, obstacle'),(5,986,'to communicate, convey, transmit'),(5,987,'statements that are communicated'),(5,988,'a forward in a soccer game'),(5,989,'defender (in ball sports)'),(5,990,'to close off, to bar'),(5,991,'hay (futter fr tiere)'),(5,992,'oats'),(5,993,'to carry away'),(5,994,'ein krach; etwas klingeln'),(5,995,'(vr) to become lost'),(5,996,'strange, odd'),(5,997,'shaggy'),(5,998,'to dash, to dart'),(5,999,'rays'),(5,1000,'lamp, light'),(5,1001,'level-headed, cool'),(5,1002,'although, despite'),(5,1003,'jmdm. eine nachricht zukommen lassen, jmdn. von etw. unterrichten'),(5,1004,'to trip, stumble'),(5,1005,'to seem, to appear; to shine'),(5,1006,'to lead'),(5,1007,'to stumble, to slip'),(5,1008,'wo wasser herauskommt'),(5,1009,'to freeze, to be cold'),(5,1010,'to loan, to lend'),(5,1011,'to lie, to tell a lie'),(5,1012,'to pull'),(5,1013,'to pant, usu. dogs'),(5,1014,'moisture'),(5,1015,'to evaporate'),(5,1016,'a draft, airflow'),(5,1017,'to care for; to ensure'),(5,1018,'to move'),(5,1019,'to whither, fade away'),(5,1020,'(industrial) production'),(5,1021,'kleiner, in der regel runder see ohne abfluss'),(5,1022,'infection'),(5,1023,'stuff, material'),(5,1024,'touching, contact'),(5,1025,'influenza'),(5,1026,'sich auf rdern vorwrtsbewegen, fahren'),(5,1027,'locker'),(5,1028,'abgeteilter raum in einem zug'),(5,1029,'werkstcke aus metall order kunststoff durch wrme oder druck fest miteinander verbinden'),(5,1030,'pressure'),(5,1031,'vise, screw clamp'),(5,1032,'together, next to each other'),(5,1033,'joint, seam'),(5,1034,'glowing from heat'),(5,1035,'a bar, a staff'),(5,1036,'one\'s balance'),(5,1037,'disturbed, perturbed'),(5,1038,'to vomit'),(5,1039,'dizzy'),(5,1040,'soft, pleasant, comfortable'),(5,1041,'namely, that is to say'),(5,1042,'crawl (swimming)'),(5,1043,'butterfly stroke (swimming)'),(5,1044,'bowl; swimming pool; cymbals'),(5,1045,'about, approximately'),(5,1046,'publisher'),(5,1047,'ein kind in sich tragend (frauen)'),(5,1048,'pregnant (of animals)'),(5,1049,'sehr klein'),(5,1050,'weibliches geschlectsorgan, darin das befruchtete ei wchst'),(5,1051,'to feel, to sense'),(5,1052,'gland'),(5,1053,'to eliminate, secrete'),(5,1054,'poet'),(5,1055,'power, ability, a feature, a skill'),(5,1056,'to bite'),(5,1057,'to whistle'),(5,1058,'to write'),(5,1059,'to remain silent'),(5,1060,'to argue'),(5,1061,'to order, to command'),(5,1062,'to break'),(5,1063,'to raise, lift up'),(5,1064,'to take'),(5,1065,'to close'),(5,1066,'to meet'),(5,1067,'to tie (something)'),(5,1068,'to find'),(5,1069,'to sing'),(5,1070,'to drink'),(5,1071,'to request'),(5,1072,'to lie down'),(5,1073,'to call'),(5,1074,'to sleep'),(5,1075,'to sit'),(5,1076,'to do'),(5,1077,'to wash'),(5,1078,'to stay, to remain'),(5,1079,'to fall asleep'),(5,1080,'to drown'),(5,1081,'to drive'),(5,1082,'to fall'),(5,1083,'to be born'),(5,1084,'to come'),(5,1085,'to run'),(5,1086,'to swim'),(5,1087,'to jump'),(5,1088,'to be'),(5,1089,'to die'),(5,1090,'fruit'),(5,1091,'chestnut'),(5,1092,'anywhere, everywhere'),(5,1093,'to make, build, do handicrafts'),(5,1094,'prickly, spiky, thorny'),(5,1095,'auf und nieder schwingen'),(5,1096,'etwas zu erklren versuchen'),(5,1097,'zeit, die kommen wird'),(5,1098,'german language'),(5,1099,'einfach, unkompliziert'),(5,1100,'man kann es hren'),(5,1101,'punishable'),(5,1102,'to surprise'),(5,1103,'musty, stale-smelling'),(5,1104,'chapter in a book'),(5,1105,'grammar'),(5,1106,'married couple (plural only)'),(5,1107,'to walk, amble'),(5,1108,'probably, likely'),(5,1109,'stray (e.g. animal)'),(5,1110,'guard, sentry, watchman'),(5,1111,'to oust, banish, chase away'),(5,1112,'to whisper'),(5,1113,'cozy, comfy'),(5,1114,'canopy over a bed, throne, etc'),(5,1115,'soft'),(5,1116,'scent, fragrance'),(5,1117,'anyhow, anyway'),(5,1118,'to establish, arrange'),(5,1119,'forest, woods'),(5,1120,'way, a way'),(5,1121,'wolf'),(5,1122,'a ship'),(5,1123,'mouth'),(5,1124,'chancellor'),(5,1125,'to buy'),(5,1126,'to contain, to incorporate'),(5,1127,'to choose, select'),(5,1128,'edge, border, frame'),(5,1129,'a drawer'),(5,1130,'a secret'),(5,1131,'wunderbar, in der art des mrchens'),(5,1132,'to argue, persuade'),(5,1133,'a slipper'),(5,1134,'charitable; of a charity'),(5,1135,'ein besuch abstatten - to pay a call/visit'),(5,1136,'a split, a crack'),(5,1137,'sich sehr schnell fortbewegen ist'),(5,1138,'a suit of armor'),(5,1139,'banister'),(5,1140,'to skid, to slide'),(5,1141,'flawless, spotless'),(5,1142,'bad luck, misfortune'),(5,1143,'a bad mark (in school); a blemish'),(5,1144,'to reconcile, agree to, (pre) arrange'),(5,1145,'(vi) to work out, to go smoothly'),(5,1146,'to fleece, rip off'),(5,1147,'the same thing'),(5,1148,'a phonograph record'),(5,1149,'to mutter, murmur'),(5,1150,'to behave; sich benehmen to behave oneself'),(5,1151,'to try, make an effort'),(5,1152,'to decline, e.g. an invitation'),(5,1153,'to sound like something'),(5,1154,'pigeon'),(5,1155,'trunk, chest'),(5,1156,'a treasure'),(5,1157,'numerous'),(5,1158,'to root around, scavenge'),(5,1159,'high-heeled shoe'),(5,1160,'wadding, padding'),(5,1161,'to crinkle (more at frown)'),(5,1162,'to give a nod'),(5,1163,'ball of wool'),(5,1164,'dickflssiger schmutz'),(5,1165,'to whine, whimper'),(5,1166,'to giggle, titter'),(5,1167,'verity; um die wahrheit zu sagen - to tell the truth'),(5,1169,'to wag (one\'s tail)'),(5,1170,'(vi or vt) to shake'),(5,1171,'to escape'),(5,1172,'exhaustion'),(5,1173,'rescue'),(5,1174,'to shatter, smash'),(5,1175,'act, scene, appearance'),(5,1176,'heath, meadow'),(5,1177,'von tieren; etwas durch kratzen mit den fen'),(6,14,'werfe'),(6,25,'arbeite'),(6,26,'tanke'),(6,27,'miete'),(6,28,'feiere'),(6,29,'schicke'),(6,31,'dauere'),(6,36,'habe'),(6,37,'zeige'),(6,38,'besuche'),(6,40,'wei'),(6,41,'kenne'),(6,56,'greife'),(6,57,'setze'),(6,58,'verbessere'),(6,59,'esse'),(6,60,'steche'),(6,61,'gehe'),(6,62,'kitzle'),(6,63,'trste'),(6,68,'stichle'),(6,69,'schelte'),(6,75,'zerre'),(6,76,'mache nach'),(6,90,'schttle'),(6,92,'raffe'),(6,93,'lausche'),(6,94,'fahre fort'),(6,95,'trage'),(6,97,'nehme an'),(6,98,'schaffe'),(6,100,'gebe'),(6,113,'strze'),(6,114,'schtze'),(6,117,'montiere'),(6,118,'erinnere'),(6,119,'vermisse'),(6,125,'lade ein'),(6,126,'stelle vor'),(6,138,'bediene'),(6,154,'prfe'),(6,155,'wiege aus'),(6,156,'tische auf'),(6,157,'stelle fest'),(6,160,'fliee'),(6,162,'eile'),(6,167,'verstecke'),(6,171,'werde'),(6,178,'mag'),(6,179,'darf'),(6,219,'befestige'),(6,221,'verringere'),(6,222,'steigere'),(6,255,'ernhren'),(6,256,'soll'),(6,259,'biete an'),(6,261,'rufe an'),(6,280,'sehe'),(6,281,'will'),(6,282,'muss'),(6,283,'kann'),(6,284,'halte'),(6,290,'verlange'),(6,291,'verwende'),(6,298,'stimme zu'),(6,299,'erwhne'),(6,303,'schaukle'),(6,319,'verbringe'),(6,323,'vermute'),(6,328,'nehme fest'),(6,331,'beobachte'),(6,332,'tte'),(6,333,'fordere'),(6,335,'versume'),(6,339,'strze ab'),(6,340,'borge'),(6,344,'zchte'),(6,345,'fresse'),(6,346,'stre'),(6,347,'belle'),(6,350,'heie'),(6,351,'fasse an'),(6,352,'streichle'),(6,353,'kratze'),(6,355,'hole'),(6,359,'erklre'),(6,366,'znde an'),(6,368,'brenne'),(6,369,'lagere'),(6,371,'lsche'),(6,374,'antworte'),(6,375,'danke'),(6,376,'fehle'),(6,377,'folge'),(6,378,'gefalle'),(6,379,'gehre'),(6,380,'glaube'),(6,381,'helfe'),(6,382,'passiere'),(6,383,'verzeihe'),(6,385,'schmecke'),(6,401,'fahre ab'),(6,402,'komme an'),(6,403,'rume auf'),(6,404,'gebe aus'),(6,405,'nehme ab'),(6,406,'bringe bei'),(6,407,'gehe mit'),(6,408,'denke nach'),(6,409,'bereite vor'),(6,410,'bringe um'),(6,411,'laufe weg'),(6,412,'gehe zurck'),(6,413,'mache zu'),(6,414,'sple ab'),(6,415,'mache auf'),(6,416,'sehe aus'),(6,417,'stehe bei'),(6,418,'bleibe fort'),(6,420,'nehme mit'),(6,421,'folge nach'),(6,422,'lese vor'),(6,423,'komme um'),(6,424,'gehe weg'),(6,425,'bleibe zurck'),(6,426,'nehme zu'),(6,427,'reie ab'),(6,428,'fange an'),(6,430,'verletze'),(6,433,'stehle'),(6,435,'empfehle'),(6,437,'finde statt'),(6,440,'komme aus'),(6,444,'bekomme'),(6,446,'rechne'),(6,447,'rechne mit'),(6,451,'verteidige'),(6,475,'laufe hinunter'),(6,476,'siege'),(6,478,'schlage'),(6,505,'vergleiche'),(6,507,'wehe'),(6,526,'bestelle'),(6,527,'mangle'),(6,528,'schulde'),(6,529,'bernachte'),(6,536,'rume aus'),(6,537,'flle ein'),(6,554,'lege'),(6,555,'verrichte'),(6,556,'binde fest'),(6,571,'fliege'),(6,582,'wachsen'),(6,598,'sehe an'),(6,604,'ziehe an'),(6,691,'ziehe aus'),(6,791,'wnsche'),(6,809,'richte an'),(6,823,'tausche'),(6,833,'erschpfe'),(6,883,'enthalte'),(6,893,'bestrafe'),(6,896,'ghne'),(6,952,'schlage vor'),(6,978,'hhle aus'),(6,1010,'leihe'),(6,1011,'lge'),(6,1012,'ziehe'),(6,1071,'bitte'),(6,1081,'fahre'),(6,1082,'falle'),(6,1083,'gebre'),(6,1084,'komme'),(6,1085,'laufe'),(6,1087,'springe'),(6,1088,'bin'),(6,1089,'sterbe'),(6,1095,'wippe'),(6,1107,'spaziere'),(6,1112,'flstere'),(6,1125,'kaufe'),(6,1126,'nehme auf'),(6,1127,'suche aus'),(6,1153,'hre an'),(6,1162,'nicke zu'),(7,14,'wirfst'),(7,25,'arbeitest'),(7,26,'tankst'),(7,27,'mietest'),(7,28,'feierst'),(7,29,'schickest'),(7,31,'dauerst'),(7,36,'hast'),(7,37,'zeigst'),(7,38,'besuchst'),(7,40,'weit'),(7,56,'greifst'),(7,57,'setzt'),(7,58,'verbesserst'),(7,59,'isst'),(7,60,'stichst'),(7,61,'gehst'),(7,62,'kitzelst'),(7,63,'trstest'),(7,68,'stichelst'),(7,69,'schiltst'),(7,75,'zerrst'),(7,76,'machst nach'),(7,90,'schttelst'),(7,92,'raffst'),(7,93,'lauscht'),(7,94,'fhrst fort'),(7,95,'trgst'),(7,97,'nimmst an'),(7,98,'schaffst'),(7,100,'gibst'),(7,113,'strzt'),(7,114,'schtzt'),(7,117,'montierst'),(7,118,'erinnerst'),(7,119,'vermisst'),(7,125,'ldst ein'),(7,126,'stellst vor'),(7,138,'bedienest'),(7,154,'prfst'),(7,155,'wiegst aus'),(7,156,'tischt auf'),(7,157,'stellst fest'),(7,160,'fliet'),(7,162,'eilst'),(7,167,'versteckst'),(7,171,'wirst'),(7,178,'magst'),(7,179,'darfst'),(7,219,'befestigst'),(7,221,'verringerst'),(7,222,'steigerst'),(7,255,'ernhrst'),(7,256,'sollst'),(7,259,'bietest an'),(7,261,'rufst an'),(7,280,'siehst'),(7,281,'willst'),(7,282,'musst'),(7,283,'kannst'),(7,284,'hltst'),(7,290,'verlangst'),(7,291,'verwendest'),(7,298,'stimmst zu'),(7,299,'erwhnst'),(7,303,'schaukelst'),(7,319,'verbringst'),(7,323,'vermutest'),(7,328,'nimmst fest'),(7,331,'beobachtest'),(7,332,'ttest'),(7,333,'forderst'),(7,335,'versumst'),(7,339,'strzt ab'),(7,340,'borgst'),(7,344,'zchtest'),(7,345,'frisst'),(7,346,'strst'),(7,347,'bellst'),(7,350,'heit'),(7,351,'fasst an'),(7,352,'streichelst'),(7,353,'kratzt'),(7,355,'holst'),(7,359,'erklrst'),(7,366,'zndest an'),(7,368,'brennst'),(7,369,'lagerst'),(7,371,'lscht'),(7,374,'antwortest'),(7,375,'dankst'),(7,376,'fehlst'),(7,377,'folgst'),(7,378,'gefllst'),(7,379,'gehrst'),(7,380,'glaubst'),(7,381,'hilfst'),(7,382,'passierst'),(7,383,'verzeihst'),(7,385,'schmeckst'),(7,401,'fhrst ab'),(7,402,'kommst an'),(7,403,'rumst auf'),(7,404,'gibst aus'),(7,405,'nimmst ab'),(7,406,'bringst bei'),(7,407,'gehst mit'),(7,408,'denkst nach'),(7,409,'bereitest vor'),(7,410,'bringst um'),(7,411,'lufst weg'),(7,412,'gehst zurck'),(7,413,'machst zu'),(7,414,'splst ab'),(7,415,'machst auf'),(7,416,'siehst auf'),(7,417,'stehst bei'),(7,418,'bleibst fort'),(7,420,'nimmst mit'),(7,421,'folgst nach'),(7,422,'liest vor'),(7,423,'kommst um'),(7,424,'gehst weg'),(7,425,'bleibst zurck'),(7,426,'nimmst zu'),(7,427,'reit ab'),(7,428,'fngst an'),(7,430,'verletzt'),(7,433,'stiehlst'),(7,435,'empfiehlst'),(7,437,'findest statt'),(7,440,'kommst aus'),(7,444,'bekommst'),(7,446,'rechnest'),(7,447,'rechnest mit'),(7,451,'verteidigst'),(7,475,'lufst hinunter'),(7,476,'siegst'),(7,478,'schlgst'),(7,505,'vergleichst'),(7,507,'wehst'),(7,526,'bestellst'),(7,527,'mangelst'),(7,528,'schuldest'),(7,529,'bernachtest'),(7,536,'rumst aus'),(7,537,'fllst ein'),(7,554,'legst'),(7,555,'verrichtest'),(7,556,'bindest fest'),(7,571,'fliegst'),(7,582,'wchst'),(7,598,'sehst an'),(7,604,'ziehst an'),(7,691,'ziehst aus'),(7,791,'wnscht'),(7,809,'richtest an'),(7,823,'tauscht'),(7,833,'erschpfst'),(7,883,'enthltst'),(7,893,'bestrafst'),(7,896,'ghnst'),(7,952,'schlgst vor'),(7,978,'hhlst aus'),(7,1010,'leihst'),(7,1011,'lgest'),(7,1012,'ziehst'),(7,1071,'bittest'),(7,1081,'fhrst'),(7,1082,'fllst'),(7,1083,'gebierst'),(7,1084,'kommst'),(7,1085,'lufst'),(7,1087,'springst'),(7,1088,'bist'),(7,1089,'stirbst'),(7,1095,'wippst'),(7,1107,'spazierst'),(7,1112,'flsterst'),(7,1125,'kaufst'),(7,1126,'nimmst auf'),(7,1127,'suchst aus'),(7,1153,'hrst an'),(7,1162,'nickst zu'),(8,14,'wirft'),(8,25,'arbeitet'),(8,26,'tankt'),(8,27,'mietet'),(8,28,'feiert'),(8,29,'schickt'),(8,31,'dauert'),(8,36,'hat'),(8,37,'zeigt'),(8,38,'besucht'),(8,40,'wei'),(8,56,'greift'),(8,57,'setzt'),(8,58,'verbessert'),(8,59,'isst'),(8,60,'sticht'),(8,61,'geht'),(8,62,'kitzelt'),(8,63,'trstet'),(8,68,'stichelt'),(8,69,'schilt'),(8,75,'zerrt'),(8,76,'macht nach'),(8,90,'schttelt'),(8,92,'rafft'),(8,93,'lauscht'),(8,94,'fhrt fort'),(8,95,'trgt'),(8,97,'nimmt an'),(8,98,'schafft'),(8,100,'gibt'),(8,113,'strzt'),(8,114,'schtzt'),(8,117,'montiert'),(8,118,'erinnert'),(8,119,'vermisst'),(8,125,'ldt ein'),(8,126,'stellt vor'),(8,138,'bedient'),(8,154,'prft'),(8,155,'wiegt aus'),(8,156,'tischt auf'),(8,157,'stellt fest'),(8,160,'fliet'),(8,162,'eilt'),(8,167,'versteckt'),(8,171,'wird'),(8,178,'mag'),(8,179,'darf'),(8,219,'befestigt'),(8,221,'verringert'),(8,222,'steigert'),(8,255,'ernhrt'),(8,256,'soll'),(8,259,'bietet an'),(8,261,'ruft an'),(8,280,'sieht'),(8,281,'will'),(8,282,'muss'),(8,283,'kann'),(8,284,'hlt'),(8,290,'verlangt'),(8,291,'verwendet'),(8,298,'stimmt zu'),(8,299,'erwhnt'),(8,303,'schaukelt'),(8,319,'verbringt'),(8,323,'vermutet'),(8,328,'nimmt fest'),(8,331,'beobachtet'),(8,332,'ttet'),(8,333,'fordert'),(8,335,'versumt'),(8,339,'strzt ab'),(8,340,'borgt'),(8,344,'zchtet'),(8,345,'frisst'),(8,346,'strt'),(8,347,'bellt'),(8,350,'heit'),(8,351,'fasst an'),(8,352,'streichelt'),(8,353,'kratzt'),(8,355,'holt'),(8,359,'erklrt'),(8,366,'zndet an'),(8,368,'brennt'),(8,369,'lagert'),(8,371,'lscht'),(8,374,'antwortet'),(8,375,'dankt'),(8,376,'fehlt'),(8,377,'folgt'),(8,378,'gefllt'),(8,379,'gehrt'),(8,380,'glaubt'),(8,381,'hilft'),(8,382,'passiert'),(8,383,'verzeiht'),(8,385,'schmeckt'),(8,401,'fhrt ab'),(8,402,'kommt an'),(8,403,'rumt auf'),(8,404,'gibt aus'),(8,405,'nimmt ab'),(8,406,'bringt bei'),(8,407,'geht mit'),(8,408,'denkt nach'),(8,409,'bereitet vor'),(8,410,'bringt um'),(8,411,'luft weg'),(8,412,'geht zurck'),(8,413,'macht zu'),(8,414,'splt ab'),(8,415,'macht auf'),(8,416,'sieht auf'),(8,417,'steht bei'),(8,418,'bleibt fort'),(8,420,'nimmt mit'),(8,421,'folgt nach'),(8,422,'liest vor'),(8,423,'kommt um'),(8,424,'geht weg'),(8,425,'bleibt zurck'),(8,426,'nimmt zu'),(8,427,'reit ab'),(8,428,'fngt an'),(8,430,'verletzt'),(8,433,'stiehlt'),(8,435,'empfiehlt'),(8,437,'findet statt'),(8,440,'kommt aus'),(8,444,'bekommt'),(8,446,'rechnet'),(8,447,'rechnet mit'),(8,451,'verteidigt'),(8,475,'lufe hinunter'),(8,476,'siegt'),(8,478,'schlgt'),(8,505,'vergleicht'),(8,507,'weht'),(8,526,'bestellt'),(8,527,'mangelt'),(8,528,'schuldet'),(8,529,'bernachtet'),(8,536,'rumt aus'),(8,537,'fllt ein'),(8,554,'legt'),(8,555,'verrichtet'),(8,556,'bindet fest'),(8,571,'fliegt'),(8,582,'wchst'),(8,598,'seht an'),(8,604,'zieht an'),(8,691,'zieht aus'),(8,791,'wnscht'),(8,809,'richtet an'),(8,823,'tauscht'),(8,833,'erschpft'),(8,883,'enthlt'),(8,893,'bestraft'),(8,896,'ghnt'),(8,952,'schlgt vor'),(8,978,'hhlt aus'),(8,1009,'friert'),(8,1010,'leiht'),(8,1011,'lgt'),(8,1012,'zieht'),(8,1026,'rollt'),(8,1071,'bittet'),(8,1081,'fhrt'),(8,1082,'fllt'),(8,1083,'gebiert'),(8,1084,'kommt'),(8,1085,'luft'),(8,1087,'springt'),(8,1088,'ist'),(8,1089,'stirbt'),(8,1095,'wippt'),(8,1107,'spaziert'),(8,1112,'flstert'),(8,1125,'kauft'),(8,1126,'nimmt auf'),(8,1127,'sucht aus'),(8,1153,'hrt an'),(8,1162,'nickt zu'),(9,14,'werfen'),(9,25,'arbeiten'),(9,26,'tanken'),(9,27,'mieten'),(9,28,'feiern'),(9,29,'schicken'),(9,31,'dauern'),(9,36,'haben'),(9,37,'zeigen'),(9,38,'besuchen'),(9,40,'wissen'),(9,41,'kennen'),(9,56,'greifen'),(9,57,'setzen'),(9,58,'verbessern'),(9,59,'essen'),(9,60,'stechen'),(9,61,'gehen'),(9,62,'kitzeln'),(9,63,'trsten'),(9,68,'sticheln'),(9,69,'schelten'),(9,75,'zerren'),(9,76,'machen nach'),(9,90,'schtteln'),(9,92,'raffen'),(9,93,'lauschen'),(9,94,'fahren fort'),(9,95,'tragen'),(9,97,'nehmen an'),(9,98,'schaffen'),(9,100,'geben'),(9,113,'strzen'),(9,114,'schtzen'),(9,117,'montieren'),(9,118,'erinnern'),(9,119,'vermissen'),(9,125,'laden ein'),(9,126,'stellen vor'),(9,138,'bedienen'),(9,154,'prfen'),(9,155,'wiegen aus'),(9,156,'tischen auf'),(9,157,'stellen fest'),(9,160,'flieen'),(9,162,'eilen'),(9,167,'verstecken'),(9,171,'werden'),(9,178,'mgen'),(9,179,'drfen'),(9,219,'befestigen'),(9,221,'verringern'),(9,222,'steigern'),(9,255,'ernhren'),(9,256,'sollen'),(9,259,'bieten an'),(9,261,'rufen an'),(9,280,'sehen'),(9,281,'wollen'),(9,282,'mssen'),(9,283,'knnen'),(9,284,'halten'),(9,290,'verlangen'),(9,291,'verwenden'),(9,298,'stimmen zu'),(9,299,'erwhnen'),(9,303,'schaukeln'),(9,319,'verbringen'),(9,323,'vermuten'),(9,328,'nehmen fest'),(9,331,'beobachten'),(9,332,'tten'),(9,333,'fordern'),(9,335,'versumen'),(9,339,'strzen ab'),(9,340,'borgen'),(9,344,'zchten'),(9,345,'fressen'),(9,346,'stren'),(9,347,'bellen'),(9,350,'heien'),(9,351,'fassen an'),(9,352,'streicheln'),(9,353,'kratzen'),(9,355,'holen'),(9,359,'erklren'),(9,366,'znden an'),(9,368,'brennen'),(9,369,'lagern'),(9,371,'lschen'),(9,374,'antworten'),(9,375,'danken'),(9,376,'fehlen'),(9,377,'folgen'),(9,378,'gefallen'),(9,379,'gehoren'),(9,380,'glauben'),(9,381,'helfen'),(9,382,'passieren'),(9,383,'verzeihen'),(9,385,'schmecken'),(9,401,'fahren ab'),(9,402,'kommen an'),(9,403,'rumen auf'),(9,404,'geben aus'),(9,405,'nehmen ab'),(9,406,'bringen bei'),(9,407,'gehen mit'),(9,408,'denken nach'),(9,409,'bereiten vor'),(9,410,'bringen um'),(9,411,'laufen weg'),(9,412,'gehen zurck'),(9,413,'machen zu'),(9,414,'splen ab'),(9,415,'machen auf'),(9,416,'sehen auf'),(9,417,'stehen bei'),(9,418,'bleiben fort'),(9,420,'nehmen mit'),(9,421,'folgen nach'),(9,422,'lesen vor'),(9,423,'kommen um'),(9,424,'gehen weg'),(9,425,'bleiben zurck'),(9,426,'nehmen zu'),(9,427,'reien ab'),(9,428,'fangen an'),(9,430,'verletzen'),(9,433,'stehlen'),(9,435,'empfehlen'),(9,437,'finden statt'),(9,440,'kommen aus'),(9,444,'bekommen'),(9,446,'rechnen'),(9,447,'rechnen mit'),(9,451,'verteidigen'),(9,475,'laufen hinunter'),(9,476,'siegen'),(9,478,'schlagen'),(9,505,'vergleichen'),(9,507,'wehen'),(9,526,'bestellen'),(9,527,'mangeln'),(9,528,'schulden'),(9,529,'bernachten'),(9,536,'rumen aus'),(9,537,'fllen ein'),(9,554,'legen'),(9,555,'verrichten'),(9,556,'binden fest'),(9,571,'fliegen'),(9,582,'wachsen'),(9,598,'sehen an'),(9,604,'ziehen an'),(9,691,'ziehen aus'),(9,791,'wnschen'),(9,809,'richten an'),(9,823,'tauschen'),(9,833,'erschpfen'),(9,883,'enthalten'),(9,893,'bestrafen'),(9,896,'ghnen'),(9,952,'schlagen vor'),(9,978,'hhlen aus'),(9,1010,'leihen'),(9,1011,'lgen'),(9,1012,'ziehen'),(9,1071,'bitten'),(9,1081,'fahren'),(9,1082,'fallen'),(9,1083,'gebren'),(9,1084,'kommen'),(9,1085,'laufen'),(9,1087,'springen'),(9,1088,'sind'),(9,1089,'sterben'),(9,1095,'wippen'),(9,1107,'spazieren'),(9,1112,'flstern'),(9,1125,'kaufen'),(9,1126,'nehmen auf'),(9,1127,'suchen aus'),(9,1153,'hren an'),(9,1162,'nicken zu'),(10,14,'werft'),(10,25,'arbeitet'),(10,26,'tankt'),(10,27,'mietet'),(10,28,'feiert'),(10,29,'schickt'),(10,31,'dauert'),(10,36,'habt'),(10,37,'zeigt'),(10,38,'besucht'),(10,40,'wit'),(10,56,'greift'),(10,57,'setzt'),(10,58,'verbessert'),(10,59,'esst'),(10,60,'stecht'),(10,61,'geht'),(10,62,'kitzelt'),(10,63,'trstet'),(10,68,'stichelt'),(10,69,'scheltet'),(10,75,'zerrt'),(10,76,'macht nach'),(10,90,'schttelt'),(10,92,'rafft'),(10,93,'lauscht'),(10,94,'fahrt fort'),(10,95,'tragt'),(10,97,'nehmt an'),(10,98,'schafft'),(10,100,'gebt'),(10,113,'strzt'),(10,114,'schtzt'),(10,117,'montiert'),(10,118,'erinnert'),(10,119,'vermisst'),(10,125,'ladt ein'),(10,126,'stellt vor'),(10,138,'bedient'),(10,154,'prft'),(10,155,'wiegt aus'),(10,156,'tischt auf'),(10,157,'stellt fest'),(10,160,'fliet'),(10,162,'eilt'),(10,167,'versteckt'),(10,171,'werdet'),(10,178,'mgt'),(10,179,'drft'),(10,219,'befestigt'),(10,221,'verringert'),(10,222,'steigert'),(10,255,'ernhrt'),(10,256,'sollt'),(10,259,'bietet an'),(10,261,'ruft an'),(10,280,'seht'),(10,281,'wollt'),(10,282,'msst'),(10,283,'knnt'),(10,284,'haltet'),(10,290,'verlangt'),(10,291,'verwendet'),(10,298,'stimmt zu'),(10,299,'erwhnt'),(10,303,'schaukelt'),(10,319,'verbringt'),(10,323,'vermutet'),(10,328,'nehmt fest'),(10,331,'beobachtet'),(10,332,'ttet'),(10,333,'fordert'),(10,335,'versumt'),(10,339,'strzt ab'),(10,340,'borgt'),(10,344,'zchtet'),(10,345,'fresst'),(10,346,'strt'),(10,347,'bellt'),(10,350,'heit'),(10,351,'fasst an'),(10,352,'streichelt'),(10,353,'kratzt'),(10,355,'holt'),(10,359,'erklrt'),(10,366,'zndet an'),(10,368,'brennt'),(10,369,'lagert'),(10,371,'lscht'),(10,374,'antwortet'),(10,375,'dankt'),(10,376,'fehlt'),(10,377,'folgt'),(10,378,'gefallt'),(10,379,'gehrt'),(10,380,'glaubt'),(10,381,'helft'),(10,382,'passiert'),(10,383,'verzeiht'),(10,385,'schmeckt'),(10,401,'fahrt ab'),(10,402,'kommt an'),(10,403,'rumt auf'),(10,404,'gebt aus'),(10,405,'nehmt ab'),(10,406,'bringt bei'),(10,407,'geht mit'),(10,408,'denkt nach'),(10,409,'bereitet vor'),(10,410,'bringt um'),(10,411,'lauft weg'),(10,412,'geht zurck'),(10,413,'macht zu'),(10,414,'splt ab'),(10,415,'macht auf'),(10,416,'seht auf'),(10,417,'steht bei'),(10,418,'bleibst fort'),(10,420,'nehmt mit'),(10,421,'folgt nach'),(10,422,'lest vor'),(10,423,'kommt um'),(10,424,'geht weg'),(10,425,'bleibt zurck'),(10,426,'nehmt zu'),(10,427,'reit ab'),(10,428,'fangt an'),(10,430,'verletzt'),(10,433,'stehlt'),(10,435,'empfehlt'),(10,437,'findet statt'),(10,440,'kommt aus'),(10,444,'bekommt'),(10,446,'rechnet'),(10,447,'rechnet mit'),(10,451,'verteidigt'),(10,475,'lauft hinunter'),(10,476,'siegt'),(10,478,'schlagt'),(10,505,'vergleicht'),(10,507,'weht'),(10,526,'bestellt'),(10,527,'mangelt'),(10,528,'schuldet'),(10,529,'bernachtet'),(10,536,'rumt aus'),(10,537,'fllt ein'),(10,554,'legt'),(10,555,'verrichtet'),(10,556,'bindet fest'),(10,571,'fliegt'),(10,582,'wachst'),(10,598,'seht an'),(10,604,'zieht an'),(10,691,'zieht aus'),(10,791,'wnscht'),(10,809,'richtet an'),(10,823,'tauscht'),(10,833,'erschpft'),(10,883,'enthaltet'),(10,893,'bestraft'),(10,896,'ghnt'),(10,952,'schlagt vor'),(10,978,'hhlt aus'),(10,1010,'leiht'),(10,1011,'lgt'),(10,1012,'zieht'),(10,1071,'bittet'),(10,1081,'fahrt'),(10,1082,'fallt'),(10,1083,'gebrt'),(10,1084,'kommt'),(10,1085,'lauft'),(10,1087,'springt'),(10,1088,'seid'),(10,1089,'sterbt'),(10,1095,'wippt'),(10,1107,'spaziert'),(10,1112,'flstert'),(10,1125,'kauft'),(10,1126,'nehmt auf'),(10,1127,'sucht aus'),(10,1153,'hrt an'),(10,1162,'nickt zu'),(11,14,'werfen'),(11,25,'arbeiten'),(11,26,'tanken'),(11,27,'mieten'),(11,28,'feiern'),(11,29,'schicken'),(11,31,'dauern'),(11,36,'haben'),(11,37,'zeigen'),(11,38,'besuchen'),(11,40,'wissen'),(11,41,'kennen'),(11,56,'greifen'),(11,57,'setzen'),(11,58,'verbessern'),(11,59,'essen'),(11,60,'stechen'),(11,61,'gehen'),(11,62,'kitzeln'),(11,63,'trsten'),(11,68,'sticheln'),(11,69,'schelten'),(11,75,'zerren'),(11,76,'machen nach'),(11,90,'schtteln'),(11,92,'raffen'),(11,93,'lauschen'),(11,94,'fahren fort'),(11,95,'tragen'),(11,97,'nehmen an'),(11,98,'schaffen'),(11,100,'geben'),(11,113,'strzen'),(11,114,'schtzen'),(11,117,'montieren'),(11,118,'erinnern'),(11,119,'vermissen'),(11,125,'laden ein'),(11,126,'stellen vor'),(11,138,'bedienen'),(11,154,'prfen'),(11,155,'wiegen aus'),(11,156,'tischen auf'),(11,157,'stellen fest'),(11,160,'flieen'),(11,162,'eilen'),(11,167,'verstecken'),(11,171,'werden'),(11,178,'mgen'),(11,179,'drfen'),(11,219,'befestigen'),(11,221,'verringern'),(11,222,'steigern'),(11,255,'ernhren'),(11,256,'sollen'),(11,259,'bieten an'),(11,261,'rufen an'),(11,280,'sehen'),(11,281,'wollen'),(11,282,'mssen'),(11,283,'knnen'),(11,284,'halten'),(11,290,'verlangen'),(11,291,'verwenden'),(11,298,'stimmen zu'),(11,299,'erwhnen'),(11,303,'schaukeln'),(11,319,'verbringen'),(11,323,'vermuten'),(11,328,'nehmen fest'),(11,331,'beobachten'),(11,332,'tten'),(11,333,'fordern'),(11,335,'versumen'),(11,339,'strzen ab'),(11,340,'borgen'),(11,344,'zchten'),(11,345,'fressen'),(11,346,'stren'),(11,347,'bellen'),(11,350,'heien'),(11,351,'fassen an'),(11,352,'streicheln'),(11,353,'kratzen'),(11,355,'holen'),(11,359,'erklren'),(11,366,'znden an'),(11,368,'brennen'),(11,369,'lagern'),(11,371,'lschen'),(11,374,'antworten'),(11,375,'danken'),(11,376,'fehlen'),(11,377,'folgen'),(11,378,'gefallen'),(11,379,'gehren'),(11,380,'glauben'),(11,381,'helfen'),(11,382,'passieren'),(11,383,'verzeihen'),(11,385,'schmecken'),(11,401,'fahren ab'),(11,402,'kommen an'),(11,403,'rumen auf'),(11,404,'geben aus'),(11,405,'nehmen ab'),(11,406,'bringed bei'),(11,407,'gehen mit'),(11,408,'denken nach'),(11,409,'bereiten vor'),(11,410,'bringen um'),(11,411,'laufen weg'),(11,412,'gehen zurck'),(11,413,'machen zu'),(11,414,'splen ab'),(11,415,'machen auf'),(11,416,'sehen auf'),(11,417,'stehen bei'),(11,418,'bleiben fort'),(11,420,'nehmen mit'),(11,421,'folgen nach'),(11,422,'lesen vor'),(11,423,'kommen um'),(11,424,'gehen weg'),(11,425,'bleiben zurck'),(11,426,'nehmen zu'),(11,427,'reien ab'),(11,428,'fangen an'),(11,430,'verletzen'),(11,433,'stehlen'),(11,435,'empfehlen'),(11,437,'finden statt'),(11,440,'kommen aus'),(11,444,'bekommen'),(11,446,'rechnen'),(11,447,'rechnen mit'),(11,451,'verteidigen'),(11,475,'laufen hinunter'),(11,476,'siegen'),(11,478,'schlagen'),(11,505,'vergleichen'),(11,507,'wehen'),(11,526,'bestellen'),(11,527,'mangeln'),(11,528,'schulden'),(11,529,'bernachten'),(11,536,'rumen aus'),(11,537,'fllen ein'),(11,554,'legen'),(11,555,'verrichten'),(11,556,'binden fest'),(11,571,'fliegen'),(11,582,'wachsen'),(11,598,'sehen an'),(11,604,'ziehen an'),(11,691,'ziehen aus'),(11,791,'wnschen'),(11,809,'richten an'),(11,823,'tauschen'),(11,833,'erschpfen'),(11,883,'enthalten'),(11,887,'berlegt'),(11,893,'bestrafen'),(11,896,'ghnen'),(11,952,'schlagen vor'),(11,978,'hhlen aus'),(11,1010,'leihen'),(11,1011,'lgen'),(11,1012,'ziehen'),(11,1051,'spren'),(11,1071,'bitten'),(11,1081,'fahren'),(11,1082,'fallen'),(11,1083,'gebren'),(11,1084,'kommen'),(11,1085,'laufen'),(11,1087,'springen'),(11,1088,'sind'),(11,1089,'sterben'),(11,1095,'wippen'),(11,1107,'spazieren'),(11,1112,'flstern'),(11,1125,'kaufen'),(11,1126,'nehmen auf'),(11,1127,'suchen aus'),(11,1153,'hren an'),(11,1162,'nicken zu'),(12,374,NULL),(12,375,NULL),(12,376,NULL),(12,377,NULL),(12,378,NULL),(12,379,NULL),(12,380,NULL),(12,381,NULL),(12,382,NULL),(12,383,NULL),(12,385,NULL),(12,642,NULL),(12,643,NULL),(16,14,'warf'),(16,25,'arbeitete'),(16,26,'tankte'),(16,27,'mietete'),(16,28,'feierte'),(16,29,'schickte'),(16,30,'heiratete'),(16,31,'daurte'),(16,36,'hatte'),(16,37,'zeigte'),(16,38,'besuchte'),(16,40,'wusste'),(16,41,'kannte'),(16,56,'griff'),(16,57,'setzte'),(16,58,'verbesserte'),(16,59,'a'),(16,60,'stach'),(16,61,'ging'),(16,62,'kitzelte'),(16,63,'trstete'),(16,68,'stichelte'),(16,69,'schalt'),(16,75,'zerrte'),(16,76,'machte nach'),(16,90,'schttelte'),(16,92,'raffte'),(16,93,'lauschte'),(16,94,'fuhr fort'),(16,95,'trug'),(16,97,'nahm an'),(16,98,'schuf'),(16,100,'gab'),(16,113,'strzte'),(16,114,'schtzte'),(16,117,'montierte'),(16,118,'erinnerte'),(16,119,'vermisste'),(16,124,'erwartete'),(16,125,'lud ein'),(16,126,'stellte vor'),(16,138,'bediente'),(16,154,'prfte'),(16,155,'wog aus'),(16,156,'tischte auf'),(16,157,'stellte fest'),(16,160,'floss'),(16,162,'eilte'),(16,167,'versteckte'),(16,171,'wurde'),(16,173,'putzte'),(16,174,'berholte'),(16,175,'berquerte'),(16,176,'kehrte um'),(16,177,'richtete'),(16,178,'mochte'),(16,179,'durfte'),(16,219,'befestigte'),(16,221,'verringerte'),(16,222,'steigerte'),(16,255,'ernhrte'),(16,256,'sollte'),(16,259,'bot an'),(16,261,'rief an'),(16,271,'beneidete'),(16,280,'sah'),(16,281,'wollte'),(16,282,'musste'),(16,283,'konnte'),(16,284,'hielt'),(16,290,'verlangte'),(16,291,'verwendete'),(16,297,'ging los'),(16,298,'stimmte zu'),(16,299,'erwhnte'),(16,303,'schaukelte'),(16,319,'verbrachte'),(16,323,'vermutete'),(16,328,'nahm fest'),(16,331,'beobachtete'),(16,332,'ttete'),(16,333,'forderte'),(16,335,'versumte'),(16,339,'strzte ab'),(16,340,'borgte'),(16,344,'zchtet'),(16,345,'fra'),(16,346,'strte'),(16,347,'bellte'),(16,350,'hie'),(16,351,'fasste an'),(16,352,'streichelte'),(16,353,'kratzte'),(16,355,'holte'),(16,359,'erklrte'),(16,363,'wrfelte'),(16,366,'zndete an'),(16,368,'brannte'),(16,369,'lagerte'),(16,371,'lschte'),(16,374,'antwortete'),(16,375,'dankte'),(16,376,'fehlte'),(16,377,'folgte'),(16,378,'gefiel'),(16,379,'gehrte'),(16,380,'glaubte'),(16,381,'half'),(16,382,'passierte'),(16,383,'verzierte'),(16,385,'schmeckte'),(16,401,'fuhr ab'),(16,402,'kam an'),(16,403,'rumte auf'),(16,404,'gab aus'),(16,405,'nahm ab'),(16,406,'brachte bei'),(16,407,'ging mit'),(16,408,'dachte nach'),(16,409,'bereitete vor'),(16,410,'brachte um'),(16,411,'lief weg'),(16,412,'ging zruch'),(16,413,'machte zu'),(16,414,'splte ab'),(16,415,'machte auf'),(16,416,'sah aus'),(16,417,'stand bei'),(16,418,'blieb fort'),(16,420,'nahm mit'),(16,421,'folgte nach'),(16,422,'las vor'),(16,423,'kam um'),(16,424,'ging weg'),(16,425,'blieb zurck'),(16,426,'nahm zu'),(16,433,'stahl'),(16,465,'lst auf'),(16,506,'lieferte'),(16,571,'flog'),(16,582,'wuchs'),(16,653,'geschah'),(16,683,'packte'),(16,689,'taucht'),(16,723,'regte auf'),(16,738,'steuerte'),(16,742,'gelang'),(16,756,'whlte'),(16,791,'wnschte'),(16,807,'verscheuchte'),(16,809,'richtete an'),(16,812,'verziert'),(16,815,'bezogen'),(16,818,'drckten'),(16,823,'tauschte'),(16,825,'schtzten'),(16,827,'betrachteten'),(16,829,'zhmten'),(16,833,'erschpfte'),(16,842,'verbarg'),(16,843,'erzhlt'),(16,851,'zuckte'),(16,866,'schlicht'),(16,870,'stammt ab'),(16,880,'regte an'),(16,882,'roch'),(16,883,'enthielt'),(16,885,'sog'),(16,886,'wirkte'),(16,887,'berlegte'),(16,893,'bestrafte'),(16,896,'ghnt'),(16,911,'bestand'),(16,931,'stellte an'),(16,951,'schttete'),(16,952,'schlug vor'),(16,959,'spannte'),(16,962,'rgerte'),(16,969,'entfernten'),(16,978,'hhlte aus'),(16,984,'strahlte aus'),(16,986,'trug ber'),(16,990,'sperrte'),(16,993,'trug davon'),(16,995,'verirrte'),(16,998,'huschte'),(16,1003,'benachrichtigte'),(16,1004,'stolperte'),(16,1005,'schien'),(16,1006,'fhrte'),(16,1009,'fror'),(16,1010,'lieht'),(16,1011,'log'),(16,1012,'zog'),(16,1051,'sprten'),(16,1064,'nahm'),(16,1071,'bat'),(16,1081,'fuhr'),(16,1082,'fiel'),(16,1083,'gebar'),(16,1084,'kam'),(16,1085,'lief'),(16,1086,'schwamm'),(16,1087,'sprang'),(16,1088,'war'),(16,1089,'starb'),(16,1093,'bastelte'),(16,1095,'wippte'),(16,1096,'deutete'),(16,1102,'berraschte'),(16,1107,'spazierte'),(16,1111,'vertrieb'),(16,1112,'flsterte'),(16,1118,'richtete ein'),(16,1125,'kaufte'),(16,1126,'nahm auf'),(16,1127,'suchte aus'),(16,1132,'berredete'),(16,1135,'stattete ab'),(16,1137,'sauste'),(16,1140,'rutschte'),(16,1145,'klappte'),(16,1149,'murrt'),(16,1150,'benahm'),(16,1151,'bemht'),(16,1152,'lehnt ab'),(16,1153,'hrte an'),(16,1158,'stbert'),(16,1162,'nickte zu'),(17,14,'geworfen'),(17,40,'gewusst'),(17,56,'gegriffen'),(17,59,'gegessen'),(17,61,'gegangen'),(17,125,'eingeladen'),(17,126,'vorgestellt'),(17,171,'geworden'),(17,259,'angeboten'),(17,280,'gesehen'),(17,284,'gehalten'),(17,290,'verlangt'),(17,291,'verwendet'),(17,344,'gezchtet'),(17,345,'gefressen'),(17,376,'gefehlt'),(17,379,'gehrt'),(17,425,'zurckgeblieben'),(17,433,'gestohlen'),(17,465,'aufgelst'),(17,478,'geschlagen'),(17,506,'geliefert'),(17,571,'geflogen'),(17,582,'gewachsen'),(17,653,'geschehen'),(17,672,'verloren'),(17,683,'gepackt'),(17,689,'getaucht'),(17,723,'aufgeregt'),(17,738,'gesteuert'),(17,742,'gelungen'),(17,756,'gewhlt'),(17,791,'gewnscht'),(17,807,'verscheucht'),(17,809,'angerichtet'),(17,812,'ziert'),(17,815,'bezogen'),(17,818,'gedrckt'),(17,823,'getauscht'),(17,825,'geschtzt'),(17,827,'betrachtet'),(17,829,'gezhmt'),(17,833,'erschpft'),(17,842,'verborgen'),(17,843,'erzhlt'),(17,851,'gezuckt'),(17,866,'geschlichen'),(17,870,'abgestammt'),(17,880,'angeregt'),(17,882,'gerochen'),(17,883,'enthalten'),(17,885,'gesogen'),(17,886,'gewirkt'),(17,887,'berlegt'),(17,893,'bestraft'),(17,896,'geghnt'),(17,911,'bestanden'),(17,931,'angestellt'),(17,951,'geschttet'),(17,952,'vorgeschlagen'),(17,959,'gespannt'),(17,961,'verstrkt'),(17,962,'gergert'),(17,969,'entfernt'),(17,978,'ausgehhlt'),(17,984,'ausgestrahlt'),(17,986,'bergetragen'),(17,990,'gesperrt'),(17,993,'davongetragen'),(17,995,'verirrt'),(17,998,'gehuscht'),(17,1003,'benachrichtigt'),(17,1004,'gestolpert'),(17,1005,'geschienen'),(17,1006,'gefhrt'),(17,1009,'gefroren'),(17,1010,'geliehen'),(17,1011,'gelogen'),(17,1012,'gezogen'),(17,1051,'sprend'),(17,1056,'gebissen'),(17,1057,'gepfiffen'),(17,1058,'geschrieben'),(17,1059,'geschwiegen'),(17,1060,'gestritten'),(17,1061,'befohlen'),(17,1062,'gebrochen'),(17,1063,'gehoben'),(17,1064,'genommen'),(17,1065,'geschlossen'),(17,1066,'getroffen'),(17,1067,'gebunden'),(17,1068,'gefunden'),(17,1069,'gesungen'),(17,1070,'getrunken'),(17,1071,'gebeten'),(17,1072,'gelegen'),(17,1073,'gerufen'),(17,1074,'geschlafen'),(17,1075,'gesessen'),(17,1076,'getan'),(17,1077,'gewaschen'),(17,1078,'geblieben'),(17,1079,'eingeschlafen'),(17,1080,'ertrunken'),(17,1081,'gefahren'),(17,1082,'gefallen'),(17,1083,'geboren'),(17,1084,'gekommen'),(17,1085,'gelaufen'),(17,1086,'geschwommen'),(17,1087,'gesprungen'),(17,1088,'gewesen'),(17,1089,'gestorben'),(17,1093,'gebastelt'),(17,1095,'gewippt'),(17,1096,'gedeutet'),(17,1102,'berrascht'),(17,1107,'spaziert'),(17,1111,'vertrieben'),(17,1112,'geflstert'),(17,1118,'eingerichtet'),(17,1125,'gekauft'),(17,1126,'aufgenommen'),(17,1127,'ausgesucht'),(17,1132,'berredet'),(17,1135,'abgestattet'),(17,1137,'gesaust'),(17,1140,'gerutscht'),(17,1144,'vereinbart'),(17,1145,'geklappt'),(17,1149,'gemurrt'),(17,1150,'benommen'),(17,1151,'bemht'),(17,1152,'abgelehnt'),(17,1153,'angehrt'),(17,1162,'zugenicket');
/*!40000 ALTER TABLE `word_attribute` ENABLE KEYS */;
UNLOCK TABLES;

--
-- Temporary view structure for view `words_x_attributes_v`
--

DROP TABLE IF EXISTS `words_x_attributes_v`;
/*!50001 DROP VIEW IF EXISTS `words_x_attributes_v`*/;
SET @saved_cs_client     = @@character_set_client;
SET character_set_client = utf8;
/*!50001 CREATE VIEW `words_x_attributes_v` AS SELECT 
 1 AS `pos_id`,
 1 AS `attribute_id`,
 1 AS `word_id`*/;
SET character_set_client = @saved_cs_client;

--
-- Current Database: `deutsch`
--

USE `deutsch`;

--
-- Final view structure for view `words_x_attributes_v`
--

/*!50001 DROP VIEW IF EXISTS `words_x_attributes_v`*/;
/*!50001 SET @saved_cs_client          = @@character_set_client */;
/*!50001 SET @saved_cs_results         = @@character_set_results */;
/*!50001 SET @saved_col_connection     = @@collation_connection */;
/*!50001 SET character_set_client      = utf8 */;
/*!50001 SET character_set_results     = utf8 */;
/*!50001 SET collation_connection      = utf8_general_ci */;
/*!50001 CREATE ALGORITHM=UNDEFINED */
/*!50013 DEFINER=`german`@`localhost` SQL SECURITY DEFINER */
/*!50001 VIEW `words_x_attributes_v` AS select `pf`.`pos_id` AS `pos_id`,`pf`.`attribute_id` AS `attribute_id`,`w`.`id` AS `word_id` from (`pos_form` `pf` join `word` `w` on((`pf`.`pos_id` = `w`.`pos_id`))) */;
/*!50001 SET character_set_client      = @saved_cs_client */;
/*!50001 SET character_set_results     = @saved_cs_results */;
/*!50001 SET collation_connection      = @saved_col_connection */;
/*!40103 SET TIME_ZONE=@OLD_TIME_ZONE */;

/*!40101 SET SQL_MODE=@OLD_SQL_MODE */;
/*!40014 SET FOREIGN_KEY_CHECKS=@OLD_FOREIGN_KEY_CHECKS */;
/*!40014 SET UNIQUE_CHECKS=@OLD_UNIQUE_CHECKS */;
/*!40101 SET CHARACTER_SET_CLIENT=@OLD_CHARACTER_SET_CLIENT */;
/*!40101 SET CHARACTER_SET_RESULTS=@OLD_CHARACTER_SET_RESULTS */;
/*!40101 SET COLLATION_CONNECTION=@OLD_COLLATION_CONNECTION */;
/*!40111 SET SQL_NOTES=@OLD_SQL_NOTES */;

-- Dump completed on 2015-09-24  3:00:01
